Designator,Parent,Quantity_per_board,Value,MPN,Manufacturer,Footprint,JLCPCB_part,Library,Assembly,Assembly_note
B1,B1,1,100nF,CC0805KRX7R9BB104,YAGEO,Capacitor_SMD:C_0805_2012Metric,C49678,Basic,SMT,
B2,B2,1,100nF,CC0805KRX7R9BB104,YAGEO,Capacitor_SMD:C_0805_2012Metric,C49678,Basic,SMT,
B3,B3,1,100nF,CC0805KRX7R9BB104,YAGEO,Capacitor_SMD:C_0805_2012Metric,C49678,Basic,SMT,
B4,B4,1,100nF,CC0805KRX7R9BB104,YAGEO,Capacitor_SMD:C_0805_2012Metric,C49678,Basic,SMT,
B5,B5,1,100nF,CC0805KRX7R9BB104,YAGEO,Capacitor_SMD:C_0805_2012Metric,C49678,Basic,SMT,
B6,B6,1,100nF,CC0805KRX7R9BB104,YAGEO,Capacitor_SMD:C_0805_2012Metric,C49678,Basic,SMT,
B9,B9,1,100nF,CC0805KRX7R9BB104,YAGEO,Capacitor_SMD:C_0805_2012Metric,C49678,Basic,SMT,
B10,B10,1,100nF,CC0805KRX7R9BB104,YAGEO,Capacitor_SMD:C_0805_2012Metric,C49678,Basic,SMT,
B11,B11,1,100nF,CC0805KRX7R9BB104,YAGEO,Capacitor_SMD:C_0805_2012Metric,C49678,Basic,SMT,
B12,B12,1,100nF,CC0805KRX7R9BB104,YAGEO,Capacitor_SMD:C_0805_2012Metric,C49678,Basic,SMT,
B13,B13,1,100nF,CC0805KRX7R9BB104,YAGEO,Capacitor_SMD:C_0805_2012Metric,C49678,Basic,SMT,
B15,B15,1,100nF,CC0805KRX7R9BB104,YAGEO,Capacitor_SMD:C_0805_2012Metric,C49678,Basic,SMT,
B16,B16,1,100nF,CC0805KRX7R9BB104,YAGEO,Capacitor_SMD:C_0805_2012Metric,C49678,Basic,SMT,
B18,B18,1,100nF,CC0805KRX7R9BB104,YAGEO,Capacitor_SMD:C_0805_2012Metric,C49678,Basic,SMT,
B19,B19,1,100nF,CC0805KRX7R9BB104,YAGEO,Capacitor_SMD:C_0805_2012Metric,C49678,Basic,SMT,
BR3,BR3,1,GBPC2506W,GBPC2506W,onsemi,wpc_cost:ONSEMI_GBPC2506W_18mm_formed,C906984,Extended,Through-hole/manual,"Form wire leads to 18 x 18 mm pattern; + to pad 1, - to pad 2, AC to 3/4; preserve 0.12 mm standoff. New body max 11.23 mm. M4x20 screw replaces M4x16."
C2,C2,1,330uF,25ZLH330MEFC8X11.5,Rubycon,Capacitor_THT:CP_Radial_D8.0mm_P3.50mm,C109394,Extended,Through-hole/manual,
C4,C4,1,330uF,25ZLH330MEFC8X11.5,Rubycon,Capacitor_THT:CP_Radial_D8.0mm_P3.50mm,C109394,Extended,Through-hole/manual,
C5,C5,1,4700uF 35V,EGPD350ELL472MM30H,NCC(Nippon Chemi-Con),Capacitor_THT:CP_Radial_D18.0mm_P7.50mm,C443892,Extended,Through-hole/manual,
C6,C6,1,4700uF 35V,EGPD350ELL472MM30H,NCC(Nippon Chemi-Con),Capacitor_THT:CP_Radial_D18.0mm_P7.50mm,C443892,Extended,Through-hole/manual,
C7,C7,1,4700uF 35V,EGPD350ELL472MM30H,NCC(Nippon Chemi-Con),Capacitor_THT:CP_Radial_D18.0mm_P7.50mm,C443892,Extended,Through-hole/manual,
C8,C8,1,1000uF 100V,NHA100V1000M18*40 LO,SamYoung Electronics,Capacitor_THT:CP_Radial_D18.0mm_P7.50mm,C3445915,Extended,Through-hole/manual,
C9,C9,1,330uF,25ZLH330MEFC8X11.5,Rubycon,Capacitor_THT:CP_Radial_D8.0mm_P3.50mm,C109394,Extended,Through-hole/manual,
C11,C11,1,4700uF 35V,EGPD350ELL472MM30H,NCC(Nippon Chemi-Con),Capacitor_THT:CP_Radial_D18.0mm_P7.50mm,C443892,Extended,Through-hole/manual,
C12,C12,1,330uF,25ZLH330MEFC8X11.5,Rubycon,Capacitor_THT:CP_Radial_D8.0mm_P3.50mm,C109394,Extended,Through-hole/manual,
C13,C13,1,100nF,CC0805KRX7R9BB104,YAGEO,Capacitor_SMD:C_0805_2012Metric,C49678,Basic,SMT,
C14,C14,1,100nF,CC0805KRX7R9BB104,YAGEO,Capacitor_SMD:C_0805_2012Metric,C49678,Basic,SMT,
C15,C15,1,100nF,CC0805KRX7R9BB104,YAGEO,Capacitor_SMD:C_0805_2012Metric,C49678,Basic,SMT,
C16,C16,1,100nF,CC0805KRX7R9BB104,YAGEO,Capacitor_SMD:C_0805_2012Metric,C49678,Basic,SMT,
C17,C17,1,100nF,CC0805KRX7R9BB104,YAGEO,Capacitor_SMD:C_0805_2012Metric,C49678,Basic,SMT,
C18,C18,1,100nF,CC0805KRX7R9BB104,YAGEO,Capacitor_SMD:C_0805_2012Metric,C49678,Basic,SMT,
C19,C19,1,100nF,CC0805KRX7R9BB104,YAGEO,Capacitor_SMD:C_0805_2012Metric,C49678,Basic,SMT,
C20,C20,1,100nF,CC0805KRX7R9BB104,YAGEO,Capacitor_SMD:C_0805_2012Metric,C49678,Basic,SMT,
C21,C21,1,10nF,CL21B103KBANNNC,Samsung Electro-Mechanics,Capacitor_SMD:C_0805_2012Metric,C1710,Basic,SMT,
C30,C30,1,4700uF 35V,EGPD350ELL472MM30H,NCC(Nippon Chemi-Con),Capacitor_THT:CP_Radial_D18.0mm_P7.50mm,C443892,Extended,Through-hole/manual,
C31,C31,1,100nF,CC0805KRX7R9BB104,YAGEO,Capacitor_SMD:C_0805_2012Metric,C49678,Basic,SMT,
C32,C32,1,1000uF 100V,NHA100V1000M18*40 LO,SamYoung Electronics,Capacitor_THT:CP_Radial_D18.0mm_P7.50mm,C3445915,Extended,Through-hole/manual,
C33,C33,1,10uF,CL32B106KBJNNNE,Samsung Electro-Mechanics,Capacitor_SMD:C_1210_3225Metric,C138687,Extended,SMT,
C34,C34,1,10uF,CL32B106KBJNNNE,Samsung Electro-Mechanics,Capacitor_SMD:C_1210_3225Metric,C138687,Extended,SMT,
C35,C35,1,100nF,CL05B104KB54PNC,Samsung Electro-Mechanics,Capacitor_SMD:C_0402_1005Metric,C307331,Basic,SMT,
C36,C36,1,100nF,CC0805KRX7R9BB104,YAGEO,Capacitor_SMD:C_0805_2012Metric,C49678,Basic,SMT,
C37,C37,1,680pF,CC0805JRNPO9BN681,YAGEO,Capacitor_SMD:C_0805_2012Metric,C107121,Extended,SMT,
C38,C38,1,10uF,CL32B106KBJNNNE,Samsung Electro-Mechanics,Capacitor_SMD:C_1210_3225Metric,C138687,Extended,SMT,
C39,C39,1,10uF,CL32B106KBJNNNE,Samsung Electro-Mechanics,Capacitor_SMD:C_1210_3225Metric,C138687,Extended,SMT,
C40,C40,1,10uF,CL32B106KBJNNNE,Samsung Electro-Mechanics,Capacitor_SMD:C_1210_3225Metric,C138687,Extended,SMT,
C41,C41,1,100nF,CL05B104KB54PNC,Samsung Electro-Mechanics,Capacitor_SMD:C_0402_1005Metric,C307331,Basic,SMT,
C42,C42,1,330nF,CL21B334KBFNNNE,Samsung Electro-Mechanics,Capacitor_SMD:C_0805_2012Metric,C73142,Extended,SMT,
C43,C43,1,1nF,CC0805JRNPO9BN102,YAGEO,Capacitor_SMD:C_0805_2012Metric,C62774,Extended,SMT,
C44,C44,1,10uF,CL32B106KBJNNNE,Samsung Electro-Mechanics,Capacitor_SMD:C_1210_3225Metric,C138687,Extended,SMT,
C45,C45,1,100nF,CL05B104KB54PNC,Samsung Electro-Mechanics,Capacitor_SMD:C_0402_1005Metric,C307331,Basic,SMT,
C46,C46,1,10uF,CL32B106KBJNNNE,Samsung Electro-Mechanics,Capacitor_SMD:C_1210_3225Metric,C138687,Extended,SMT,
C47,C47,1,100nF,CL05B104KB54PNC,Samsung Electro-Mechanics,Capacitor_SMD:C_0402_1005Metric,C307331,Basic,SMT,
C48,C48,1,100nF,CL05B104KB54PNC,Samsung Electro-Mechanics,Capacitor_SMD:C_0402_1005Metric,C307331,Basic,SMT,
C49,C49,1,10uF,CL32B106KBJNNNE,Samsung Electro-Mechanics,Capacitor_SMD:C_1210_3225Metric,C138687,Extended,SMT,
C50,C50,1,10uF,CL32B106KBJNNNE,Samsung Electro-Mechanics,Capacitor_SMD:C_1210_3225Metric,C138687,Extended,SMT,
C51,C51,1,10uF,CL32B106KBJNNNE,Samsung Electro-Mechanics,Capacitor_SMD:C_1210_3225Metric,C138687,Extended,SMT,
C52,C52,1,100nF,CL05B104KB54PNC,Samsung Electro-Mechanics,Capacitor_SMD:C_0402_1005Metric,C307331,Basic,SMT,
C53,C53,1,10uF,CL32B106KBJNNNE,Samsung Electro-Mechanics,Capacitor_SMD:C_1210_3225Metric,C138687,Extended,SMT,
C54,C54,1,100nF,CL05B104KB54PNC,Samsung Electro-Mechanics,Capacitor_SMD:C_0402_1005Metric,C307331,Basic,SMT,
C55,C55,1,100nF,CL05B104KB54PNC,Samsung Electro-Mechanics,Capacitor_SMD:C_0402_1005Metric,C307331,Basic,SMT,
C56,C56,1,10uF,CL32B106KBJNNNE,Samsung Electro-Mechanics,Capacitor_SMD:C_1210_3225Metric,C138687,Extended,SMT,
C57,C57,1,10uF,CL32B106KBJNNNE,Samsung Electro-Mechanics,Capacitor_SMD:C_1210_3225Metric,C138687,Extended,SMT,
C58,C58,1,10uF,CL32B106KBJNNNE,Samsung Electro-Mechanics,Capacitor_SMD:C_1210_3225Metric,C138687,Extended,SMT,
C59,C59,1,4700uF 35V,EGPD350ELL472MM30H,NCC(Nippon Chemi-Con),Capacitor_THT:CP_Radial_D18.0mm_P7.50mm,C443892,Extended,Through-hole/manual,
C60,C60,1,4700uF 35V,EGPD350ELL472MM30H,NCC(Nippon Chemi-Con),Capacitor_THT:CP_Radial_D18.0mm_P7.50mm,C443892,Extended,Through-hole/manual,
C61,C61,1,4700uF 35V,EGPD350ELL472MM30H,NCC(Nippon Chemi-Con),Capacitor_THT:CP_Radial_D18.0mm_P7.50mm,C443892,Extended,Through-hole/manual,
C62,C62,1,4700uF 35V,EGPD350ELL472MM30H,NCC(Nippon Chemi-Con),Capacitor_THT:CP_Radial_D18.0mm_P7.50mm,C443892,Extended,Through-hole/manual,
C63,C63,1,4700uF 35V,EGPD350ELL472MM30H,NCC(Nippon Chemi-Con),Capacitor_THT:CP_Radial_D18.0mm_P7.50mm,C443892,Extended,Through-hole/manual,
C64,C64,1,1000uF 100V,NHA100V1000M18*40 LO,SamYoung Electronics,Capacitor_THT:CP_Radial_D18.0mm_P7.50mm,C3445915,Extended,Through-hole/manual,
C65,C65,1,1000uF 100V,NHA100V1000M18*40 LO,SamYoung Electronics,Capacitor_THT:CP_Radial_D18.0mm_P7.50mm,C3445915,Extended,Through-hole/manual,
D1,D1,1,M7,M7,MDD(Microdiode Semiconductor),Diode_SMD:D_SMA,C95872,Basic,SMT,
D2,D2,1,M7,M7,MDD(Microdiode Semiconductor),Diode_SMD:D_SMA,C95872,Basic,SMT,
D3,D3,1,M7,M7,MDD(Microdiode Semiconductor),Diode_SMD:D_SMA,C95872,Basic,SMT,
D5,D5,1,S3M-13-F,S3M-13-F,Diodes Incorporated,Diode_SMD:D_SMC,C460944,Extended,SMT,
D6,D6,1,S3M-13-F,S3M-13-F,Diodes Incorporated,Diode_SMD:D_SMC,C460944,Extended,SMT,
D7,D7,1,S3M-13-F,S3M-13-F,Diodes Incorporated,Diode_SMD:D_SMC,C460944,Extended,SMT,
D8,D8,1,S3M-13-F,S3M-13-F,Diodes Incorporated,Diode_SMD:D_SMC,C460944,Extended,SMT,
D9,D9,1,M7,M7,MDD(Microdiode Semiconductor),Diode_SMD:D_SMA,C95872,Basic,SMT,
D10,D10,1,M7,M7,MDD(Microdiode Semiconductor),Diode_SMD:D_SMA,C95872,Basic,SMT,
D11,D11,1,M7,M7,MDD(Microdiode Semiconductor),Diode_SMD:D_SMA,C95872,Basic,SMT,
D12,D12,1,M7,M7,MDD(Microdiode Semiconductor),Diode_SMD:D_SMA,C95872,Basic,SMT,
D17,D17,1,S3M-13-F,S3M-13-F,Diodes Incorporated,Diode_SMD:D_SMC,C460944,Extended,SMT,
D18,D18,1,S3M-13-F,S3M-13-F,Diodes Incorporated,Diode_SMD:D_SMC,C460944,Extended,SMT,
D19,D19,1,S3M-13-F,S3M-13-F,Diodes Incorporated,Diode_SMD:D_SMC,C460944,Extended,SMT,
D20,D20,1,S3M-13-F,S3M-13-F,Diodes Incorporated,Diode_SMD:D_SMC,C460944,Extended,SMT,
D21,D21,1,S3M-13-F,S3M-13-F,Diodes Incorporated,Diode_SMD:D_SMC,C460944,Extended,SMT,
D22,D22,1,S3M-13-F,S3M-13-F,Diodes Incorporated,Diode_SMD:D_SMC,C460944,Extended,SMT,
D23,D23,1,S3M-13-F,S3M-13-F,Diodes Incorporated,Diode_SMD:D_SMC,C460944,Extended,SMT,
D24,D24,1,S3M-13-F,S3M-13-F,Diodes Incorporated,Diode_SMD:D_SMC,C460944,Extended,SMT,
D25,D25,1,S3M-13-F,S3M-13-F,Diodes Incorporated,Diode_SMD:D_SMC,C460944,Extended,SMT,
D26,D26,1,S3M-13-F,S3M-13-F,Diodes Incorporated,Diode_SMD:D_SMC,C460944,Extended,SMT,
D27,D27,1,S3M-13-F,S3M-13-F,Diodes Incorporated,Diode_SMD:D_SMC,C460944,Extended,SMT,
D28,D28,1,S3M-13-F,S3M-13-F,Diodes Incorporated,Diode_SMD:D_SMC,C460944,Extended,SMT,
D29,D29,1,S3M-13-F,S3M-13-F,Diodes Incorporated,Diode_SMD:D_SMC,C460944,Extended,SMT,
D30,D30,1,S3M-13-F,S3M-13-F,Diodes Incorporated,Diode_SMD:D_SMC,C460944,Extended,SMT,
D31,D31,1,S3M-13-F,S3M-13-F,Diodes Incorporated,Diode_SMD:D_SMC,C460944,Extended,SMT,
D32,D32,1,S3M-13-F,S3M-13-F,Diodes Incorporated,Diode_SMD:D_SMC,C460944,Extended,SMT,
D33,D33,1,1N4148W,1N4148W,ST(Semtech),Diode_SMD:D_SOD-123,C81598,Basic,SMT,
D34,D34,1,1N4148W,1N4148W,ST(Semtech),Diode_SMD:D_SOD-123,C81598,Basic,SMT,
D38,D38,1,M7,M7,MDD(Microdiode Semiconductor),Diode_SMD:D_SMA,C95872,Basic,SMT,
D101,D101,1,MBR40100A,MBR40100A,MOT,wpc_cost:TO220_Schottky_AKA_5772,C5143116,Extended,Through-hole/manual,
D102,D102,1,MBR40100A,MBR40100A,MOT,wpc_cost:TO220_Schottky_AKA_5772,C5143116,Extended,Through-hole/manual,
D103,D103,1,MBR40100A,MBR40100A,MOT,wpc_cost:TO220_Schottky_AKA_5772,C5143116,Extended,Through-hole/manual,
D104,D104,1,MBR40100A,MBR40100A,MOT,wpc_cost:TO220_Schottky_AKA_5772,C5143116,Extended,Through-hole/manual,
D105,D105,1,MBRB20H100CTT4G,MBRB20H100CTT4G,onsemi,wpc_cost:D2PAK_Schottky_AKA,C235758,Extended,SMT,
D106,D106,1,MBRB20H100CTT4G,MBRB20H100CTT4G,onsemi,wpc_cost:D2PAK_Schottky_AKA,C235758,Extended,SMT,
D107,D107,1,MBRB20H100CTT4G,MBRB20H100CTT4G,onsemi,wpc_cost:D2PAK_Schottky_AKA,C235758,Extended,SMT,
D108,D108,1,MBRB20H100CTT4G,MBRB20H100CTT4G,onsemi,wpc_cost:D2PAK_Schottky_AKA,C235758,Extended,SMT,
D109,D109,1,MBRB20H100CTT4G,MBRB20H100CTT4G,onsemi,wpc_cost:D2PAK_Schottky_AKA,C235758,Extended,SMT,
D110,D110,1,MBRB20H100CTT4G,MBRB20H100CTT4G,onsemi,wpc_cost:D2PAK_Schottky_AKA,C235758,Extended,SMT,
D111,D111,1,MBRB20H100CTT4G,MBRB20H100CTT4G,onsemi,wpc_cost:D2PAK_Schottky_AKA,C235758,Extended,SMT,
D112,D112,1,MBRB20H100CTT4G,MBRB20H100CTT4G,onsemi,wpc_cost:D2PAK_Schottky_AKA,C235758,Extended,SMT,
D113,D113,1,MBRB20H100CTT4G,MBRB20H100CTT4G,onsemi,wpc_cost:D2PAK_Schottky_AKA,C235758,Extended,SMT,
D114,D114,1,MBRB20H100CTT4G,MBRB20H100CTT4G,onsemi,wpc_cost:D2PAK_Schottky_AKA,C235758,Extended,SMT,
D115,D115,1,MBRB20H100CTT4G,MBRB20H100CTT4G,onsemi,wpc_cost:D2PAK_Schottky_AKA,C235758,Extended,SMT,
D116,D116,1,MBRB20H100CTT4G,MBRB20H100CTT4G,onsemi,wpc_cost:D2PAK_Schottky_AKA,C235758,Extended,SMT,
F101,F101,1,Empty fuse holder,FH1-200CK-G,HONGJU,wpc_cost:HONGJU_FH1_200CK_G,C268204,Extended,Through-hole/manual,
F102,F102,1,Empty fuse holder,FH1-200CK-G,HONGJU,wpc_cost:HONGJU_FH1_200CK_G,C268204,Extended,Through-hole/manual,
F103,F103,1,3A S.B.,0239003.MXP,Littelfuse,wpc_cost:HONGJU_FH1_200CK_G,C142824,Extended,Through-hole/manual,
F103_HOLDER,F103,1,5x20 holder with cover,FH1-200CK-G,HONGJU,wpc_cost:HONGJU_FH1_200CK_G,C268204,Extended,Through-hole/manual,Fit holder before inserting the separately listed cartridge.
F104,F104,1,3A S.B.,0239003.MXP,Littelfuse,wpc_cost:HONGJU_FH1_200CK_G,C142824,Extended,Through-hole/manual,
F104_HOLDER,F104,1,5x20 holder with cover,FH1-200CK-G,HONGJU,wpc_cost:HONGJU_FH1_200CK_G,C268204,Extended,Through-hole/manual,Fit holder before inserting the separately listed cartridge.
F105,F105,1,3A S.B.,0239003.MXP,Littelfuse,wpc_cost:HONGJU_FH1_200CK_G,C142824,Extended,Through-hole/manual,
F105_HOLDER,F105,1,5x20 holder with cover,FH1-200CK-G,HONGJU,wpc_cost:HONGJU_FH1_200CK_G,C268204,Extended,Through-hole/manual,Fit holder before inserting the separately listed cartridge.
F106,F106,1,5A T,5.250.1500A,Reomax,wpc_cost:HONGJU_FH1_200CK_G,C5381754,Extended,Through-hole/manual,
F106_HOLDER,F106,1,5x20 holder with cover,FH1-200CK-G,HONGJU,wpc_cost:HONGJU_FH1_200CK_G,C268204,Extended,Through-hole/manual,Fit holder before inserting the separately listed cartridge.
F107,F107,1,5A T,5.250.1500A,Reomax,wpc_cost:HONGJU_FH1_200CK_G,C5381754,Extended,Through-hole/manual,
F107_HOLDER,F107,1,5x20 holder with cover,FH1-200CK-G,HONGJU,wpc_cost:HONGJU_FH1_200CK_G,C268204,Extended,Through-hole/manual,Fit holder before inserting the separately listed cartridge.
F108,F108,1,5A T,5.250.1500A,Reomax,wpc_cost:HONGJU_FH1_200CK_G,C5381754,Extended,Through-hole/manual,
F108_HOLDER,F108,1,5x20 holder with cover,FH1-200CK-G,HONGJU,wpc_cost:HONGJU_FH1_200CK_G,C268204,Extended,Through-hole/manual,Fit holder before inserting the separately listed cartridge.
F109,F109,1,5A T,5.250.1500A,Reomax,wpc_cost:HONGJU_FH1_200CK_G,C5381754,Extended,Through-hole/manual,
F109_HOLDER,F109,1,5x20 holder with cover,FH1-200CK-G,HONGJU,wpc_cost:HONGJU_FH1_200CK_G,C268204,Extended,Through-hole/manual,Fit holder before inserting the separately listed cartridge.
F110,F110,1,5A T,5.250.1500A,Reomax,wpc_cost:HONGJU_FH1_200CK_G,C5381754,Extended,Through-hole/manual,
F110_HOLDER,F110,1,5x20 holder with cover,FH1-200CK-G,HONGJU,wpc_cost:HONGJU_FH1_200CK_G,C268204,Extended,Through-hole/manual,Fit holder before inserting the separately listed cartridge.
F111,F111,1,5A T,5.250.1500A,Reomax,wpc_cost:HONGJU_FH1_200CK_G,C5381754,Extended,Through-hole/manual,
F111_HOLDER,F111,1,5x20 holder with cover,FH1-200CK-G,HONGJU,wpc_cost:HONGJU_FH1_200CK_G,C268204,Extended,Through-hole/manual,Fit holder before inserting the separately listed cartridge.
F112,F112,1,7A T 125VAC,TA7,TLC Electronic,wpc_cost:TLC_TA_2410_Fuse,C3014110,Extended,SMT,TLC TA7 soldered 2410 time-lag 7 A fuse; replacement requires desoldering. No holder. Do not up-rate.
F113,F113,1,5A T,5.250.1500A,Reomax,wpc_cost:HONGJU_FH1_200CK_G,C5381754,Extended,Through-hole/manual,
F113_HOLDER,F113,1,5x20 holder with cover,FH1-200CK-G,HONGJU,wpc_cost:HONGJU_FH1_200CK_G,C268204,Extended,Through-hole/manual,Fit holder before inserting the separately listed cartridge.
F114,F114,1,8A,0217008.MXP,Littelfuse,wpc_cost:HONGJU_FH1_200CK_G,C2936126,Extended,Through-hole/manual,
F114_HOLDER,F114,1,5x20 holder with cover,FH1-200CK-G,HONGJU,wpc_cost:HONGJU_FH1_200CK_G,C268204,Extended,Through-hole/manual,Fit holder before inserting the separately listed cartridge.
F115,F115,1,0.75A T,5.250.0750A,Reomax,wpc_cost:HONGJU_FH1_200CK_G,C5381743,Extended,Through-hole/manual,
F115_HOLDER,F115,1,5x20 holder with cover,FH1-200CK-G,HONGJU,wpc_cost:HONGJU_FH1_200CK_G,C268204,Extended,Through-hole/manual,Fit holder before inserting the separately listed cartridge.
F116,F116,1,3A S.B.,0239003.MXP,Littelfuse,wpc_cost:HONGJU_FH1_200CK_G,C142824,Extended,Through-hole/manual,
F116_HOLDER,F116,1,5x20 holder with cover,FH1-200CK-G,HONGJU,wpc_cost:HONGJU_FH1_200CK_G,C268204,Extended,Through-hole/manual,Fit holder before inserting the separately listed cartridge.
J101,J101,1,J101 xformer 9VAC (Red) / 13VAC (Blu-Wht),640445-7,TE Connectivity,wpc_cost:TE_J101_Prepared,C305801,Extended,Through-hole/manual,
J102,J102,1,J102 xformer 16VAC (Wht-Red) / solenoid ~51VAC (Blk-Yel),640445-9,TE Connectivity,wpc_cost:TE_J102_Prepared,C305802,Extended,Through-hole/manual,
J103,J103,1,"J103 ground to 8-driver board (all four pins grounded as on A-12697 sheet 1, no key)",26604040,MOLEX,Connector_Molex:Molex_KK-396_A-41791-0004_1x04_P3.96mm_Vertical,C240824,Extended,Through-hole/manual,
J104,J104,1,"J104 fused 51VAC (F112, pins 1/2) to Fliptronic II J901 and fused 16VAC (F111, pins 4/5), as A-12697 sheet 1",26604050,MOLEX,Connector_Molex:Molex_KK-396_A-41791-0005_1x05_P3.96mm_Vertical,C505166,Extended,Through-hole/manual,
J105,J105,1,"J105 fused 51VAC (F112, pins 1/2) and fused 16VAC (F111, pins 4/5) to the playfield - parallel to J104 as on A-12697 sheet 1 (N/C on STTNG)",26604050,MOLEX,Connector_Molex:Molex_KK-396_A-41791-0005_1x05_P3.96mm_Vertical,C505166,Extended,Through-hole/manual,
J106,J106,1,"J106 +20V to backbox flashlamps (pins 1-4 open, key 4)",26604050,MOLEX,Connector_Molex:Molex_KK-396_A-41791-0005_1x05_P3.96mm_Vertical,C505166,Extended,Through-hole/manual,
J107,J107,1,"J107 +50V (F103/F104/F105) and +20V (pins 5,6) to playfield",640445-6,TE Connectivity,wpc_cost:TE_J107_Prepared,C86500,Extended,Through-hole/manual,
J108,J108,1,J108 +50V (F103/F104/F105) to cabinet (N/C on STTNG),26604030,MOLEX,Connector_Molex:Molex_KK-396_A-41791-0003_1x03_P3.96mm_Vertical,C240823,Extended,Through-hole/manual,
J109,J109,1,J109 spare (N/C),640445-7,TE Connectivity,wpc_cost:TE_J109_Prepared,C305801,Extended,Through-hole/manual,
J110,J110,1,J110 spare (N/C),640445-9,TE Connectivity,wpc_cost:TE_J110_Prepared,C305802,Extended,Through-hole/manual,
J111,J111,1,"J111 G.I. latch spare bits T5-T7 (GPIO as on the original board, e.g. shot-clock drive; N/C on STTNG)",22232051,MOLEX,Connector_Molex:Molex_KK-254_AE-6410-05A_1x05_P2.54mm_Vertical,C588986,Extended,Through-hole/manual,
J112,J112,1,J112 xformer 9.8VAC (Wht-Grn),26604050,MOLEX,Connector_Molex:Molex_KK-396_A-41791-0005_1x05_P3.96mm_Vertical,C505166,Extended,Through-hole/manual,
J113,J113,1,34-pin ribbon to CPU J211,EH254V-12-34P,XFCN,wpc_cost:XFCN_EH254V_12_34P,C5200275,Extended,Through-hole/manual,
J114,J114,1,"J114 +12V/+5V/GND to CPU J210, Fliptronic J904, 8-driver",640445-7,TE Connectivity,wpc_cost:TE_J114_Prepared,C305801,Extended,Through-hole/manual,
J115,J115,2,"J115 G.I. 6.3VAC from transformer: 2-6 string hot ends (one fuse each), 7/8/10/11/12 winding return ends (triac MT1), 1 = GND REF",640445-6,TE Connectivity,wpc_cost:TE_J115_Prepared,C86500,Extended,Through-hole/manual,Two 640445-6 headers: J115A pins 1-6; J115B pins 7-12. Align friction walls; dress seam if necessary. Preserve pin-1/key mapping.
J116,J116,1,J116 +12V power (unregulated) / GND / +5V to coin door,26604040,MOLEX,Connector_Molex:Molex_KK-396_A-41791-0004_1x04_P3.96mm_Vertical,C240824,Extended,Through-hole/manual,
J117,J117,1,J117 +12V power (unregulated) / GND / +5V to DMD controller,26604040,MOLEX,Connector_Molex:Molex_KK-396_A-41791-0004_1x04_P3.96mm_Vertical,C240824,Extended,Through-hole/manual,
J118,J118,1,"J118 +12V power (unregulated) / GND / +5V to playfield boards (optos, gun motors)",26604040,MOLEX,Connector_Molex:Molex_KK-396_A-41791-0004_1x04_P3.96mm_Vertical,C240824,Extended,Through-hole/manual,
J119,J119,1,J119 G.I. coin door (string 5),26604030,MOLEX,Connector_Molex:Molex_KK-396_A-41791-0003_1x03_P3.96mm_Vertical,C240823,Extended,Through-hole/manual,
J120,J120,1,"J120 G.I. strings 1-5 (backbox harness uses strings 2,3)",1-640445-3,TE Connectivity,wpc_cost:TE_J120_Prepared,C592598,Extended,Through-hole/manual,Trim 13-position 1-640445-3 to 11: remove pins/body 12-13 at far end. Preserve pin 1 and friction wall; deburr.
J121,J121,1,"J121 G.I. strings 1-5 (playfield harness uses strings 1,4,5)",1-640445-3,TE Connectivity,wpc_cost:TE_J121_Prepared,C592598,Extended,Through-hole/manual,Trim 13-position 1-640445-3 to 11: remove pins/body 12-13 at far end. Preserve pin 1 and friction wall; deburr.
J122,J122,1,J122 Sol 25-28 drive + tie-back (playfield),640445-9,TE Connectivity,wpc_cost:TE_J122_Prepared,C305802,Extended,Through-hole/manual,
J123,J123,1,"J123 Sol 25-28 drive (backbox, parallel to J122/J124; N/C on STTNG)",26604050,MOLEX,Connector_Molex:Molex_KK-396_A-41791-0005_1x05_P3.96mm_Vertical,C505166,Extended,Through-hole/manual,
J124,J124,1,J124 Sol 25-28 drive (backbox),26604050,MOLEX,Connector_Molex:Molex_KK-396_A-41791-0005_1x05_P3.96mm_Vertical,C505166,Extended,Through-hole/manual,
J125,J125,1,J125 Sol 17-24 drive (backbox flashers),640445-9,TE Connectivity,wpc_cost:TE_J125_Prepared,C305802,Extended,Through-hole/manual,
J126,J126,1,J126 Sol 17-24 drive (playfield flashers) + tie-back cathodes of sol 21-24 on pins 10-13 (A-12697 D9-D12; N/C on STTNG),1-640445-3,TE Connectivity,wpc_cost:TE_J126_Prepared,C592598,Extended,Through-hole/manual,
J127,J127,1,J127 Sol 9-16 drive (playfield),640445-9,TE Connectivity,wpc_cost:TE_J127_Prepared,C305802,Extended,Through-hole/manual,
J128,J128,1,"J128 Sol 13-16 drive (cabinet, parallel to J127; N/C on STTNG)",26604050,MOLEX,Connector_Molex:Molex_KK-396_A-41791-0005_1x05_P3.96mm_Vertical,C505166,Extended,Through-hole/manual,
J129,J129,1,"J129 Sol 9-12 drive (backbox, parallel to J127; N/C on STTNG)",26604050,MOLEX,Connector_Molex:Molex_KK-396_A-41791-0005_1x05_P3.96mm_Vertical,C505166,Extended,Through-hole/manual,
J130,J130,1,J130 Sol 1-8 drive (playfield),640445-9,TE Connectivity,wpc_cost:TE_J130_Prepared,C305802,Extended,Through-hole/manual,
J131,J131,1,"J131 Sol 5-8 drive (cabinet, parallel to J130; N/C on STTNG)",26604050,MOLEX,Connector_Molex:Molex_KK-396_A-41791-0005_1x05_P3.96mm_Vertical,C505166,Extended,Through-hole/manual,
J132,J132,1,"J132 Sol 1-4 drive (backbox, parallel to J130; N/C on STTNG)",26604050,MOLEX,Connector_Molex:Molex_KK-396_A-41791-0005_1x05_P3.96mm_Vertical,C505166,Extended,Through-hole/manual,
J133,J133,1,J133 lamp rows (cabinet),1-640456-0,TE Connectivity,wpc_cost:TE_J133_Prepared,C94118,Extended,Through-hole/manual,"Trim 10-position 1-640456-0 to 9: remove final position 10. Preserve pin 1, key and friction wall; deburr."
J134,J134,1,J134 lamp rows (spare),1-640456-0,TE Connectivity,wpc_cost:TE_J134_Prepared,C94118,Extended,Through-hole/manual,"Trim 10-position 1-640456-0 to 9: remove final position 10. Preserve pin 1, key and friction wall; deburr."
J135,J135,1,J135 lamp rows (playfield),1-640456-0,TE Connectivity,wpc_cost:TE_J135_Prepared,C94118,Extended,Through-hole/manual,"Trim 10-position 1-640456-0 to 9: remove final position 10. Preserve pin 1, key and friction wall; deburr."
J136,J136,1,J136 lamp column 8 (cabinet),26604030,MOLEX,Connector_Molex:Molex_KK-396_A-41791-0003_1x03_P3.96mm_Vertical,C240823,Extended,Through-hole/manual,
J137,J137,1,J137 lamp columns (playfield),640445-9,TE Connectivity,wpc_cost:TE_J137_Prepared,C305802,Extended,Through-hole/manual,
J138,J138,1,J138 lamp columns (backbox),640445-9,TE Connectivity,wpc_cost:TE_J138_Prepared,C305802,Extended,Through-hole/manual,
L1,L1,1,10uH,SRP1265A-100M,BOURNS,Inductor_SMD:L_Bourns_SRP1245A,C840531,Extended,SMT,
L2,L2,1,10uH,SRP1265A-100M,BOURNS,Inductor_SMD:L_Bourns_SRP1245A,C840531,Extended,SMT,
LED1,LED1,1,LED red,NCD0805R1,Foshan NationStar Optoelectronics,LED_SMD:LED_0805_2012Metric,C84256,Basic,SMT,
LED2,LED2,1,LED red,NCD0805R1,Foshan NationStar Optoelectronics,LED_SMD:LED_0805_2012Metric,C84256,Basic,SMT,
LED3,LED3,1,LED red (ZC),NCD0805R1,Foshan NationStar Optoelectronics,LED_SMD:LED_0805_2012Metric,C84256,Basic,SMT,
LED4,LED4,1,LED red,NCD0805R1,Foshan NationStar Optoelectronics,LED_SMD:LED_0805_2012Metric,C84256,Basic,SMT,
LED5,LED5,1,LED red,NCD0805R1,Foshan NationStar Optoelectronics,LED_SMD:LED_0805_2012Metric,C84256,Basic,SMT,
LED6,LED6,1,LED red,NCD0805R1,Foshan NationStar Optoelectronics,LED_SMD:LED_0805_2012Metric,C84256,Basic,SMT,
LED7,LED7,1,LED red,NCD0805R1,Foshan NationStar Optoelectronics,LED_SMD:LED_0805_2012Metric,C84256,Basic,SMT,
Q9,Q9,1,MMBT2222A,MMBT2222A 1P,"Jiangsu Changjing Electronics Technology Co., Ltd.",Package_TO_SOT_SMD:SOT-23,C8512,Basic,SMT,
Q10,Q10,1,BTA08-600CRG,BTA08-600CRG,STMicroelectronics,Package_TO_SOT_THT:TO-220-3_Vertical,C9102,Extended,Through-hole/manual,
Q11,Q11,1,MMBT2222A,MMBT2222A 1P,"Jiangsu Changjing Electronics Technology Co., Ltd.",Package_TO_SOT_SMD:SOT-23,C8512,Basic,SMT,
Q12,Q12,1,BTA08-600CRG,BTA08-600CRG,STMicroelectronics,Package_TO_SOT_THT:TO-220-3_Vertical,C9102,Extended,Through-hole/manual,
Q13,Q13,1,MMBT2222A,MMBT2222A 1P,"Jiangsu Changjing Electronics Technology Co., Ltd.",Package_TO_SOT_SMD:SOT-23,C8512,Basic,SMT,
Q14,Q14,1,BTA08-600CRG,BTA08-600CRG,STMicroelectronics,Package_TO_SOT_THT:TO-220-3_Vertical,C9102,Extended,Through-hole/manual,
Q15,Q15,1,MMBT2222A,MMBT2222A 1P,"Jiangsu Changjing Electronics Technology Co., Ltd.",Package_TO_SOT_SMD:SOT-23,C8512,Basic,SMT,
Q16,Q16,1,BTA08-600CRG,BTA08-600CRG,STMicroelectronics,Package_TO_SOT_THT:TO-220-3_Vertical,C9102,Extended,Through-hole/manual,
Q17,Q17,1,MMBT2222A,MMBT2222A 1P,"Jiangsu Changjing Electronics Technology Co., Ltd.",Package_TO_SOT_SMD:SOT-23,C8512,Basic,SMT,
Q18,Q18,1,BTA08-600CRG,BTA08-600CRG,STMicroelectronics,Package_TO_SOT_THT:TO-220-3_Vertical,C9102,Extended,Through-hole/manual,
Q20,Q20,1,AOD66923,AOD66923,Alpha & Omega Semicon,Package_TO_SOT_SMD:TO-252-2,C485687,Extended,SMT,
Q22,Q22,1,AOD66923,AOD66923,Alpha & Omega Semicon,Package_TO_SOT_SMD:TO-252-2,C485687,Extended,SMT,
Q24,Q24,1,AOD66923,AOD66923,Alpha & Omega Semicon,Package_TO_SOT_SMD:TO-252-2,C485687,Extended,SMT,
Q26,Q26,1,AOD66923,AOD66923,Alpha & Omega Semicon,Package_TO_SOT_SMD:TO-252-2,C485687,Extended,SMT,
Q28,Q28,1,AOD66923,AOD66923,Alpha & Omega Semicon,Package_TO_SOT_SMD:TO-252-2,C485687,Extended,SMT,
Q30,Q30,1,AOD66923,AOD66923,Alpha & Omega Semicon,Package_TO_SOT_SMD:TO-252-2,C485687,Extended,SMT,
Q32,Q32,1,AOD66923,AOD66923,Alpha & Omega Semicon,Package_TO_SOT_SMD:TO-252-2,C485687,Extended,SMT,
Q34,Q34,1,AOD66923,AOD66923,Alpha & Omega Semicon,Package_TO_SOT_SMD:TO-252-2,C485687,Extended,SMT,
Q36,Q36,1,AOD66923,AOD66923,Alpha & Omega Semicon,Package_TO_SOT_SMD:TO-252-2,C485687,Extended,SMT,
Q38,Q38,1,AOD66923,AOD66923,Alpha & Omega Semicon,Package_TO_SOT_SMD:TO-252-2,C485687,Extended,SMT,
Q40,Q40,1,AOD66923,AOD66923,Alpha & Omega Semicon,Package_TO_SOT_SMD:TO-252-2,C485687,Extended,SMT,
Q42,Q42,1,AOD66923,AOD66923,Alpha & Omega Semicon,Package_TO_SOT_SMD:TO-252-2,C485687,Extended,SMT,
Q44,Q44,1,AOD66923,AOD66923,Alpha & Omega Semicon,Package_TO_SOT_SMD:TO-252-2,C485687,Extended,SMT,
Q46,Q46,1,AOD66923,AOD66923,Alpha & Omega Semicon,Package_TO_SOT_SMD:TO-252-2,C485687,Extended,SMT,
Q48,Q48,1,AOD66923,AOD66923,Alpha & Omega Semicon,Package_TO_SOT_SMD:TO-252-2,C485687,Extended,SMT,
Q50,Q50,1,AOD66923,AOD66923,Alpha & Omega Semicon,Package_TO_SOT_SMD:TO-252-2,C485687,Extended,SMT,
Q52,Q52,1,AOD66923,AOD66923,Alpha & Omega Semicon,Package_TO_SOT_SMD:TO-252-2,C485687,Extended,SMT,
Q54,Q54,1,AOD66923,AOD66923,Alpha & Omega Semicon,Package_TO_SOT_SMD:TO-252-2,C485687,Extended,SMT,
Q56,Q56,1,AOD66923,AOD66923,Alpha & Omega Semicon,Package_TO_SOT_SMD:TO-252-2,C485687,Extended,SMT,
Q58,Q58,1,AOD66923,AOD66923,Alpha & Omega Semicon,Package_TO_SOT_SMD:TO-252-2,C485687,Extended,SMT,
Q64,Q64,1,AOD66923,AOD66923,Alpha & Omega Semicon,Package_TO_SOT_SMD:TO-252-2,C485687,Extended,SMT,
Q66,Q66,1,AOD66923,AOD66923,Alpha & Omega Semicon,Package_TO_SOT_SMD:TO-252-2,C485687,Extended,SMT,
Q68,Q68,1,AOD66923,AOD66923,Alpha & Omega Semicon,Package_TO_SOT_SMD:TO-252-2,C485687,Extended,SMT,
Q70,Q70,1,AOD66923,AOD66923,Alpha & Omega Semicon,Package_TO_SOT_SMD:TO-252-2,C485687,Extended,SMT,
Q76,Q76,1,AOD66923,AOD66923,Alpha & Omega Semicon,Package_TO_SOT_SMD:TO-252-2,C485687,Extended,SMT,
Q78,Q78,1,AOD66923,AOD66923,Alpha & Omega Semicon,Package_TO_SOT_SMD:TO-252-2,C485687,Extended,SMT,
Q80,Q80,1,AOD66923,AOD66923,Alpha & Omega Semicon,Package_TO_SOT_SMD:TO-252-2,C485687,Extended,SMT,
Q82,Q82,1,AOD66923,AOD66923,Alpha & Omega Semicon,Package_TO_SOT_SMD:TO-252-2,C485687,Extended,SMT,
Q83,Q83,1,IRLR024NTRPBF,IRLR024NTRPBF,Infineon Technologies,Package_TO_SOT_SMD:TO-252-2,C3007,Extended,SMT,
Q84,Q84,1,IRLR024NTRPBF,IRLR024NTRPBF,Infineon Technologies,Package_TO_SOT_SMD:TO-252-2,C3007,Extended,SMT,
Q85,Q85,1,IRLR024NTRPBF,IRLR024NTRPBF,Infineon Technologies,Package_TO_SOT_SMD:TO-252-2,C3007,Extended,SMT,
Q86,Q86,1,IRLR024NTRPBF,IRLR024NTRPBF,Infineon Technologies,Package_TO_SOT_SMD:TO-252-2,C3007,Extended,SMT,
Q87,Q87,1,IRLR024NTRPBF,IRLR024NTRPBF,Infineon Technologies,Package_TO_SOT_SMD:TO-252-2,C3007,Extended,SMT,
Q88,Q88,1,IRLR024NTRPBF,IRLR024NTRPBF,Infineon Technologies,Package_TO_SOT_SMD:TO-252-2,C3007,Extended,SMT,
Q89,Q89,1,IRLR024NTRPBF,IRLR024NTRPBF,Infineon Technologies,Package_TO_SOT_SMD:TO-252-2,C3007,Extended,SMT,
Q90,Q90,1,IRLR024NTRPBF,IRLR024NTRPBF,Infineon Technologies,Package_TO_SOT_SMD:TO-252-2,C3007,Extended,SMT,
Q91,Q91,1,IRFR5305TRPBF,IRFR5305TRPBF,Infineon Technologies,Package_TO_SOT_SMD:TO-252-2,C2624,Extended,SMT,
Q92,Q92,1,IRFR5305TRPBF,IRFR5305TRPBF,Infineon Technologies,Package_TO_SOT_SMD:TO-252-2,C2624,Extended,SMT,
Q93,Q93,1,IRFR5305TRPBF,IRFR5305TRPBF,Infineon Technologies,Package_TO_SOT_SMD:TO-252-2,C2624,Extended,SMT,
Q94,Q94,1,IRFR5305TRPBF,IRFR5305TRPBF,Infineon Technologies,Package_TO_SOT_SMD:TO-252-2,C2624,Extended,SMT,
Q95,Q95,1,IRFR5305TRPBF,IRFR5305TRPBF,Infineon Technologies,Package_TO_SOT_SMD:TO-252-2,C2624,Extended,SMT,
Q96,Q96,1,IRFR5305TRPBF,IRFR5305TRPBF,Infineon Technologies,Package_TO_SOT_SMD:TO-252-2,C2624,Extended,SMT,
Q97,Q97,1,IRFR5305TRPBF,IRFR5305TRPBF,Infineon Technologies,Package_TO_SOT_SMD:TO-252-2,C2624,Extended,SMT,
Q98,Q98,1,IRFR5305TRPBF,IRFR5305TRPBF,Infineon Technologies,Package_TO_SOT_SMD:TO-252-2,C2624,Extended,SMT,
R3,R3,1,10K,0805W8F1002T5E,UNI-ROYAL(Uniroyal Elec),Resistor_SMD:R_0805_2012Metric,C17414,Basic,SMT,
R4,R4,1,10K,0805W8F1002T5E,UNI-ROYAL(Uniroyal Elec),Resistor_SMD:R_0805_2012Metric,C17414,Basic,SMT,
R6,R6,1,10K,0805W8F1002T5E,UNI-ROYAL(Uniroyal Elec),Resistor_SMD:R_0805_2012Metric,C17414,Basic,SMT,
R7,R7,1,27,RC2512JK-0727RL,YAGEO,Resistor_SMD:R_2512_6332Metric,C1882619,Extended,SMT,
R8,R8,1,470,0805W8F4700T5E,UNI-ROYAL(Uniroyal Elec),Resistor_SMD:R_0805_2012Metric,C17710,Basic,SMT,
R9,R9,1,10K,0805W8F1002T5E,UNI-ROYAL(Uniroyal Elec),Resistor_SMD:R_0805_2012Metric,C17414,Basic,SMT,
R10,R10,1,27,RC2512JK-0727RL,YAGEO,Resistor_SMD:R_2512_6332Metric,C1882619,Extended,SMT,
R11,R11,1,470,0805W8F4700T5E,UNI-ROYAL(Uniroyal Elec),Resistor_SMD:R_0805_2012Metric,C17710,Basic,SMT,
R12,R12,1,10K,0805W8F1002T5E,UNI-ROYAL(Uniroyal Elec),Resistor_SMD:R_0805_2012Metric,C17414,Basic,SMT,
R13,R13,1,27,RC2512JK-0727RL,YAGEO,Resistor_SMD:R_2512_6332Metric,C1882619,Extended,SMT,
R14,R14,1,470,0805W8F4700T5E,UNI-ROYAL(Uniroyal Elec),Resistor_SMD:R_0805_2012Metric,C17710,Basic,SMT,
R15,R15,1,10K,0805W8F1002T5E,UNI-ROYAL(Uniroyal Elec),Resistor_SMD:R_0805_2012Metric,C17414,Basic,SMT,
R16,R16,1,27,RC2512JK-0727RL,YAGEO,Resistor_SMD:R_2512_6332Metric,C1882619,Extended,SMT,
R17,R17,1,470,0805W8F4700T5E,UNI-ROYAL(Uniroyal Elec),Resistor_SMD:R_0805_2012Metric,C17710,Basic,SMT,
R18,R18,1,10K,0805W8F1002T5E,UNI-ROYAL(Uniroyal Elec),Resistor_SMD:R_0805_2012Metric,C17414,Basic,SMT,
R19,R19,1,27,RC2512JK-0727RL,YAGEO,Resistor_SMD:R_2512_6332Metric,C1882619,Extended,SMT,
R20,R20,1,470,0805W8F4700T5E,UNI-ROYAL(Uniroyal Elec),Resistor_SMD:R_0805_2012Metric,C17710,Basic,SMT,
R21,R21,1,10K,0805W8F1002T5E,UNI-ROYAL(Uniroyal Elec),Resistor_SMD:R_0805_2012Metric,C17414,Basic,SMT,
R22,R22,1,100,0805W8F1000T5E,UNI-ROYAL(Uniroyal Elec),Resistor_SMD:R_0805_2012Metric,C17408,Basic,SMT,
R23,R23,1,10K,0805W8F1002T5E,UNI-ROYAL(Uniroyal Elec),Resistor_SMD:R_0805_2012Metric,C17414,Basic,SMT,
R26,R26,1,100,0805W8F1000T5E,UNI-ROYAL(Uniroyal Elec),Resistor_SMD:R_0805_2012Metric,C17408,Basic,SMT,
R27,R27,1,10K,0805W8F1002T5E,UNI-ROYAL(Uniroyal Elec),Resistor_SMD:R_0805_2012Metric,C17414,Basic,SMT,
R30,R30,1,100,0805W8F1000T5E,UNI-ROYAL(Uniroyal Elec),Resistor_SMD:R_0805_2012Metric,C17408,Basic,SMT,
R31,R31,1,10K,0805W8F1002T5E,UNI-ROYAL(Uniroyal Elec),Resistor_SMD:R_0805_2012Metric,C17414,Basic,SMT,
R34,R34,1,100,0805W8F1000T5E,UNI-ROYAL(Uniroyal Elec),Resistor_SMD:R_0805_2012Metric,C17408,Basic,SMT,
R35,R35,1,10K,0805W8F1002T5E,UNI-ROYAL(Uniroyal Elec),Resistor_SMD:R_0805_2012Metric,C17414,Basic,SMT,
R38,R38,1,100,0805W8F1000T5E,UNI-ROYAL(Uniroyal Elec),Resistor_SMD:R_0805_2012Metric,C17408,Basic,SMT,
R39,R39,1,10K,0805W8F1002T5E,UNI-ROYAL(Uniroyal Elec),Resistor_SMD:R_0805_2012Metric,C17414,Basic,SMT,
R42,R42,1,100,0805W8F1000T5E,UNI-ROYAL(Uniroyal Elec),Resistor_SMD:R_0805_2012Metric,C17408,Basic,SMT,
R43,R43,1,10K,0805W8F1002T5E,UNI-ROYAL(Uniroyal Elec),Resistor_SMD:R_0805_2012Metric,C17414,Basic,SMT,
R46,R46,1,100,0805W8F1000T5E,UNI-ROYAL(Uniroyal Elec),Resistor_SMD:R_0805_2012Metric,C17408,Basic,SMT,
R47,R47,1,10K,0805W8F1002T5E,UNI-ROYAL(Uniroyal Elec),Resistor_SMD:R_0805_2012Metric,C17414,Basic,SMT,
R50,R50,1,100,0805W8F1000T5E,UNI-ROYAL(Uniroyal Elec),Resistor_SMD:R_0805_2012Metric,C17408,Basic,SMT,
R51,R51,1,10K,0805W8F1002T5E,UNI-ROYAL(Uniroyal Elec),Resistor_SMD:R_0805_2012Metric,C17414,Basic,SMT,
R54,R54,1,100,0805W8F1000T5E,UNI-ROYAL(Uniroyal Elec),Resistor_SMD:R_0805_2012Metric,C17408,Basic,SMT,
R55,R55,1,10K,0805W8F1002T5E,UNI-ROYAL(Uniroyal Elec),Resistor_SMD:R_0805_2012Metric,C17414,Basic,SMT,
R58,R58,1,100,0805W8F1000T5E,UNI-ROYAL(Uniroyal Elec),Resistor_SMD:R_0805_2012Metric,C17408,Basic,SMT,
R59,R59,1,10K,0805W8F1002T5E,UNI-ROYAL(Uniroyal Elec),Resistor_SMD:R_0805_2012Metric,C17414,Basic,SMT,
R62,R62,1,100,0805W8F1000T5E,UNI-ROYAL(Uniroyal Elec),Resistor_SMD:R_0805_2012Metric,C17408,Basic,SMT,
R63,R63,1,10K,0805W8F1002T5E,UNI-ROYAL(Uniroyal Elec),Resistor_SMD:R_0805_2012Metric,C17414,Basic,SMT,
R66,R66,1,100,0805W8F1000T5E,UNI-ROYAL(Uniroyal Elec),Resistor_SMD:R_0805_2012Metric,C17408,Basic,SMT,
R67,R67,1,10K,0805W8F1002T5E,UNI-ROYAL(Uniroyal Elec),Resistor_SMD:R_0805_2012Metric,C17414,Basic,SMT,
R70,R70,1,100,0805W8F1000T5E,UNI-ROYAL(Uniroyal Elec),Resistor_SMD:R_0805_2012Metric,C17408,Basic,SMT,
R71,R71,1,10K,0805W8F1002T5E,UNI-ROYAL(Uniroyal Elec),Resistor_SMD:R_0805_2012Metric,C17414,Basic,SMT,
R74,R74,1,100,0805W8F1000T5E,UNI-ROYAL(Uniroyal Elec),Resistor_SMD:R_0805_2012Metric,C17408,Basic,SMT,
R75,R75,1,10K,0805W8F1002T5E,UNI-ROYAL(Uniroyal Elec),Resistor_SMD:R_0805_2012Metric,C17414,Basic,SMT,
R78,R78,1,100,0805W8F1000T5E,UNI-ROYAL(Uniroyal Elec),Resistor_SMD:R_0805_2012Metric,C17408,Basic,SMT,
R79,R79,1,10K,0805W8F1002T5E,UNI-ROYAL(Uniroyal Elec),Resistor_SMD:R_0805_2012Metric,C17414,Basic,SMT,
R82,R82,1,100,0805W8F1000T5E,UNI-ROYAL(Uniroyal Elec),Resistor_SMD:R_0805_2012Metric,C17408,Basic,SMT,
R83,R83,1,10K,0805W8F1002T5E,UNI-ROYAL(Uniroyal Elec),Resistor_SMD:R_0805_2012Metric,C17414,Basic,SMT,
R86,R86,1,100,0805W8F1000T5E,UNI-ROYAL(Uniroyal Elec),Resistor_SMD:R_0805_2012Metric,C17408,Basic,SMT,
R87,R87,1,10K,0805W8F1002T5E,UNI-ROYAL(Uniroyal Elec),Resistor_SMD:R_0805_2012Metric,C17414,Basic,SMT,
R90,R90,1,100,0805W8F1000T5E,UNI-ROYAL(Uniroyal Elec),Resistor_SMD:R_0805_2012Metric,C17408,Basic,SMT,
R91,R91,1,10K,0805W8F1002T5E,UNI-ROYAL(Uniroyal Elec),Resistor_SMD:R_0805_2012Metric,C17414,Basic,SMT,
R94,R94,1,100,0805W8F1000T5E,UNI-ROYAL(Uniroyal Elec),Resistor_SMD:R_0805_2012Metric,C17408,Basic,SMT,
R95,R95,1,10K,0805W8F1002T5E,UNI-ROYAL(Uniroyal Elec),Resistor_SMD:R_0805_2012Metric,C17414,Basic,SMT,
R98,R98,1,100,0805W8F1000T5E,UNI-ROYAL(Uniroyal Elec),Resistor_SMD:R_0805_2012Metric,C17408,Basic,SMT,
R99,R99,1,10K,0805W8F1002T5E,UNI-ROYAL(Uniroyal Elec),Resistor_SMD:R_0805_2012Metric,C17414,Basic,SMT,
R126,R126,1,10K,0805W8F1002T5E,UNI-ROYAL(Uniroyal Elec),Resistor_SMD:R_0805_2012Metric,C17414,Basic,SMT,
R127,R127,1,100,0805W8F1000T5E,UNI-ROYAL(Uniroyal Elec),Resistor_SMD:R_0805_2012Metric,C17408,Basic,SMT,
R128,R128,1,10K,0805W8F1002T5E,UNI-ROYAL(Uniroyal Elec),Resistor_SMD:R_0805_2012Metric,C17414,Basic,SMT,
R129,R129,1,100,0805W8F1000T5E,UNI-ROYAL(Uniroyal Elec),Resistor_SMD:R_0805_2012Metric,C17408,Basic,SMT,
R130,R130,1,10K,0805W8F1002T5E,UNI-ROYAL(Uniroyal Elec),Resistor_SMD:R_0805_2012Metric,C17414,Basic,SMT,
R131,R131,1,100,0805W8F1000T5E,UNI-ROYAL(Uniroyal Elec),Resistor_SMD:R_0805_2012Metric,C17408,Basic,SMT,
R132,R132,1,10K,0805W8F1002T5E,UNI-ROYAL(Uniroyal Elec),Resistor_SMD:R_0805_2012Metric,C17414,Basic,SMT,
R133,R133,1,100,0805W8F1000T5E,UNI-ROYAL(Uniroyal Elec),Resistor_SMD:R_0805_2012Metric,C17408,Basic,SMT,
R134,R134,1,10K,0805W8F1002T5E,UNI-ROYAL(Uniroyal Elec),Resistor_SMD:R_0805_2012Metric,C17414,Basic,SMT,
R135,R135,1,100,0805W8F1000T5E,UNI-ROYAL(Uniroyal Elec),Resistor_SMD:R_0805_2012Metric,C17408,Basic,SMT,
R136,R136,1,10K,0805W8F1002T5E,UNI-ROYAL(Uniroyal Elec),Resistor_SMD:R_0805_2012Metric,C17414,Basic,SMT,
R137,R137,1,100,0805W8F1000T5E,UNI-ROYAL(Uniroyal Elec),Resistor_SMD:R_0805_2012Metric,C17408,Basic,SMT,
R138,R138,1,10K,0805W8F1002T5E,UNI-ROYAL(Uniroyal Elec),Resistor_SMD:R_0805_2012Metric,C17414,Basic,SMT,
R139,R139,1,100,0805W8F1000T5E,UNI-ROYAL(Uniroyal Elec),Resistor_SMD:R_0805_2012Metric,C17408,Basic,SMT,
R140,R140,1,10K,0805W8F1002T5E,UNI-ROYAL(Uniroyal Elec),Resistor_SMD:R_0805_2012Metric,C17414,Basic,SMT,
R141,R141,1,100,0805W8F1000T5E,UNI-ROYAL(Uniroyal Elec),Resistor_SMD:R_0805_2012Metric,C17408,Basic,SMT,
R142,R142,1,10K,0805W8F1002T5E,UNI-ROYAL(Uniroyal Elec),Resistor_SMD:R_0805_2012Metric,C17414,Basic,SMT,
R143,R143,1,10K,0805W8F1002T5E,UNI-ROYAL(Uniroyal Elec),Resistor_SMD:R_0805_2012Metric,C17414,Basic,SMT,
R144,R144,1,10K,0805W8F1002T5E,UNI-ROYAL(Uniroyal Elec),Resistor_SMD:R_0805_2012Metric,C17414,Basic,SMT,
R145,R145,1,10K,0805W8F1002T5E,UNI-ROYAL(Uniroyal Elec),Resistor_SMD:R_0805_2012Metric,C17414,Basic,SMT,
R146,R146,1,10K,0805W8F1002T5E,UNI-ROYAL(Uniroyal Elec),Resistor_SMD:R_0805_2012Metric,C17414,Basic,SMT,
R147,R147,1,10K,0805W8F1002T5E,UNI-ROYAL(Uniroyal Elec),Resistor_SMD:R_0805_2012Metric,C17414,Basic,SMT,
R148,R148,1,10K,0805W8F1002T5E,UNI-ROYAL(Uniroyal Elec),Resistor_SMD:R_0805_2012Metric,C17414,Basic,SMT,
R149,R149,1,10K,0805W8F1002T5E,UNI-ROYAL(Uniroyal Elec),Resistor_SMD:R_0805_2012Metric,C17414,Basic,SMT,
R150,R150,1,0.22R,PT2512FK-070R22L,YAGEO,Resistor_SMD:R_2512_6332Metric,C875839,Extended,SMT,
R151,R151,1,0.22R,PT2512FK-070R22L,YAGEO,Resistor_SMD:R_2512_6332Metric,C875839,Extended,SMT,
R152,R152,1,0.22R,PT2512FK-070R22L,YAGEO,Resistor_SMD:R_2512_6332Metric,C875839,Extended,SMT,
R153,R153,1,0.22R,PT2512FK-070R22L,YAGEO,Resistor_SMD:R_2512_6332Metric,C875839,Extended,SMT,
R154,R154,1,1K,0805W8F1001T5E,UNI-ROYAL(Uniroyal Elec),Resistor_SMD:R_0805_2012Metric,C17513,Basic,SMT,
R155,R155,1,100,0805W8F1000T5E,UNI-ROYAL(Uniroyal Elec),Resistor_SMD:R_0805_2012Metric,C17408,Basic,SMT,
R156,R156,1,1K,0805W8F1001T5E,UNI-ROYAL(Uniroyal Elec),Resistor_SMD:R_0805_2012Metric,C17513,Basic,SMT,
R157,R157,1,100,0805W8F1000T5E,UNI-ROYAL(Uniroyal Elec),Resistor_SMD:R_0805_2012Metric,C17408,Basic,SMT,
R158,R158,1,1K,0805W8F1001T5E,UNI-ROYAL(Uniroyal Elec),Resistor_SMD:R_0805_2012Metric,C17513,Basic,SMT,
R159,R159,1,100,0805W8F1000T5E,UNI-ROYAL(Uniroyal Elec),Resistor_SMD:R_0805_2012Metric,C17408,Basic,SMT,
R160,R160,1,1K,0805W8F1001T5E,UNI-ROYAL(Uniroyal Elec),Resistor_SMD:R_0805_2012Metric,C17513,Basic,SMT,
R161,R161,1,100,0805W8F1000T5E,UNI-ROYAL(Uniroyal Elec),Resistor_SMD:R_0805_2012Metric,C17408,Basic,SMT,
R162,R162,1,1K,0805W8F1001T5E,UNI-ROYAL(Uniroyal Elec),Resistor_SMD:R_0805_2012Metric,C17513,Basic,SMT,
R164,R164,1,1K,0805W8F1001T5E,UNI-ROYAL(Uniroyal Elec),Resistor_SMD:R_0805_2012Metric,C17513,Basic,SMT,
R165,R165,1,100,0805W8F1000T5E,UNI-ROYAL(Uniroyal Elec),Resistor_SMD:R_0805_2012Metric,C17408,Basic,SMT,
R166,R166,1,1K,0805W8F1001T5E,UNI-ROYAL(Uniroyal Elec),Resistor_SMD:R_0805_2012Metric,C17513,Basic,SMT,
R167,R167,1,100,0805W8F1000T5E,UNI-ROYAL(Uniroyal Elec),Resistor_SMD:R_0805_2012Metric,C17408,Basic,SMT,
R168,R168,1,1K,0805W8F1001T5E,UNI-ROYAL(Uniroyal Elec),Resistor_SMD:R_0805_2012Metric,C17513,Basic,SMT,
R169,R169,1,100,0805W8F1000T5E,UNI-ROYAL(Uniroyal Elec),Resistor_SMD:R_0805_2012Metric,C17408,Basic,SMT,
R170,R170,1,1K,0805W8F1001T5E,UNI-ROYAL(Uniroyal Elec),Resistor_SMD:R_0805_2012Metric,C17513,Basic,SMT,
R171,R171,1,100,0805W8F1000T5E,UNI-ROYAL(Uniroyal Elec),Resistor_SMD:R_0805_2012Metric,C17408,Basic,SMT,
R172,R172,1,0.22R,PT2512FK-070R22L,YAGEO,Resistor_SMD:R_2512_6332Metric,C875839,Extended,SMT,
R173,R173,1,0.22R,PT2512FK-070R22L,YAGEO,Resistor_SMD:R_2512_6332Metric,C875839,Extended,SMT,
R174,R174,1,0.22R,PT2512FK-070R22L,YAGEO,Resistor_SMD:R_2512_6332Metric,C875839,Extended,SMT,
R175,R175,1,0.22R,PT2512FK-070R22L,YAGEO,Resistor_SMD:R_2512_6332Metric,C875839,Extended,SMT,
R176,R176,1,1.5K,0805W8F1501T5E,UNI-ROYAL(Uniroyal Elec),Resistor_SMD:R_0805_2012Metric,C4310,Basic,SMT,
R177,R177,1,1K,0805W8F1001T5E,UNI-ROYAL(Uniroyal Elec),Resistor_SMD:R_0805_2012Metric,C17513,Basic,SMT,
R178,R178,1,1.5K,0805W8F1501T5E,UNI-ROYAL(Uniroyal Elec),Resistor_SMD:R_0805_2012Metric,C4310,Basic,SMT,
R179,R179,1,1K,0805W8F1001T5E,UNI-ROYAL(Uniroyal Elec),Resistor_SMD:R_0805_2012Metric,C17513,Basic,SMT,
R180,R180,1,1.5K,0805W8F1501T5E,UNI-ROYAL(Uniroyal Elec),Resistor_SMD:R_0805_2012Metric,C4310,Basic,SMT,
R181,R181,1,1K,0805W8F1001T5E,UNI-ROYAL(Uniroyal Elec),Resistor_SMD:R_0805_2012Metric,C17513,Basic,SMT,
R182,R182,1,1.5K,0805W8F1501T5E,UNI-ROYAL(Uniroyal Elec),Resistor_SMD:R_0805_2012Metric,C4310,Basic,SMT,
R183,R183,1,1K,0805W8F1001T5E,UNI-ROYAL(Uniroyal Elec),Resistor_SMD:R_0805_2012Metric,C17513,Basic,SMT,
R184,R184,1,1.5K,0805W8F1501T5E,UNI-ROYAL(Uniroyal Elec),Resistor_SMD:R_0805_2012Metric,C4310,Basic,SMT,
R185,R185,1,1K,0805W8F1001T5E,UNI-ROYAL(Uniroyal Elec),Resistor_SMD:R_0805_2012Metric,C17513,Basic,SMT,
R186,R186,1,1.5K,0805W8F1501T5E,UNI-ROYAL(Uniroyal Elec),Resistor_SMD:R_0805_2012Metric,C4310,Basic,SMT,
R187,R187,1,1K,0805W8F1001T5E,UNI-ROYAL(Uniroyal Elec),Resistor_SMD:R_0805_2012Metric,C17513,Basic,SMT,
R188,R188,1,1.5K,0805W8F1501T5E,UNI-ROYAL(Uniroyal Elec),Resistor_SMD:R_0805_2012Metric,C4310,Basic,SMT,
R189,R189,1,1K,0805W8F1001T5E,UNI-ROYAL(Uniroyal Elec),Resistor_SMD:R_0805_2012Metric,C17513,Basic,SMT,
R190,R190,1,1.5K,0805W8F1501T5E,UNI-ROYAL(Uniroyal Elec),Resistor_SMD:R_0805_2012Metric,C4310,Basic,SMT,
R191,R191,1,1K,0805W8F1001T5E,UNI-ROYAL(Uniroyal Elec),Resistor_SMD:R_0805_2012Metric,C17513,Basic,SMT,
R192,R192,1,470,0805W8F4700T5E,UNI-ROYAL(Uniroyal Elec),Resistor_SMD:R_0805_2012Metric,C17710,Basic,SMT,
R193,R193,1,1K,0805W8F1001T5E,UNI-ROYAL(Uniroyal Elec),Resistor_SMD:R_0805_2012Metric,C17513,Basic,SMT,
R194,R194,1,1.5K,0805W8F1501T5E,UNI-ROYAL(Uniroyal Elec),Resistor_SMD:R_0805_2012Metric,C4310,Basic,SMT,
R196,R196,1,1.5K,0805W8F1501T5E,UNI-ROYAL(Uniroyal Elec),Resistor_SMD:R_0805_2012Metric,C4310,Basic,SMT,
R197,R197,1,10K,0805W8F1002T5E,UNI-ROYAL(Uniroyal Elec),Resistor_SMD:R_0805_2012Metric,C17414,Basic,SMT,
R206,R206,1,27K,0805W8F2702T5E,UNI-ROYAL(Uniroyal Elec),Resistor_SMD:R_0805_2012Metric,C17593,Basic,SMT,
R250,R250,1,1.5K,0805W8F1501T5E,UNI-ROYAL(Uniroyal Elec),Resistor_SMD:R_0805_2012Metric,C4310,Basic,SMT,
R251,R251,1,1.5K,0805W8F1501T5E,UNI-ROYAL(Uniroyal Elec),Resistor_SMD:R_0805_2012Metric,C4310,Basic,SMT,
R253,R253,1,1.5K,0805W8F1501T5E,UNI-ROYAL(Uniroyal Elec),Resistor_SMD:R_0805_2012Metric,C4310,Basic,SMT,
R254,R254,1,1.5K,0805W8F1501T5E,UNI-ROYAL(Uniroyal Elec),Resistor_SMD:R_0805_2012Metric,C4310,Basic,SMT,
R255,R255,1,1.5K,0805W8F1501T5E,UNI-ROYAL(Uniroyal Elec),Resistor_SMD:R_0805_2012Metric,C4310,Basic,SMT,
R256,R256,1,1.5K,0805W8F1501T5E,UNI-ROYAL(Uniroyal Elec),Resistor_SMD:R_0805_2012Metric,C4310,Basic,SMT,
R259,R259,1,15K,RC2512JK-0715KL,YAGEO,Resistor_SMD:R_2512_6332Metric,C1882622,Extended,SMT,
R260,R260,1,15K,RC2512JK-0715KL,YAGEO,Resistor_SMD:R_2512_6332Metric,C1882622,Extended,SMT,
R261,R261,1,118K,0805W8F1183T5E,UNI-ROYAL(Uniroyal Elec),Resistor_SMD:R_0805_2012Metric,C17427,Extended,SMT,
R262,R262,1,29.4K,RC0805FR-0729K4L,YAGEO,Resistor_SMD:R_0805_2012Metric,C273956,Extended,SMT,
R263,R263,1,49.9K,0805W8F4992T5E,UNI-ROYAL(Uniroyal Elec),Resistor_SMD:R_0805_2012Metric,C17719,Extended,SMT,
R264,R264,1,6.65K,RT0805BRD076K65L,YAGEO,Resistor_SMD:R_0805_2012Metric,C865625,Extended,SMT,
R265,R265,1,2.1K,RT0805BRD072K1L,YAGEO,Resistor_SMD:R_0805_2012Metric,C865367,Extended,SMT,
R266,R266,1,33K,0805W8F3302T5E,UNI-ROYAL(Uniroyal Elec),Resistor_SMD:R_0805_2012Metric,C17633,Basic,SMT,
R267,R267,1,130K,RC0805FR-07130KL,YAGEO,Resistor_SMD:R_0805_2012Metric,C483008,Extended,SMT,
R268,R268,1,20K,0805W8F2002T5E,UNI-ROYAL(Uniroyal Elec),Resistor_SMD:R_0805_2012Metric,C4328,Basic,SMT,
R269,R269,1,49.9K,0805W8F4992T5E,UNI-ROYAL(Uniroyal Elec),Resistor_SMD:R_0805_2012Metric,C17719,Extended,SMT,
R270,R270,1,18K,RT0805BRD0718KL,YAGEO,Resistor_SMD:R_0805_2012Metric,C706223,Extended,SMT,
R271,R271,1,2K,RT0805BRD072KL,YAGEO,Resistor_SMD:R_0805_2012Metric,C865384,Extended,SMT,
R272,R272,1,42.2K,0805W8F4222T5E,UNI-ROYAL(Uniroyal Elec),Resistor_SMD:R_0805_2012Metric,C17686,Extended,SMT,
R301,R301,1,10K,0805W8F1002T5E,UNI-ROYAL(Uniroyal Elec),Resistor_SMD:R_0805_2012Metric,C17414,Basic,SMT,
R302,R302,1,10K,0805W8F1002T5E,UNI-ROYAL(Uniroyal Elec),Resistor_SMD:R_0805_2012Metric,C17414,Basic,SMT,
R303,R303,1,10K,0805W8F1002T5E,UNI-ROYAL(Uniroyal Elec),Resistor_SMD:R_0805_2012Metric,C17414,Basic,SMT,
R304,R304,1,10K,0805W8F1002T5E,UNI-ROYAL(Uniroyal Elec),Resistor_SMD:R_0805_2012Metric,C17414,Basic,SMT,
R305,R305,1,10K,0805W8F1002T5E,UNI-ROYAL(Uniroyal Elec),Resistor_SMD:R_0805_2012Metric,C17414,Basic,SMT,
R306,R306,1,10K,0805W8F1002T5E,UNI-ROYAL(Uniroyal Elec),Resistor_SMD:R_0805_2012Metric,C17414,Basic,SMT,
R307,R307,1,10K,0805W8F1002T5E,UNI-ROYAL(Uniroyal Elec),Resistor_SMD:R_0805_2012Metric,C17414,Basic,SMT,
R308,R308,1,10K,0805W8F1002T5E,UNI-ROYAL(Uniroyal Elec),Resistor_SMD:R_0805_2012Metric,C17414,Basic,SMT,
R310,R310,1,4.7K,0805W8F4701T5E,UNI-ROYAL(Uniroyal Elec),Resistor_SMD:R_0805_2012Metric,C17673,Basic,SMT,
R311,R311,1,4.7K,0805W8F4701T5E,UNI-ROYAL(Uniroyal Elec),Resistor_SMD:R_0805_2012Metric,C17673,Basic,SMT,
R312,R312,1,4.7K,0805W8F4701T5E,UNI-ROYAL(Uniroyal Elec),Resistor_SMD:R_0805_2012Metric,C17673,Basic,SMT,
R313,R313,1,4.7K,0805W8F4701T5E,UNI-ROYAL(Uniroyal Elec),Resistor_SMD:R_0805_2012Metric,C17673,Basic,SMT,
R314,R314,1,4.7K,0805W8F4701T5E,UNI-ROYAL(Uniroyal Elec),Resistor_SMD:R_0805_2012Metric,C17673,Basic,SMT,
R315,R315,1,4.7K,0805W8F4701T5E,UNI-ROYAL(Uniroyal Elec),Resistor_SMD:R_0805_2012Metric,C17673,Basic,SMT,
R316,R316,1,4.7K,0805W8F4701T5E,UNI-ROYAL(Uniroyal Elec),Resistor_SMD:R_0805_2012Metric,C17673,Basic,SMT,
R317,R317,1,4.7K,0805W8F4701T5E,UNI-ROYAL(Uniroyal Elec),Resistor_SMD:R_0805_2012Metric,C17673,Basic,SMT,
R318,R318,1,4.7K,0805W8F4701T5E,UNI-ROYAL(Uniroyal Elec),Resistor_SMD:R_0805_2012Metric,C17673,Basic,SMT,
R319,R319,1,4.7K,0805W8F4701T5E,UNI-ROYAL(Uniroyal Elec),Resistor_SMD:R_0805_2012Metric,C17673,Basic,SMT,
R320,R320,1,4.7K,0805W8F4701T5E,UNI-ROYAL(Uniroyal Elec),Resistor_SMD:R_0805_2012Metric,C17673,Basic,SMT,
R321,R321,1,4.7K,0805W8F4701T5E,UNI-ROYAL(Uniroyal Elec),Resistor_SMD:R_0805_2012Metric,C17673,Basic,SMT,
R322,R322,1,4.7K,0805W8F4701T5E,UNI-ROYAL(Uniroyal Elec),Resistor_SMD:R_0805_2012Metric,C17673,Basic,SMT,
R323,R323,1,4.7K,0805W8F4701T5E,UNI-ROYAL(Uniroyal Elec),Resistor_SMD:R_0805_2012Metric,C17673,Basic,SMT,
R324,R324,1,4.7K,0805W8F4701T5E,UNI-ROYAL(Uniroyal Elec),Resistor_SMD:R_0805_2012Metric,C17673,Basic,SMT,
R325,R325,1,4.7K,0805W8F4701T5E,UNI-ROYAL(Uniroyal Elec),Resistor_SMD:R_0805_2012Metric,C17673,Basic,SMT,
R326,R326,1,13m,RL2512FK-070R013L,YAGEO,Resistor_SMD:R_2512_6332Metric,C705606,Extended,SMT,
R327,R327,1,33m,RL2512FK-070R033L,YAGEO,Resistor_SMD:R_2512_6332Metric,C705608,Extended,SMT,
U1,U1,1,74HCT574,SN74HCT574NSR,Texas Instruments,Package_SO:SO-20_5.3x12.6mm_P1.27mm,C2878759,Extended,SMT,
U2,U2,1,74HCT574,SN74HCT574NSR,Texas Instruments,Package_SO:SO-20_5.3x12.6mm_P1.27mm,C2878759,Extended,SMT,
U3,U3,1,74HCT574,SN74HCT574NSR,Texas Instruments,Package_SO:SO-20_5.3x12.6mm_P1.27mm,C2878759,Extended,SMT,
U4,U4,1,74HCT574,SN74HCT574NSR,Texas Instruments,Package_SO:SO-20_5.3x12.6mm_P1.27mm,C2878759,Extended,SMT,
U5,U5,1,74HCT574,SN74HCT574NSR,Texas Instruments,Package_SO:SO-20_5.3x12.6mm_P1.27mm,C2878759,Extended,SMT,
U6,U6,1,LM339DR,LM339DR,Texas Instruments,Package_SO:SOIC-14_3.9x8.7mm_P1.27mm,C7948,Extended,SMT,
U9,U9,1,74HCT240,SN74HCT240NSR,Texas Instruments,Package_SO:SO-20_5.3x12.6mm_P1.27mm,C6772,Extended,SMT,
U10,U10,1,74HCT74,SN74HCT74DR,Texas Instruments,Package_SO:SOIC-14_3.9x8.7mm_P1.27mm,C352961,Extended,SMT,
U11,U11,1,74HCT74,SN74HCT74DR,Texas Instruments,Package_SO:SOIC-14_3.9x8.7mm_P1.27mm,C352961,Extended,SMT,
U12,U12,1,74HCT74,SN74HCT74DR,Texas Instruments,Package_SO:SOIC-14_3.9x8.7mm_P1.27mm,C352961,Extended,SMT,
U13,U13,1,74HCT74,SN74HCT74DR,Texas Instruments,Package_SO:SOIC-14_3.9x8.7mm_P1.27mm,C352961,Extended,SMT,
U15,U15,1,LM339DR,LM339DR,Texas Instruments,Package_SO:SOIC-14_3.9x8.7mm_P1.27mm,C7948,Extended,SMT,
U16,U16,1,LM339DR,LM339DR,Texas Instruments,Package_SO:SOIC-14_3.9x8.7mm_P1.27mm,C7948,Extended,SMT,
U18,U18,1,74HCT574,SN74HCT574NSR,Texas Instruments,Package_SO:SO-20_5.3x12.6mm_P1.27mm,C2878759,Extended,SMT,
U19,U19,1,TBD62083AFWG,"TBD62083AFWG,EL",TOSHIBA,Package_SO:SOIC-18W_7.5x11.6mm_P1.27mm,C165895,Extended,SMT,
U20,U20,1,TPS552872QWRYQRQ1,TPS552872QWRYQRQ1,Texas Instruments,wpc_cost:TI_RYQ0021B_5x3mm,C22397842,Extended,SMT,
U21,U21,1,TPS552872QWRYQRQ1,TPS552872QWRYQRQ1,Texas Instruments,wpc_cost:TI_RYQ0021B_5x3mm,C22397842,Extended,SMT,
W1,W1,1,0R,RC2512JK-070RL,YAGEO,Resistor_SMD:R_2512_6332Metric,C189505,Extended,SMT,
