Designator,Mid X,Mid Y,Layer,Rotation
B1,152.903000,-121.551000,Top,270.000000
B2,172.100000,-121.551000,Top,270.000000
B3,191.380000,-121.551000,Top,270.000000
B4,222.229000,-121.551000,Top,270.000000
B5,261.796000,-121.551000,Top,270.000000
B6,98.750000,-79.820000,Top,270.000000
B9,345.318000,-121.970000,Top,270.000000
B10,340.502000,-149.634000,Top,270.000000
B11,360.919000,-149.634000,Top,270.000000
B12,382.142000,-149.634000,Top,270.000000
B13,383.500000,-146.000000,Top,270.000000
B15,350.582000,-161.649000,Top,270.000000
B16,387.675000,-173.022000,Top,270.000000
B18,416.879000,-155.031000,Top,270.000000
B19,420.850000,-157.178000,Top,270.000000
C13,337.175000,-172.686000,Top,270.000000
C14,333.165000,-172.686000,Top,270.000000
C15,354.544000,-161.646000,Top,270.000000
C16,358.506000,-172.686000,Top,270.000000
C17,374.293000,-164.875000,Top,270.000000
C18,370.315000,-164.872000,Top,270.000000
C19,391.636000,-172.686000,Top,270.000000
C20,395.597000,-172.686000,Top,270.000000
C21,86.000000,-73.600000,Top,90.000000
C31,368.536000,-174.232000,Top,270.000000
C33,278.723000,-57.842000,Top,0.000000
C34,272.108000,-56.950000,Top,0.000000
C35,282.922000,-71.254000,Top,270.000000
C36,263.552000,-75.631000,Top,270.000000
C37,262.642000,-70.181000,Top,270.000000
C38,243.061000,-71.414000,Top,270.000000
C39,149.702000,-67.063000,Top,0.000000
C40,143.052000,-67.063000,Top,0.000000
C41,153.813000,-82.241000,Top,270.000000
C42,137.084000,-82.594000,Top,270.000000
C43,118.080000,-84.021000,Top,270.000000
C44,117.497000,-77.971000,Top,270.000000
D1,220.385000,-156.116000,Top,0.000000
D2,220.385000,-182.522000,Top,0.000000
D3,220.385000,-208.918000,Top,0.000000
D5,163.382000,-156.209000,Top,0.000000
D6,163.382000,-182.615000,Top,0.000000
D7,163.382000,-209.023000,Top,0.000000
D8,163.382000,-235.427000,Top,0.000000
D9,196.913000,-156.116000,Top,0.000000
D10,196.913000,-182.522000,Top,0.000000
D11,196.913000,-208.918000,Top,0.000000
D12,196.913000,-235.334000,Top,0.000000
D17,244.108000,-156.209000,Top,0.000000
D18,244.108000,-182.615000,Top,0.000000
D19,244.108000,-209.023000,Top,0.000000
D20,244.108000,-235.427000,Top,0.000000
D21,265.904000,-156.209000,Top,0.000000
D22,265.904000,-182.615000,Top,0.000000
D23,265.904000,-209.023000,Top,0.000000
D24,265.904000,-235.427000,Top,0.000000
D25,286.861000,-159.827000,Top,0.000000
D26,286.861000,-185.412000,Top,0.000000
D27,286.861000,-210.977000,Top,0.000000
D28,286.861000,-236.556000,Top,0.000000
D29,311.422000,-159.827000,Top,0.000000
D30,311.422000,-185.412000,Top,0.000000
D31,311.422000,-210.977000,Top,0.000000
D32,311.422000,-236.556000,Top,0.000000
D33,352.108000,-166.520000,Top,0.000000
D34,351.912000,-170.842000,Top,0.000000
D36,269.002000,-65.508000,Top,270.000000
D37,143.444000,-78.264000,Top,270.000000
D38,220.385000,-235.334000,Top,0.000000
D105,290.000000,-114.000000,Top,0.000000
D106,311.000000,-114.000000,Top,180.000000
D107,290.000000,-128.000000,Top,180.000000
D108,311.000000,-128.000000,Top,0.000000
D109,281.000000,-12.000000,Top,0.000000
D110,302.000000,-12.000000,Top,180.000000
D111,281.000000,-26.000000,Top,180.000000
D112,302.000000,-26.000000,Top,0.000000
D113,17.000000,-40.000000,Top,270.000000
D114,30.400000,-40.000000,Top,270.000000
D115,17.000000,-19.000000,Top,90.000000
D116,30.400000,-19.000000,Top,90.000000
L1,253.161000,-66.787000,Top,270.000000
L2,127.602000,-77.287000,Top,270.000000
LED1,19.532000,-130.353000,Top,270.000000
LED2,63.542000,-60.356000,Top,270.000000
LED3,73.434000,-60.356000,Top,270.000000
LED4,186.015000,-88.439000,Top,270.000000
LED5,340.762000,-38.945000,Top,270.000000
LED6,342.258000,-98.498000,Top,270.000000
LED7,43.423000,-51.974000,Top,270.000000
Q9,140.496000,-208.423000,Top,270.000000
Q11,60.189000,-158.526000,Top,270.000000
Q13,97.744000,-131.720000,Top,270.000000
Q15,99.420000,-182.855000,Top,270.000000
Q17,140.496000,-156.868000,Top,270.000000
Q20,164.435000,-147.327000,Top,0.000000
Q22,164.435000,-173.733000,Top,0.000000
Q24,164.435000,-200.139000,Top,0.000000
Q26,164.435000,-226.545000,Top,0.000000
Q28,197.966000,-148.820000,Top,0.000000
Q30,197.966000,-175.226000,Top,0.000000
Q32,197.966000,-201.634000,Top,0.000000
Q34,197.966000,-228.038000,Top,0.000000
Q36,221.438000,-148.820000,Top,0.000000
Q38,221.438000,-175.226000,Top,0.000000
Q40,221.438000,-201.634000,Top,0.000000
Q42,221.438000,-228.038000,Top,0.000000
Q44,245.161000,-147.327000,Top,0.000000
Q46,245.161000,-173.733000,Top,0.000000
Q48,245.161000,-200.139000,Top,0.000000
Q50,245.161000,-226.545000,Top,0.000000
Q52,266.957000,-147.327000,Top,0.000000
Q54,266.957000,-173.733000,Top,0.000000
Q56,266.957000,-200.139000,Top,0.000000
Q58,266.957000,-226.545000,Top,0.000000
Q64,287.913000,-150.970000,Top,0.000000
Q66,287.913000,-176.532000,Top,0.000000
Q68,287.913000,-202.112000,Top,0.000000
Q70,287.913000,-227.680000,Top,0.000000
Q76,312.475000,-150.970000,Top,0.000000
Q78,312.475000,-176.532000,Top,0.000000
Q80,312.475000,-202.112000,Top,0.000000
Q82,312.475000,-227.680000,Top,0.000000
Q83,354.687000,-181.400000,Top,0.000000
Q84,354.512000,-198.254000,Top,0.000000
Q85,354.660000,-215.126000,Top,0.000000
Q86,354.512000,-231.986000,Top,0.000000
Q87,376.387000,-181.436000,Top,0.000000
Q88,376.511000,-198.260000,Top,0.000000
Q89,376.382000,-215.095000,Top,0.000000
Q90,376.511000,-231.972000,Top,0.000000
Q91,411.644000,-181.479000,Top,0.000000
Q92,411.644000,-198.343000,Top,0.000000
Q93,411.644000,-215.218000,Top,0.000000
Q94,411.644000,-232.061000,Top,0.000000
Q95,433.440000,-189.505000,Top,0.000000
Q96,433.440000,-206.369000,Top,0.000000
Q97,433.440000,-223.224000,Top,0.000000
Q98,433.510000,-240.089000,Top,0.000000
R3,74.462000,-71.972000,Top,0.000000
R4,69.052000,-69.997000,Top,0.000000
R6,75.758000,-68.022000,Top,0.000000
R7,140.496000,-214.312000,Top,0.000000
R8,120.378000,-114.972000,Top,0.000000
R9,140.496000,-203.493000,Top,0.000000
R10,60.189000,-164.436000,Top,0.000000
R11,120.378000,-118.878000,Top,0.000000
R12,60.189000,-153.646000,Top,0.000000
R13,97.744000,-137.609000,Top,0.000000
R14,120.378000,-122.793000,Top,0.000000
R15,97.744000,-126.790000,Top,0.000000
R16,99.420000,-188.745000,Top,0.000000
R17,120.378000,-126.743000,Top,0.000000
R18,99.420000,-177.925000,Top,0.000000
R19,140.496000,-162.758000,Top,0.000000
R20,120.378000,-130.657000,Top,0.000000
R21,140.496000,-151.938000,Top,0.000000
R22,163.382000,-136.913000,Top,0.000000
R23,163.382000,-140.863000,Top,0.000000
R26,163.382000,-163.318000,Top,0.000000
R27,163.382000,-167.268000,Top,0.000000
R30,163.382000,-189.718000,Top,0.000000
R31,163.382000,-193.668000,Top,0.000000
R34,163.382000,-216.130000,Top,0.000000
R35,163.382000,-220.080000,Top,0.000000
R38,196.913000,-138.396000,Top,0.000000
R39,196.913000,-142.346000,Top,0.000000
R42,196.913000,-164.802000,Top,0.000000
R43,196.913000,-168.752000,Top,0.000000
R46,196.913000,-191.215000,Top,0.000000
R47,196.913000,-195.165000,Top,0.000000
R50,196.913000,-217.614000,Top,0.000000
R51,196.913000,-221.564000,Top,0.000000
R54,220.385000,-138.396000,Top,0.000000
R55,220.385000,-142.346000,Top,0.000000
R58,220.385000,-164.802000,Top,0.000000
R59,220.385000,-168.752000,Top,0.000000
R62,220.385000,-191.215000,Top,0.000000
R63,220.385000,-195.165000,Top,0.000000
R66,220.385000,-217.614000,Top,0.000000
R67,220.385000,-221.564000,Top,0.000000
R70,244.108000,-136.913000,Top,0.000000
R71,244.108000,-140.863000,Top,0.000000
R74,244.108000,-163.318000,Top,0.000000
R75,244.108000,-167.268000,Top,0.000000
R78,244.108000,-189.718000,Top,0.000000
R79,244.108000,-193.668000,Top,0.000000
R82,244.108000,-216.130000,Top,0.000000
R83,244.108000,-220.080000,Top,0.000000
R86,265.904000,-136.913000,Top,0.000000
R87,265.904000,-140.863000,Top,0.000000
R90,265.904000,-163.318000,Top,0.000000
R91,265.904000,-167.268000,Top,0.000000
R94,265.904000,-189.718000,Top,0.000000
R95,265.904000,-193.668000,Top,0.000000
R98,265.904000,-216.130000,Top,0.000000
R99,265.904000,-220.080000,Top,0.000000
R126,286.861000,-140.617000,Top,0.000000
R127,286.861000,-144.520000,Top,0.000000
R128,286.861000,-166.129000,Top,0.000000
R129,286.861000,-170.079000,Top,0.000000
R130,286.861000,-191.712000,Top,0.000000
R131,286.861000,-195.662000,Top,0.000000
R132,286.861000,-217.279000,Top,0.000000
R133,286.861000,-221.229000,Top,0.000000
R134,311.422000,-140.617000,Top,0.000000
R135,311.422000,-144.520000,Top,0.000000
R136,311.422000,-166.129000,Top,0.000000
R137,311.422000,-170.079000,Top,0.000000
R138,311.422000,-191.712000,Top,0.000000
R139,311.422000,-195.662000,Top,0.000000
R140,311.422000,-217.279000,Top,0.000000
R141,311.422000,-221.229000,Top,0.000000
R142,329.232000,-172.686000,Top,270.000000
R143,346.044000,-149.382000,Top,270.000000
R144,362.453000,-174.531000,Top,270.000000
R145,364.852000,-149.382000,Top,270.000000
R146,368.802000,-149.382000,Top,270.000000
R147,366.369000,-164.879000,Top,270.000000
R148,399.528000,-172.686000,Top,270.000000
R149,399.457000,-149.634000,Top,270.000000
R150,340.382000,-201.607000,Top,270.000000
R151,340.389000,-222.145000,Top,270.000000
R152,334.308000,-201.607000,Top,270.000000
R153,334.308000,-222.145000,Top,270.000000
R154,349.853000,-191.802000,Top,0.000000
R155,349.564000,-174.942000,Top,0.000000
R156,349.624000,-204.750000,Top,0.000000
R157,350.021000,-187.852000,Top,0.000000
R158,350.145000,-225.486000,Top,0.000000
R159,349.594000,-208.652000,Top,0.000000
R160,349.564000,-238.448000,Top,0.000000
R161,350.021000,-221.584000,Top,0.000000
R162,370.102000,-169.559000,Top,0.000000
R164,371.731000,-191.791000,Top,0.000000
R165,373.246000,-174.965000,Top,0.000000
R166,371.671000,-204.713000,Top,0.000000
R167,371.731000,-187.890000,Top,0.000000
R168,371.731000,-225.472000,Top,0.000000
R169,371.731000,-208.615000,Top,0.000000
R170,371.611000,-238.447000,Top,0.000000
R171,371.701000,-221.570000,Top,0.000000
R172,391.311000,-201.607000,Top,270.000000
R173,391.311000,-222.145000,Top,270.000000
R174,385.201000,-201.607000,Top,270.000000
R175,385.201000,-222.145000,Top,270.000000
R176,406.819000,-175.019000,Top,0.000000
R177,406.819000,-187.979000,Top,0.000000
R178,406.819000,-191.880000,Top,0.000000
R179,406.819000,-204.818000,Top,0.000000
R180,406.819000,-208.718000,Top,0.000000
R181,406.819000,-221.709000,Top,0.000000
R182,406.819000,-225.610000,Top,0.000000
R183,406.819000,-238.523000,Top,0.000000
R184,428.615000,-183.005000,Top,0.000000
R185,428.615000,-196.001000,Top,0.000000
R186,428.615000,-199.901000,Top,0.000000
R187,428.615000,-212.822000,Top,0.000000
R188,428.615000,-216.772000,Top,0.000000
R189,428.615000,-229.692000,Top,0.000000
R190,428.615000,-233.593000,Top,0.000000
R191,428.799000,-246.589000,Top,0.000000
R192,176.794000,-88.439000,Top,0.000000
R193,23.723000,-120.294000,Top,0.000000
R194,341.063000,-43.625000,Top,0.000000
R196,343.000000,-93.050000,Top,0.000000
R197,53.483000,-69.158000,Top,0.000000
R206,81.168000,-69.997000,Top,0.000000
R250,41.327000,-63.710000,Top,0.000000
R251,412.899000,-155.078000,Top,270.000000
R253,257.185000,-121.551000,Top,270.000000
R254,217.618000,-121.551000,Top,270.000000
R255,186.770000,-121.551000,Top,270.000000
R256,167.489000,-121.551000,Top,270.000000
R259,300.525000,-71.450000,Top,0.000000
R260,300.525000,-77.360000,Top,0.000000
R261,266.078000,-57.608000,Top,0.000000
R262,260.750000,-52.515000,Top,0.000000
R263,259.604000,-56.465000,Top,0.000000
R264,275.378000,-73.769000,Top,270.000000
R265,271.455000,-74.148000,Top,270.000000
R266,267.505000,-74.115000,Top,270.000000
R267,155.701000,-65.386000,Top,0.000000
R268,158.027000,-69.578000,Top,0.000000
R269,158.032000,-73.769000,Top,0.000000
R270,149.881000,-83.828000,Top,270.000000
R271,140.180000,-88.024000,Top,270.000000
R272,135.852000,-88.822000,Top,270.000000
R301,367.021000,-230.528000,Top,270.000000
R302,366.991000,-220.050000,Top,270.000000
R303,366.991000,-209.571000,Top,270.000000
R304,366.996000,-199.092000,Top,270.000000
R305,345.004000,-230.528000,Top,270.000000
R306,345.319000,-221.342000,Top,270.000000
R307,344.914000,-209.571000,Top,270.000000
R308,345.312000,-187.164000,Top,270.000000
R310,20.000000,-110.000000,Top,0.000000
R311,20.000000,-107.000000,Top,0.000000
R312,20.000000,-104.000000,Top,0.000000
R313,16.000000,-109.000000,Top,180.000000
R314,39.000000,-93.000000,Top,90.000000
R315,19.000000,-97.000000,Top,270.000000
R316,16.000000,-112.000000,Top,180.000000
R317,74.000000,-65.000000,Top,0.000000
R318,16.000000,-101.000000,Top,90.000000
R319,20.000000,-86.000000,Top,270.000000
R320,42.000000,-93.000000,Top,0.000000
R321,20.000000,-118.000000,Top,270.000000
R322,24.000000,-93.000000,Top,0.000000
R323,16.000000,-106.000000,Top,180.000000
R324,17.000000,-85.000000,Top,180.000000
R325,16.000000,-115.000000,Top,180.000000
U1,151.646000,-107.300000,Top,180.000000
U2,170.842000,-107.300000,Top,0.000000
U3,190.123000,-107.300000,Top,0.000000
U4,220.972000,-107.300000,Top,0.000000
U5,260.539000,-107.300000,Top,0.000000
U6,92.122000,-71.490000,Top,0.000000
U9,336.358000,-121.970000,Top,0.000000
U10,333.772000,-149.885000,Top,0.000000
U11,354.225000,-149.717000,Top,0.000000
U12,375.455000,-149.634000,Top,0.000000
U13,388.823000,-149.634000,Top,0.000000
U15,343.857000,-167.411000,Top,0.000000
U16,380.987000,-171.333000,Top,0.000000
U18,408.408000,-165.417000,Top,0.000000
U19,425.010000,-171.681000,Top,0.000000
U20,277.142000,-65.218000,Top,270.000000
U21,151.547000,-74.741000,Top,270.000000
W1,16.990000,-204.541000,Top,270.000000
