Designator,LCSC_part,Native_rotation_deg,CPL_rotation_deg,Checked_pads,Centered_RMS_error_mm,Best_numbered_pad_offsets_deg,Status,Detail,Native_pad_1_X_mm,Native_pad_1_Y_mm
B1,C49678,270.0,270.0,2,0.049998,0,Functional pad orientation checked,Centered land pattern; SMT pad lengths may differ. Does not certify live JLC 3D model or absolute placement.,152.903000,-120.601000
B2,C49678,270.0,270.0,2,0.049998,0,Functional pad orientation checked,Centered land pattern; SMT pad lengths may differ. Does not certify live JLC 3D model or absolute placement.,172.100000,-120.601000
B3,C49678,270.0,270.0,2,0.049998,0,Functional pad orientation checked,Centered land pattern; SMT pad lengths may differ. Does not certify live JLC 3D model or absolute placement.,191.380000,-120.601000
B4,C49678,270.0,270.0,2,0.049998,0,Functional pad orientation checked,Centered land pattern; SMT pad lengths may differ. Does not certify live JLC 3D model or absolute placement.,222.229000,-120.601000
B5,C49678,270.0,270.0,2,0.049998,0,Functional pad orientation checked,Centered land pattern; SMT pad lengths may differ. Does not certify live JLC 3D model or absolute placement.,261.796000,-120.601000
B6,C49678,270.0,270.0,2,0.049998,0,Functional pad orientation checked,Centered land pattern; SMT pad lengths may differ. Does not certify live JLC 3D model or absolute placement.,98.750000,-78.870000
B9,C49678,270.0,270.0,2,0.049998,0,Functional pad orientation checked,Centered land pattern; SMT pad lengths may differ. Does not certify live JLC 3D model or absolute placement.,345.318000,-121.020000
B10,C49678,270.0,270.0,2,0.049998,0,Functional pad orientation checked,Centered land pattern; SMT pad lengths may differ. Does not certify live JLC 3D model or absolute placement.,340.502000,-148.684000
B11,C49678,270.0,270.0,2,0.049998,0,Functional pad orientation checked,Centered land pattern; SMT pad lengths may differ. Does not certify live JLC 3D model or absolute placement.,360.919000,-148.684000
B12,C49678,270.0,270.0,2,0.049998,0,Functional pad orientation checked,Centered land pattern; SMT pad lengths may differ. Does not certify live JLC 3D model or absolute placement.,382.142000,-148.684000
B13,C49678,270.0,270.0,2,0.049998,0,Functional pad orientation checked,Centered land pattern; SMT pad lengths may differ. Does not certify live JLC 3D model or absolute placement.,383.500000,-145.050000
B15,C49678,270.0,270.0,2,0.049998,0,Functional pad orientation checked,Centered land pattern; SMT pad lengths may differ. Does not certify live JLC 3D model or absolute placement.,350.582000,-160.699000
B16,C49678,270.0,270.0,2,0.049998,0,Functional pad orientation checked,Centered land pattern; SMT pad lengths may differ. Does not certify live JLC 3D model or absolute placement.,387.675000,-172.072000
B18,C49678,270.0,270.0,2,0.049998,0,Functional pad orientation checked,Centered land pattern; SMT pad lengths may differ. Does not certify live JLC 3D model or absolute placement.,416.879000,-154.081000
B19,C49678,270.0,270.0,2,0.049998,0,Functional pad orientation checked,Centered land pattern; SMT pad lengths may differ. Does not certify live JLC 3D model or absolute placement.,420.850000,-156.228000
BR3,C906984,270.0,270.0,0,,,MANUAL: no library,Native assembly drawing and polarity/key control placement; no library claim.,260.988000,-14.304000
C2,C109394,0,0.0,2,0.000060,0,Functional pad orientation checked,Centered land pattern; SMT pad lengths may differ. Does not certify live JLC 3D model or absolute placement.,123.250000,-58.700000
C4,C109394,270.0,270.0,2,0.000060,0,Functional pad orientation checked,Centered land pattern; SMT pad lengths may differ. Does not certify live JLC 3D model or absolute placement.,254.418000,-79.673000
C5,C443892,0,0.0,2,0.000056,0,Functional pad orientation checked,Centered land pattern; SMT pad lengths may differ. Does not certify live JLC 3D model or absolute placement.,320.833000,-48.345000
C6,C443892,0,0.0,2,0.000056,0,Functional pad orientation checked,Centered land pattern; SMT pad lengths may differ. Does not certify live JLC 3D model or absolute placement.,395.944000,-107.527000
C7,C443892,0,0.0,2,0.000056,0,Functional pad orientation checked,Centered land pattern; SMT pad lengths may differ. Does not certify live JLC 3D model or absolute placement.,357.299000,-107.863000
C8,C3445915,270.0,270.0,2,0.000056,0,Functional pad orientation checked,Centered land pattern; SMT pad lengths may differ. Does not certify live JLC 3D model or absolute placement.,324.000000,-89.250000
C9,C109394,270.0,270.0,2,0.000060,0,Functional pad orientation checked,Centered land pattern; SMT pad lengths may differ. Does not certify live JLC 3D model or absolute placement.,241.868000,-79.645000
C11,C443892,270.0,270.0,2,0.000056,0,Functional pad orientation checked,Centered land pattern; SMT pad lengths may differ. Does not certify live JLC 3D model or absolute placement.,322.000000,-19.250000
C12,C109394,270.0,270.0,2,0.000060,0,Functional pad orientation checked,Centered land pattern; SMT pad lengths may differ. Does not certify live JLC 3D model or absolute placement.,113.847000,-66.640000
C13,C49678,270.0,270.0,2,0.049998,0,Functional pad orientation checked,Centered land pattern; SMT pad lengths may differ. Does not certify live JLC 3D model or absolute placement.,337.175000,-171.736000
C14,C49678,270.0,270.0,2,0.049998,0,Functional pad orientation checked,Centered land pattern; SMT pad lengths may differ. Does not certify live JLC 3D model or absolute placement.,333.165000,-171.736000
C15,C49678,270.0,270.0,2,0.049998,0,Functional pad orientation checked,Centered land pattern; SMT pad lengths may differ. Does not certify live JLC 3D model or absolute placement.,354.544000,-160.696000
C16,C49678,270.0,270.0,2,0.049998,0,Functional pad orientation checked,Centered land pattern; SMT pad lengths may differ. Does not certify live JLC 3D model or absolute placement.,358.506000,-171.736000
C17,C49678,270.0,270.0,2,0.049998,0,Functional pad orientation checked,Centered land pattern; SMT pad lengths may differ. Does not certify live JLC 3D model or absolute placement.,374.293000,-163.925000
C18,C49678,270.0,270.0,2,0.049998,0,Functional pad orientation checked,Centered land pattern; SMT pad lengths may differ. Does not certify live JLC 3D model or absolute placement.,370.315000,-163.922000
C19,C49678,270.0,270.0,2,0.049998,0,Functional pad orientation checked,Centered land pattern; SMT pad lengths may differ. Does not certify live JLC 3D model or absolute placement.,391.636000,-171.736000
C20,C49678,270.0,270.0,2,0.049998,0,Functional pad orientation checked,Centered land pattern; SMT pad lengths may differ. Does not certify live JLC 3D model or absolute placement.,395.597000,-171.736000
C21,C1710,90.0,90.0,2,0.049998,0,Functional pad orientation checked,Centered land pattern; SMT pad lengths may differ. Does not certify live JLC 3D model or absolute placement.,86.000000,-74.550000
C30,C443892,0,0.0,2,0.000056,0,Functional pad orientation checked,Centered land pattern; SMT pad lengths may differ. Does not certify live JLC 3D model or absolute placement.,20.850000,-56.000000
C31,C49678,270.0,270.0,2,0.049998,0,Functional pad orientation checked,Centered land pattern; SMT pad lengths may differ. Does not certify live JLC 3D model or absolute placement.,368.536000,-173.282000
C32,C3445915,270.0,270.0,2,0.000056,0,Functional pad orientation checked,Centered land pattern; SMT pad lengths may differ. Does not certify live JLC 3D model or absolute placement.,284.000000,-89.250000
C33,C138687,180.0,180.0,2,0.042396,0,Functional pad orientation checked,Centered land pattern; SMT pad lengths may differ. Does not certify live JLC 3D model or absolute placement.,267.675000,-51.500000
C34,C138687,180.0,180.0,2,0.042396,0,Functional pad orientation checked,Centered land pattern; SMT pad lengths may differ. Does not certify live JLC 3D model or absolute placement.,267.675000,-46.500000
C35,C307331,0,0.0,2,0.059884,0,Functional pad orientation checked,Centered land pattern; SMT pad lengths may differ. Does not certify live JLC 3D model or absolute placement.,265.920000,-61.200000
C36,C49678,0,0.0,2,0.049998,0,Functional pad orientation checked,Centered land pattern; SMT pad lengths may differ. Does not certify live JLC 3D model or absolute placement.,278.050000,-69.000000
C37,C107121,0,0.0,2,0.049998,0,Functional pad orientation checked,Centered land pattern; SMT pad lengths may differ. Does not certify live JLC 3D model or absolute placement.,282.050000,-65.000000
C38,C138687,0,0.0,2,0.042396,0,Functional pad orientation checked,Centered land pattern; SMT pad lengths may differ. Does not certify live JLC 3D model or absolute placement.,270.325000,-51.500000
C39,C138687,180.0,180.0,2,0.042396,0,Functional pad orientation checked,Centered land pattern; SMT pad lengths may differ. Does not certify live JLC 3D model or absolute placement.,141.675000,-61.500000
C40,C138687,180.0,180.0,2,0.042396,0,Functional pad orientation checked,Centered land pattern; SMT pad lengths may differ. Does not certify live JLC 3D model or absolute placement.,141.675000,-56.500000
C41,C307331,0,0.0,2,0.059884,0,Functional pad orientation checked,Centered land pattern; SMT pad lengths may differ. Does not certify live JLC 3D model or absolute placement.,139.920000,-71.200000
C42,C73142,0,0.0,2,0.049998,0,Functional pad orientation checked,Centered land pattern; SMT pad lengths may differ. Does not certify live JLC 3D model or absolute placement.,152.050000,-79.000000
C43,C62774,0,0.0,2,0.049998,0,Functional pad orientation checked,Centered land pattern; SMT pad lengths may differ. Does not certify live JLC 3D model or absolute placement.,156.050000,-75.000000
C44,C138687,0,0.0,2,0.042396,0,Functional pad orientation checked,Centered land pattern; SMT pad lengths may differ. Does not certify live JLC 3D model or absolute placement.,144.325000,-61.500000
C45,C307331,180.0,180.0,2,0.059884,0,Functional pad orientation checked,Centered land pattern; SMT pad lengths may differ. Does not certify live JLC 3D model or absolute placement.,272.080000,-61.200000
C46,C138687,0,0.0,2,0.042396,0,Functional pad orientation checked,Centered land pattern; SMT pad lengths may differ. Does not certify live JLC 3D model or absolute placement.,274.525000,-58.000000
C47,C307331,0,0.0,2,0.059884,0,Functional pad orientation checked,Centered land pattern; SMT pad lengths may differ. Does not certify live JLC 3D model or absolute placement.,268.000000,-55.450000
C48,C307331,180.0,180.0,2,0.059884,0,Functional pad orientation checked,Centered land pattern; SMT pad lengths may differ. Does not certify live JLC 3D model or absolute placement.,270.000000,-54.350000
C49,C138687,180.0,180.0,2,0.042396,0,Functional pad orientation checked,Centered land pattern; SMT pad lengths may differ. Does not certify live JLC 3D model or absolute placement.,262.475000,-51.500000
C50,C138687,180.0,180.0,2,0.042396,0,Functional pad orientation checked,Centered land pattern; SMT pad lengths may differ. Does not certify live JLC 3D model or absolute placement.,262.475000,-46.500000
C51,C138687,0,0.0,2,0.042396,0,Functional pad orientation checked,Centered land pattern; SMT pad lengths may differ. Does not certify live JLC 3D model or absolute placement.,270.325000,-46.500000
C52,C307331,180.0,180.0,2,0.059884,0,Functional pad orientation checked,Centered land pattern; SMT pad lengths may differ. Does not certify live JLC 3D model or absolute placement.,146.080000,-71.200000
C53,C138687,0,0.0,2,0.042396,0,Functional pad orientation checked,Centered land pattern; SMT pad lengths may differ. Does not certify live JLC 3D model or absolute placement.,148.525000,-68.000000
C54,C307331,0,0.0,2,0.059884,0,Functional pad orientation checked,Centered land pattern; SMT pad lengths may differ. Does not certify live JLC 3D model or absolute placement.,142.000000,-65.450000
C55,C307331,180.0,180.0,2,0.059884,0,Functional pad orientation checked,Centered land pattern; SMT pad lengths may differ. Does not certify live JLC 3D model or absolute placement.,144.000000,-64.350000
C56,C138687,180.0,180.0,2,0.042396,0,Functional pad orientation checked,Centered land pattern; SMT pad lengths may differ. Does not certify live JLC 3D model or absolute placement.,136.475000,-61.500000
C57,C138687,180.0,180.0,2,0.042396,0,Functional pad orientation checked,Centered land pattern; SMT pad lengths may differ. Does not certify live JLC 3D model or absolute placement.,136.475000,-56.500000
C58,C138687,0,0.0,2,0.042396,0,Functional pad orientation checked,Centered land pattern; SMT pad lengths may differ. Does not certify live JLC 3D model or absolute placement.,144.325000,-56.500000
C59,C443892,0,0.0,2,0.000056,0,Functional pad orientation checked,Centered land pattern; SMT pad lengths may differ. Does not certify live JLC 3D model or absolute placement.,320.833000,-68.345000
C60,C443892,0,0.0,2,0.000056,0,Functional pad orientation checked,Centered land pattern; SMT pad lengths may differ. Does not certify live JLC 3D model or absolute placement.,395.944000,-127.527000
C61,C443892,0,0.0,2,0.000056,0,Functional pad orientation checked,Centered land pattern; SMT pad lengths may differ. Does not certify live JLC 3D model or absolute placement.,357.299000,-127.863000
C62,C443892,270.0,270.0,2,0.000056,0,Functional pad orientation checked,Centered land pattern; SMT pad lengths may differ. Does not certify live JLC 3D model or absolute placement.,342.000000,-12.250000
C63,C443892,0,0.0,2,0.000056,0,Functional pad orientation checked,Centered land pattern; SMT pad lengths may differ. Does not certify live JLC 3D model or absolute placement.,24.250000,-75.000000
C64,C3445915,270.0,270.0,2,0.000056,0,Functional pad orientation checked,Centered land pattern; SMT pad lengths may differ. Does not certify live JLC 3D model or absolute placement.,344.000000,-89.250000
C65,C3445915,270.0,270.0,2,0.000056,0,Functional pad orientation checked,Centered land pattern; SMT pad lengths may differ. Does not certify live JLC 3D model or absolute placement.,304.000000,-89.250000
D1,C95872,0,0.0,2,0.199894,0,Functional pad orientation checked,Centered land pattern; SMT pad lengths may differ. Does not certify live JLC 3D model or absolute placement.,218.385000,-156.116000
D2,C95872,0,0.0,2,0.199894,0,Functional pad orientation checked,Centered land pattern; SMT pad lengths may differ. Does not certify live JLC 3D model or absolute placement.,218.385000,-182.522000
D3,C95872,0,0.0,2,0.199894,0,Functional pad orientation checked,Centered land pattern; SMT pad lengths may differ. Does not certify live JLC 3D model or absolute placement.,218.385000,-208.918000
D5,C460944,0,0.0,2,0.286302,0,Functional pad orientation checked,Centered land pattern; SMT pad lengths may differ. Does not certify live JLC 3D model or absolute placement.,159.982000,-156.209000
D6,C460944,0,0.0,2,0.286302,0,Functional pad orientation checked,Centered land pattern; SMT pad lengths may differ. Does not certify live JLC 3D model or absolute placement.,159.982000,-182.615000
D7,C460944,0,0.0,2,0.286302,0,Functional pad orientation checked,Centered land pattern; SMT pad lengths may differ. Does not certify live JLC 3D model or absolute placement.,159.982000,-209.023000
D8,C460944,0,0.0,2,0.286302,0,Functional pad orientation checked,Centered land pattern; SMT pad lengths may differ. Does not certify live JLC 3D model or absolute placement.,159.982000,-235.427000
D9,C95872,0,0.0,2,0.199894,0,Functional pad orientation checked,Centered land pattern; SMT pad lengths may differ. Does not certify live JLC 3D model or absolute placement.,194.913000,-156.116000
D10,C95872,0,0.0,2,0.199894,0,Functional pad orientation checked,Centered land pattern; SMT pad lengths may differ. Does not certify live JLC 3D model or absolute placement.,194.913000,-182.522000
D11,C95872,0,0.0,2,0.199894,0,Functional pad orientation checked,Centered land pattern; SMT pad lengths may differ. Does not certify live JLC 3D model or absolute placement.,194.913000,-208.918000
D12,C95872,0,0.0,2,0.199894,0,Functional pad orientation checked,Centered land pattern; SMT pad lengths may differ. Does not certify live JLC 3D model or absolute placement.,194.913000,-235.334000
D17,C460944,0,0.0,2,0.286302,0,Functional pad orientation checked,Centered land pattern; SMT pad lengths may differ. Does not certify live JLC 3D model or absolute placement.,240.708000,-156.209000
D18,C460944,0,0.0,2,0.286302,0,Functional pad orientation checked,Centered land pattern; SMT pad lengths may differ. Does not certify live JLC 3D model or absolute placement.,240.708000,-182.615000
D19,C460944,0,0.0,2,0.286302,0,Functional pad orientation checked,Centered land pattern; SMT pad lengths may differ. Does not certify live JLC 3D model or absolute placement.,240.708000,-209.023000
D20,C460944,0,0.0,2,0.286302,0,Functional pad orientation checked,Centered land pattern; SMT pad lengths may differ. Does not certify live JLC 3D model or absolute placement.,240.708000,-235.427000
D21,C460944,0,0.0,2,0.286302,0,Functional pad orientation checked,Centered land pattern; SMT pad lengths may differ. Does not certify live JLC 3D model or absolute placement.,262.504000,-156.209000
D22,C460944,0,0.0,2,0.286302,0,Functional pad orientation checked,Centered land pattern; SMT pad lengths may differ. Does not certify live JLC 3D model or absolute placement.,262.504000,-182.615000
D23,C460944,0,0.0,2,0.286302,0,Functional pad orientation checked,Centered land pattern; SMT pad lengths may differ. Does not certify live JLC 3D model or absolute placement.,262.504000,-209.023000
D24,C460944,0,0.0,2,0.286302,0,Functional pad orientation checked,Centered land pattern; SMT pad lengths may differ. Does not certify live JLC 3D model or absolute placement.,262.504000,-235.427000
D25,C460944,0,0.0,2,0.286302,0,Functional pad orientation checked,Centered land pattern; SMT pad lengths may differ. Does not certify live JLC 3D model or absolute placement.,283.461000,-159.827000
D26,C460944,0,0.0,2,0.286302,0,Functional pad orientation checked,Centered land pattern; SMT pad lengths may differ. Does not certify live JLC 3D model or absolute placement.,283.461000,-185.412000
D27,C460944,0,0.0,2,0.286302,0,Functional pad orientation checked,Centered land pattern; SMT pad lengths may differ. Does not certify live JLC 3D model or absolute placement.,283.461000,-210.977000
D28,C460944,0,0.0,2,0.286302,0,Functional pad orientation checked,Centered land pattern; SMT pad lengths may differ. Does not certify live JLC 3D model or absolute placement.,283.461000,-236.556000
D29,C460944,0,0.0,2,0.286302,0,Functional pad orientation checked,Centered land pattern; SMT pad lengths may differ. Does not certify live JLC 3D model or absolute placement.,308.022000,-159.827000
D30,C460944,0,0.0,2,0.286302,0,Functional pad orientation checked,Centered land pattern; SMT pad lengths may differ. Does not certify live JLC 3D model or absolute placement.,308.022000,-185.412000
D31,C460944,0,0.0,2,0.286302,0,Functional pad orientation checked,Centered land pattern; SMT pad lengths may differ. Does not certify live JLC 3D model or absolute placement.,308.022000,-210.977000
D32,C460944,0,0.0,2,0.286302,0,Functional pad orientation checked,Centered land pattern; SMT pad lengths may differ. Does not certify live JLC 3D model or absolute placement.,308.022000,-236.556000
D33,C81598,0,0.0,2,0.084947,0,Functional pad orientation checked,Centered land pattern; SMT pad lengths may differ. Does not certify live JLC 3D model or absolute placement.,350.458000,-166.520000
D34,C81598,0,0.0,2,0.084947,0,Functional pad orientation checked,Centered land pattern; SMT pad lengths may differ. Does not certify live JLC 3D model or absolute placement.,350.262000,-170.842000
D38,C95872,0,0.0,2,0.199894,0,Functional pad orientation checked,Centered land pattern; SMT pad lengths may differ. Does not certify live JLC 3D model or absolute placement.,218.385000,-235.334000
D101,C5143116,180.0,180.0,3,0.000000,0/180,MANUAL: invalid 3D frame,Common cathode and two interchangeable anodes checked; supplier solid lies below PCB. Retain native tab-to-heatsink orientation.,350.000000,-53.350000
D102,C5143116,180.0,180.0,3,0.000000,0/180,MANUAL: invalid 3D frame,Common cathode and two interchangeable anodes checked; supplier solid lies below PCB. Retain native tab-to-heatsink orientation.,376.000000,-77.350000
D103,C5143116,0,0.0,3,0.000000,0/180,MANUAL: invalid 3D frame,Common cathode and two interchangeable anodes checked; supplier solid lies below PCB. Retain native tab-to-heatsink orientation.,350.000000,-32.650000
D104,C5143116,0,0.0,3,0.000000,0/180,MANUAL: invalid 3D frame,Common cathode and two interchangeable anodes checked; supplier solid lies below PCB. Retain native tab-to-heatsink orientation.,363.400000,-17.650000
D105,C235758,0,270.0,3,0.400684,270,Functional pad orientation checked,Centered land pattern; SMT pad lengths may differ. Does not certify live JLC 3D model or absolute placement.,291.500000,-114.000000
D106,C235758,180.0,90.0,3,0.400684,270,Functional pad orientation checked,Centered land pattern; SMT pad lengths may differ. Does not certify live JLC 3D model or absolute placement.,309.500000,-114.000000
D107,C235758,180.0,90.0,3,0.400684,270,Functional pad orientation checked,Centered land pattern; SMT pad lengths may differ. Does not certify live JLC 3D model or absolute placement.,288.500000,-128.000000
D108,C235758,0,270.0,3,0.400684,270,Functional pad orientation checked,Centered land pattern; SMT pad lengths may differ. Does not certify live JLC 3D model or absolute placement.,312.500000,-128.000000
D109,C235758,0,270.0,3,0.400684,270,Functional pad orientation checked,Centered land pattern; SMT pad lengths may differ. Does not certify live JLC 3D model or absolute placement.,282.500000,-12.000000
D110,C235758,180.0,90.0,3,0.400684,270,Functional pad orientation checked,Centered land pattern; SMT pad lengths may differ. Does not certify live JLC 3D model or absolute placement.,300.500000,-12.000000
D111,C235758,180.0,90.0,3,0.400684,270,Functional pad orientation checked,Centered land pattern; SMT pad lengths may differ. Does not certify live JLC 3D model or absolute placement.,279.500000,-26.000000
D112,C235758,0,270.0,3,0.400684,270,Functional pad orientation checked,Centered land pattern; SMT pad lengths may differ. Does not certify live JLC 3D model or absolute placement.,303.500000,-26.000000
D113,C235758,270.0,180.0,3,0.400684,270,Functional pad orientation checked,Centered land pattern; SMT pad lengths may differ. Does not certify live JLC 3D model or absolute placement.,17.000000,-41.500000
D114,C235758,270.0,180.0,3,0.400684,270,Functional pad orientation checked,Centered land pattern; SMT pad lengths may differ. Does not certify live JLC 3D model or absolute placement.,30.400000,-41.500000
D115,C235758,90.0,0.0,3,0.400684,270,Functional pad orientation checked,Centered land pattern; SMT pad lengths may differ. Does not certify live JLC 3D model or absolute placement.,17.000000,-17.500000
D116,C235758,90.0,0.0,3,0.400684,270,Functional pad orientation checked,Centered land pattern; SMT pad lengths may differ. Does not certify live JLC 3D model or absolute placement.,30.400000,-17.500000
F101,C268204,270.0,270.0,2,0.000079,0,Functional pad orientation checked,Centered land pattern; SMT pad lengths may differ. Does not certify live JLC 3D model or absolute placement.,165.142000,-53.416000
F102,C268204,270.0,270.0,2,0.000079,0,Functional pad orientation checked,Centered land pattern; SMT pad lengths may differ. Does not certify live JLC 3D model or absolute placement.,180.483000,-53.416000
F103,C142824,270.0,270.0,0,,,Manual insertion,Cartridge inserted concentrically in separate holder; CPL selection offset is not physical placement.,196.494000,-53.416000
F104,C142824,270.0,270.0,0,,,Manual insertion,Cartridge inserted concentrically in separate holder; CPL selection offset is not physical placement.,211.834000,-53.416000
F105,C142824,270.0,270.0,0,,,Manual insertion,Cartridge inserted concentrically in separate holder; CPL selection offset is not physical placement.,227.343000,-53.416000
F106,C5381754,0,0.0,0,,,Manual insertion,Cartridge inserted concentrically in separate holder; CPL selection offset is not physical placement.,21.645000,-233.211000
F107,C5381754,0,0.0,0,,,Manual insertion,Cartridge inserted concentrically in separate holder; CPL selection offset is not physical placement.,21.645000,-218.624000
F108,C5381754,0,0.0,0,,,Manual insertion,Cartridge inserted concentrically in separate holder; CPL selection offset is not physical placement.,21.795000,-204.038000
F109,C5381754,0,0.0,0,,,Manual insertion,Cartridge inserted concentrically in separate holder; CPL selection offset is not physical placement.,66.493000,-218.624000
F110,C5381754,0,0.0,0,,,Manual insertion,Cartridge inserted concentrically in separate holder; CPL selection offset is not physical placement.,66.493000,-233.211000
F111,C5381754,0,0.0,0,,,Manual insertion,Cartridge inserted concentrically in separate holder; CPL selection offset is not physical placement.,389.651000,-46.525000
F112,C3014110,0,0.0,2,0.250132,0,Functional pad orientation checked,Centered land pattern; SMT pad lengths may differ. Does not certify live JLC 3D model or absolute placement.,398.201000,-61.614000
F113,C5381754,0,0.0,0,,,Manual insertion,Cartridge inserted concentrically in separate holder; CPL selection offset is not physical placement.,389.651000,-76.451000
F114,C2936126,0,0.0,0,,,Manual insertion,Cartridge inserted concentrically in separate holder; CPL selection offset is not physical placement.,389.651000,-91.373000
F115,C5381743,0,0.0,0,,,Manual insertion,Cartridge inserted concentrically in separate holder; CPL selection offset is not physical placement.,80.157000,-92.630000
F116,C142824,270.0,270.0,0,,,Manual insertion,Cartridge inserted concentrically in separate holder; CPL selection offset is not physical placement.,57.255000,-29.357000
FH103,C268204,270.0,270.0,2,0.000079,0,Functional pad orientation checked,Centered land pattern; SMT pad lengths may differ. Does not certify live JLC 3D model or absolute placement.,196.494000,-53.416000
FH104,C268204,270.0,270.0,2,0.000079,0,Functional pad orientation checked,Centered land pattern; SMT pad lengths may differ. Does not certify live JLC 3D model or absolute placement.,211.834000,-53.416000
FH105,C268204,270.0,270.0,2,0.000079,0,Functional pad orientation checked,Centered land pattern; SMT pad lengths may differ. Does not certify live JLC 3D model or absolute placement.,227.343000,-53.416000
FH106,C268204,0,0.0,2,0.000079,0,Functional pad orientation checked,Centered land pattern; SMT pad lengths may differ. Does not certify live JLC 3D model or absolute placement.,21.645000,-233.211000
FH107,C268204,0,0.0,2,0.000079,0,Functional pad orientation checked,Centered land pattern; SMT pad lengths may differ. Does not certify live JLC 3D model or absolute placement.,21.645000,-218.624000
FH108,C268204,0,0.0,2,0.000079,0,Functional pad orientation checked,Centered land pattern; SMT pad lengths may differ. Does not certify live JLC 3D model or absolute placement.,21.795000,-204.038000
FH109,C268204,0,0.0,2,0.000079,0,Functional pad orientation checked,Centered land pattern; SMT pad lengths may differ. Does not certify live JLC 3D model or absolute placement.,66.493000,-218.624000
FH110,C268204,0,0.0,2,0.000079,0,Functional pad orientation checked,Centered land pattern; SMT pad lengths may differ. Does not certify live JLC 3D model or absolute placement.,66.493000,-233.211000
FH111,C268204,0,0.0,2,0.000079,0,Functional pad orientation checked,Centered land pattern; SMT pad lengths may differ. Does not certify live JLC 3D model or absolute placement.,389.651000,-46.525000
FH113,C268204,0,0.0,2,0.000079,0,Functional pad orientation checked,Centered land pattern; SMT pad lengths may differ. Does not certify live JLC 3D model or absolute placement.,389.651000,-76.451000
FH114,C268204,0,0.0,2,0.000079,0,Functional pad orientation checked,Centered land pattern; SMT pad lengths may differ. Does not certify live JLC 3D model or absolute placement.,389.651000,-91.373000
FH115,C268204,0,0.0,2,0.000079,0,Functional pad orientation checked,Centered land pattern; SMT pad lengths may differ. Does not certify live JLC 3D model or absolute placement.,80.157000,-92.630000
FH116,C268204,270.0,270.0,2,0.000079,0,Functional pad orientation checked,Centered land pattern; SMT pad lengths may differ. Does not certify live JLC 3D model or absolute placement.,57.255000,-29.357000
J101,C305801,270.0,90.0,7,15.839938,0,MANUAL: housing/pad conflict,CPL follows inward friction wall; numbered public pads face opposite. Resolve library model at assembly review; native pin/key guide is authoritative.,431.968000,-101.288000
J102,C305802,270.0,90.0,9,20.449799,0,MANUAL: housing/pad conflict,CPL follows inward friction wall; numbered public pads face opposite. Resolve library model at assembly review; native pin/key guide is authoritative.,431.968000,-49.714000
J103,C240824,270.0,270.0,4,0.000058,0,Functional pad orientation checked,Centered land pattern; SMT pad lengths may differ. Does not certify live JLC 3D model or absolute placement.,431.968000,-28.010000
J104,C505166,0,180.0,5,0.000065,180,MANUAL: housing unavailable,Numbered pads checked; no public 3D housing. Require inward friction wall.,392.612000,-10.898000
J105,C505166,0,180.0,5,0.000065,180,MANUAL: housing unavailable,Numbered pads checked; no public 3D housing. Require inward friction wall.,392.612000,-33.531000
J106,C505166,0,180.0,5,0.000065,180,MANUAL: housing unavailable,Numbered pads checked; no public 3D housing. Require inward friction wall.,214.309000,-11.736000
J107,C86500,0,180.0,6,13.525897,0,MANUAL: housing/pad conflict,CPL follows inward friction wall; numbered public pads face opposite. Resolve library model at assembly review; native pin/key guide is authoritative.,207.886000,-33.950000
J108,C240823,0,0.0,3,0.000061,0,Functional pad orientation checked,Centered land pattern; SMT pad lengths may differ. Does not certify live JLC 3D model or absolute placement.,194.797000,-11.736000
J109,C305801,0,180.0,7,15.839938,0,MANUAL: housing/pad conflict,CPL follows inward friction wall; numbered public pads face opposite. Resolve library model at assembly review; native pin/key guide is authoritative.,149.154000,-11.736000
J110,C305802,0,180.0,9,20.449799,0,MANUAL: housing/pad conflict,CPL follows inward friction wall; numbered public pads face opposite. Resolve library model at assembly review; native pin/key guide is authoritative.,106.382000,-11.736000
J111,C588986,0,180.0,5,7.184205,0,MANUAL: housing/pad conflict,CPL follows inward friction wall; numbered public pads face opposite. Resolve library model at assembly review; native pin/key guide is authoritative.,77.323000,-15.927000
J112,C505166,0,180.0,5,0.000065,180,MANUAL: housing unavailable,Numbered pads checked; no public 3D housing. Require inward friction wall.,51.430000,-11.736000
J113,C5200275,180.0,90.0,34,0.000000,270,Functional pad orientation checked,Centered land pattern; SMT pad lengths may differ. Does not certify live JLC 3D model or absolute placement.,8.220000,-128.459000
J114,C305801,90.0,270.0,7,15.839938,0,MANUAL: housing/pad conflict,CPL follows inward friction wall; numbered public pads face opposite. Resolve library model at assembly review; native pin/key guide is authoritative.,7.610000,-187.249000
J115A,C86500,90.0,270.0,6,13.525897,0,MANUAL: housing/pad conflict,CPL follows inward friction wall; numbered public pads face opposite. Resolve library model at assembly review; native pin/key guide is authoritative.,7.610000,-245.602000
J115B,C86500,90.0,270.0,6,13.525897,0,MANUAL: housing/pad conflict,CPL follows inward friction wall; numbered public pads face opposite. Resolve library model at assembly review; native pin/key guide is authoritative.,7.610000,-221.842000
J116,C240824,180.0,180.0,4,0.000058,0,Functional pad orientation checked,Centered land pattern; SMT pad lengths may differ. Does not certify live JLC 3D model or absolute placement.,27.987000,-247.713000
J117,C240824,180.0,180.0,4,0.000058,0,Functional pad orientation checked,Centered land pattern; SMT pad lengths may differ. Does not certify live JLC 3D model or absolute placement.,27.987000,-265.300000
J118,C240824,180.0,180.0,4,0.000058,0,Functional pad orientation checked,Centered land pattern; SMT pad lengths may differ. Does not certify live JLC 3D model or absolute placement.,47.267000,-247.713000
J119,C240823,180.0,180.0,3,0.000061,0,Functional pad orientation checked,Centered land pattern; SMT pad lengths may differ. Does not certify live JLC 3D model or absolute placement.,46.545000,-265.300000
J120,C592598,180.0,0.0,0,,,MANUAL: no library,Native assembly drawing and polarity/key control placement; no library claim.,109.999000,-247.713000
J121,C592598,180.0,0.0,0,,,MANUAL: no library,Native assembly drawing and polarity/key control placement; no library claim.,99.018000,-265.300000
J122,C305802,180.0,0.0,9,20.449799,0,MANUAL: housing/pad conflict,CPL follows inward friction wall; numbered public pads face opposite. Resolve library model at assembly review; native pin/key guide is authoritative.,144.349000,-265.300000
J123,C505166,180.0,0.0,5,0.000065,180,MANUAL: housing unavailable,Numbered pads checked; no public 3D housing. Require inward friction wall.,137.100000,-247.713000
J124,C505166,180.0,0.0,5,0.000065,180,MANUAL: housing unavailable,Numbered pads checked; no public 3D housing. Require inward friction wall.,160.823000,-247.713000
J125,C305802,180.0,0.0,9,20.449799,0,MANUAL: housing/pad conflict,CPL follows inward friction wall; numbered public pads face opposite. Resolve library model at assembly review; native pin/key guide is authoritative.,218.202000,-247.713000
J126,C592598,180.0,0.0,0,,,MANUAL: no library,Native assembly drawing and polarity/key control placement; no library claim.,222.936000,-265.300000
J127,C305802,180.0,0.0,9,20.449799,0,MANUAL: housing/pad conflict,CPL follows inward friction wall; numbered public pads face opposite. Resolve library model at assembly review; native pin/key guide is authoritative.,268.331000,-247.713000
J128,C505166,180.0,0.0,5,0.000065,180,MANUAL: housing unavailable,Numbered pads checked; no public 3D housing. Require inward friction wall.,252.867000,-265.300000
J129,C505166,180.0,0.0,5,0.000065,180,MANUAL: housing unavailable,Numbered pads checked; no public 3D housing. Require inward friction wall.,275.500000,-265.300000
J130,C305802,180.0,0.0,9,20.449799,0,MANUAL: housing/pad conflict,CPL follows inward friction wall; numbered public pads face opposite. Resolve library model at assembly review; native pin/key guide is authoritative.,322.317000,-247.713000
J131,C505166,180.0,0.0,5,0.000065,180,MANUAL: housing unavailable,Numbered pads checked; no public 3D housing. Require inward friction wall.,314.313000,-265.300000
J132,C505166,180.0,0.0,5,0.000065,180,MANUAL: housing unavailable,Numbered pads checked; no public 3D housing. Require inward friction wall.,339.461000,-265.300000
J133,C94118,180.0,0.0,9,0.000000,180,Functional pad orientation checked,Centered land pattern; SMT pad lengths may differ. Does not certify live JLC 3D model or absolute placement.,369.365000,-244.779000
J134,C94118,180.0,0.0,9,0.000000,180,Functional pad orientation checked,Centered land pattern; SMT pad lengths may differ. Does not certify live JLC 3D model or absolute placement.,369.365000,-257.772000
J135,C94118,180.0,0.0,9,0.000000,180,Functional pad orientation checked,Centered land pattern; SMT pad lengths may differ. Does not certify live JLC 3D model or absolute placement.,369.365000,-267.490000
J136,C240823,180.0,180.0,3,0.000061,0,Functional pad orientation checked,Centered land pattern; SMT pad lengths may differ. Does not certify live JLC 3D model or absolute placement.,384.373000,-265.300000
J137,C305802,180.0,0.0,9,20.449799,0,MANUAL: housing/pad conflict,CPL follows inward friction wall; numbered public pads face opposite. Resolve library model at assembly review; native pin/key guide is authoritative.,422.659000,-246.875000
J138,C305802,180.0,0.0,9,20.449799,0,MANUAL: housing/pad conflict,CPL follows inward friction wall; numbered public pads face opposite. Resolve library model at assembly review; native pin/key guide is authoritative.,422.659000,-265.300000
L1,C840531,0,0.0,2,0.157580,0,Functional pad orientation checked,Centered land pattern; SMT pad lengths may differ. Does not certify live JLC 3D model or absolute placement.,263.450000,-69.000000
L2,C840531,0,0.0,2,0.157580,0,Functional pad orientation checked,Centered land pattern; SMT pad lengths may differ. Does not certify live JLC 3D model or absolute placement.,137.450000,-79.000000
LED1,C84256,270.0,270.0,2,0.162574,0,Functional pad orientation checked,Centered land pattern; SMT pad lengths may differ. Does not certify live JLC 3D model or absolute placement.,19.532000,-129.415500
LED2,C84256,270.0,270.0,2,0.162574,0,Functional pad orientation checked,Centered land pattern; SMT pad lengths may differ. Does not certify live JLC 3D model or absolute placement.,63.542000,-59.418500
LED3,C84256,270.0,270.0,2,0.162574,0,Functional pad orientation checked,Centered land pattern; SMT pad lengths may differ. Does not certify live JLC 3D model or absolute placement.,73.434000,-59.418500
LED4,C84256,270.0,270.0,2,0.162574,0,Functional pad orientation checked,Centered land pattern; SMT pad lengths may differ. Does not certify live JLC 3D model or absolute placement.,186.015000,-87.501500
LED5,C84256,270.0,270.0,2,0.162574,0,Functional pad orientation checked,Centered land pattern; SMT pad lengths may differ. Does not certify live JLC 3D model or absolute placement.,340.762000,-38.007500
LED6,C84256,270.0,270.0,2,0.162574,0,Functional pad orientation checked,Centered land pattern; SMT pad lengths may differ. Does not certify live JLC 3D model or absolute placement.,352.000000,-83.062500
LED7,C84256,270.0,270.0,2,0.162574,0,Functional pad orientation checked,Centered land pattern; SMT pad lengths may differ. Does not certify live JLC 3D model or absolute placement.,43.423000,-51.036500
Q9,C8512,270.0,90.0,3,0.058924,180,Functional pad orientation checked,Centered land pattern; SMT pad lengths may differ. Does not certify live JLC 3D model or absolute placement.,141.446000,-207.485500
Q10,C9102,270.0,270.0,3,0.004671,0,Functional pad orientation checked,Centered land pattern; SMT pad lengths may differ. Does not certify live JLC 3D model or absolute placement.,117.444000,-207.450000
Q11,C8512,270.0,90.0,3,0.058924,180,Functional pad orientation checked,Centered land pattern; SMT pad lengths may differ. Does not certify live JLC 3D model or absolute placement.,61.139000,-157.588500
Q12,C9102,270.0,270.0,3,0.004671,0,Functional pad orientation checked,Centered land pattern; SMT pad lengths may differ. Does not certify live JLC 3D model or absolute placement.,38.393000,-156.734000
Q13,C8512,270.0,90.0,3,0.058924,180,Functional pad orientation checked,Centered land pattern; SMT pad lengths may differ. Does not certify live JLC 3D model or absolute placement.,98.694000,-130.782500
Q14,C9102,270.0,270.0,3,0.004671,0,Functional pad orientation checked,Centered land pattern; SMT pad lengths may differ. Does not certify live JLC 3D model or absolute placement.,78.044000,-129.909000
Q15,C8512,270.0,90.0,3,0.058924,180,Functional pad orientation checked,Centered land pattern; SMT pad lengths may differ. Does not certify live JLC 3D model or absolute placement.,100.370000,-181.917500
Q16,C9102,270.0,270.0,3,0.004671,0,Functional pad orientation checked,Centered land pattern; SMT pad lengths may differ. Does not certify live JLC 3D model or absolute placement.,78.044000,-182.302000
Q17,C8512,270.0,90.0,3,0.058924,180,Functional pad orientation checked,Centered land pattern; SMT pad lengths may differ. Does not certify live JLC 3D model or absolute placement.,141.446000,-155.930500
Q18,C9102,270.0,270.0,3,0.004671,0,Functional pad orientation checked,Centered land pattern; SMT pad lengths may differ. Does not certify live JLC 3D model or absolute placement.,128.341000,-155.057000
Q20,C485687,0,180.0,3,0.258505,180,Functional pad orientation checked,Centered land pattern; SMT pad lengths may differ. Does not certify live JLC 3D model or absolute placement.,159.395000,-145.047000
Q22,C485687,0,180.0,3,0.258505,180,Functional pad orientation checked,Centered land pattern; SMT pad lengths may differ. Does not certify live JLC 3D model or absolute placement.,159.395000,-171.453000
Q24,C485687,0,180.0,3,0.258505,180,Functional pad orientation checked,Centered land pattern; SMT pad lengths may differ. Does not certify live JLC 3D model or absolute placement.,159.395000,-197.859000
Q26,C485687,0,180.0,3,0.258505,180,Functional pad orientation checked,Centered land pattern; SMT pad lengths may differ. Does not certify live JLC 3D model or absolute placement.,159.395000,-224.265000
Q28,C485687,0,180.0,3,0.258505,180,Functional pad orientation checked,Centered land pattern; SMT pad lengths may differ. Does not certify live JLC 3D model or absolute placement.,192.926000,-146.540000
Q30,C485687,0,180.0,3,0.258505,180,Functional pad orientation checked,Centered land pattern; SMT pad lengths may differ. Does not certify live JLC 3D model or absolute placement.,192.926000,-172.946000
Q32,C485687,0,180.0,3,0.258505,180,Functional pad orientation checked,Centered land pattern; SMT pad lengths may differ. Does not certify live JLC 3D model or absolute placement.,192.926000,-199.354000
Q34,C485687,0,180.0,3,0.258505,180,Functional pad orientation checked,Centered land pattern; SMT pad lengths may differ. Does not certify live JLC 3D model or absolute placement.,192.926000,-225.758000
Q36,C485687,0,180.0,3,0.258505,180,Functional pad orientation checked,Centered land pattern; SMT pad lengths may differ. Does not certify live JLC 3D model or absolute placement.,216.398000,-146.540000
Q38,C485687,0,180.0,3,0.258505,180,Functional pad orientation checked,Centered land pattern; SMT pad lengths may differ. Does not certify live JLC 3D model or absolute placement.,216.398000,-172.946000
Q40,C485687,0,180.0,3,0.258505,180,Functional pad orientation checked,Centered land pattern; SMT pad lengths may differ. Does not certify live JLC 3D model or absolute placement.,216.398000,-199.354000
Q42,C485687,0,180.0,3,0.258505,180,Functional pad orientation checked,Centered land pattern; SMT pad lengths may differ. Does not certify live JLC 3D model or absolute placement.,216.398000,-225.758000
Q44,C485687,0,180.0,3,0.258505,180,Functional pad orientation checked,Centered land pattern; SMT pad lengths may differ. Does not certify live JLC 3D model or absolute placement.,240.121000,-145.047000
Q46,C485687,0,180.0,3,0.258505,180,Functional pad orientation checked,Centered land pattern; SMT pad lengths may differ. Does not certify live JLC 3D model or absolute placement.,240.121000,-171.453000
Q48,C485687,0,180.0,3,0.258505,180,Functional pad orientation checked,Centered land pattern; SMT pad lengths may differ. Does not certify live JLC 3D model or absolute placement.,240.121000,-197.859000
Q50,C485687,0,180.0,3,0.258505,180,Functional pad orientation checked,Centered land pattern; SMT pad lengths may differ. Does not certify live JLC 3D model or absolute placement.,240.121000,-224.265000
Q52,C485687,0,180.0,3,0.258505,180,Functional pad orientation checked,Centered land pattern; SMT pad lengths may differ. Does not certify live JLC 3D model or absolute placement.,261.917000,-145.047000
Q54,C485687,0,180.0,3,0.258505,180,Functional pad orientation checked,Centered land pattern; SMT pad lengths may differ. Does not certify live JLC 3D model or absolute placement.,261.917000,-171.453000
Q56,C485687,0,180.0,3,0.258505,180,Functional pad orientation checked,Centered land pattern; SMT pad lengths may differ. Does not certify live JLC 3D model or absolute placement.,261.917000,-197.859000
Q58,C485687,0,180.0,3,0.258505,180,Functional pad orientation checked,Centered land pattern; SMT pad lengths may differ. Does not certify live JLC 3D model or absolute placement.,261.917000,-224.265000
Q64,C485687,0,180.0,3,0.258505,180,Functional pad orientation checked,Centered land pattern; SMT pad lengths may differ. Does not certify live JLC 3D model or absolute placement.,282.873000,-148.690000
Q66,C485687,0,180.0,3,0.258505,180,Functional pad orientation checked,Centered land pattern; SMT pad lengths may differ. Does not certify live JLC 3D model or absolute placement.,282.873000,-174.252000
Q68,C485687,0,180.0,3,0.258505,180,Functional pad orientation checked,Centered land pattern; SMT pad lengths may differ. Does not certify live JLC 3D model or absolute placement.,282.873000,-199.832000
Q70,C485687,0,180.0,3,0.258505,180,Functional pad orientation checked,Centered land pattern; SMT pad lengths may differ. Does not certify live JLC 3D model or absolute placement.,282.873000,-225.400000
Q76,C485687,0,180.0,3,0.258505,180,Functional pad orientation checked,Centered land pattern; SMT pad lengths may differ. Does not certify live JLC 3D model or absolute placement.,307.435000,-148.690000
Q78,C485687,0,180.0,3,0.258505,180,Functional pad orientation checked,Centered land pattern; SMT pad lengths may differ. Does not certify live JLC 3D model or absolute placement.,307.435000,-174.252000
Q80,C485687,0,180.0,3,0.258505,180,Functional pad orientation checked,Centered land pattern; SMT pad lengths may differ. Does not certify live JLC 3D model or absolute placement.,307.435000,-199.832000
Q82,C485687,0,180.0,3,0.258505,180,Functional pad orientation checked,Centered land pattern; SMT pad lengths may differ. Does not certify live JLC 3D model or absolute placement.,307.435000,-225.400000
Q83,C3007,0,90.0,3,0.361321,90,Functional pad orientation checked,Centered land pattern; SMT pad lengths may differ. Does not certify live JLC 3D model or absolute placement.,349.647000,-179.120000
Q84,C3007,0,90.0,3,0.361321,90,Functional pad orientation checked,Centered land pattern; SMT pad lengths may differ. Does not certify live JLC 3D model or absolute placement.,349.472000,-195.974000
Q85,C3007,0,90.0,3,0.361321,90,Functional pad orientation checked,Centered land pattern; SMT pad lengths may differ. Does not certify live JLC 3D model or absolute placement.,349.620000,-212.846000
Q86,C3007,0,90.0,3,0.361321,90,Functional pad orientation checked,Centered land pattern; SMT pad lengths may differ. Does not certify live JLC 3D model or absolute placement.,349.472000,-229.706000
Q87,C3007,0,90.0,3,0.361321,90,Functional pad orientation checked,Centered land pattern; SMT pad lengths may differ. Does not certify live JLC 3D model or absolute placement.,371.347000,-179.156000
Q88,C3007,0,90.0,3,0.361321,90,Functional pad orientation checked,Centered land pattern; SMT pad lengths may differ. Does not certify live JLC 3D model or absolute placement.,371.471000,-195.980000
Q89,C3007,0,90.0,3,0.361321,90,Functional pad orientation checked,Centered land pattern; SMT pad lengths may differ. Does not certify live JLC 3D model or absolute placement.,371.342000,-212.815000
Q90,C3007,0,90.0,3,0.361321,90,Functional pad orientation checked,Centered land pattern; SMT pad lengths may differ. Does not certify live JLC 3D model or absolute placement.,371.471000,-229.692000
Q91,C2624,0,180.0,3,0.022230,180,Functional pad orientation checked,Centered land pattern; SMT pad lengths may differ. Does not certify live JLC 3D model or absolute placement.,406.604000,-179.199000
Q92,C2624,0,180.0,3,0.022230,180,Functional pad orientation checked,Centered land pattern; SMT pad lengths may differ. Does not certify live JLC 3D model or absolute placement.,406.604000,-196.063000
Q93,C2624,0,180.0,3,0.022230,180,Functional pad orientation checked,Centered land pattern; SMT pad lengths may differ. Does not certify live JLC 3D model or absolute placement.,406.604000,-212.938000
Q94,C2624,0,180.0,3,0.022230,180,Functional pad orientation checked,Centered land pattern; SMT pad lengths may differ. Does not certify live JLC 3D model or absolute placement.,406.604000,-229.781000
Q95,C2624,0,180.0,3,0.022230,180,Functional pad orientation checked,Centered land pattern; SMT pad lengths may differ. Does not certify live JLC 3D model or absolute placement.,428.400000,-187.225000
Q96,C2624,0,180.0,3,0.022230,180,Functional pad orientation checked,Centered land pattern; SMT pad lengths may differ. Does not certify live JLC 3D model or absolute placement.,428.400000,-204.089000
Q97,C2624,0,180.0,3,0.022230,180,Functional pad orientation checked,Centered land pattern; SMT pad lengths may differ. Does not certify live JLC 3D model or absolute placement.,428.400000,-220.944000
Q98,C2624,0,180.0,3,0.022230,180,Functional pad orientation checked,Centered land pattern; SMT pad lengths may differ. Does not certify live JLC 3D model or absolute placement.,428.470000,-237.809000
R3,C17414,0,0.0,2,0.087498,0,Functional pad orientation checked,Centered land pattern; SMT pad lengths may differ. Does not certify live JLC 3D model or absolute placement.,73.549500,-71.972000
R4,C17414,0,0.0,2,0.087498,0,Functional pad orientation checked,Centered land pattern; SMT pad lengths may differ. Does not certify live JLC 3D model or absolute placement.,68.139500,-69.997000
R6,C17414,0,0.0,2,0.087498,0,Functional pad orientation checked,Centered land pattern; SMT pad lengths may differ. Does not certify live JLC 3D model or absolute placement.,74.845500,-68.022000
R7,C1882619,0,0.0,0,,,No library; nonpolarized,Retain native axis; 180 deg electrically equivalent.,137.533500,-214.312000
R8,C17710,0,0.0,2,0.087498,0,Functional pad orientation checked,Centered land pattern; SMT pad lengths may differ. Does not certify live JLC 3D model or absolute placement.,119.465500,-114.972000
R9,C17414,0,0.0,2,0.087498,0,Functional pad orientation checked,Centered land pattern; SMT pad lengths may differ. Does not certify live JLC 3D model or absolute placement.,139.583500,-203.493000
R10,C1882619,0,0.0,0,,,No library; nonpolarized,Retain native axis; 180 deg electrically equivalent.,57.226500,-164.436000
R11,C17710,0,0.0,2,0.087498,0,Functional pad orientation checked,Centered land pattern; SMT pad lengths may differ. Does not certify live JLC 3D model or absolute placement.,119.465500,-118.878000
R12,C17414,0,0.0,2,0.087498,0,Functional pad orientation checked,Centered land pattern; SMT pad lengths may differ. Does not certify live JLC 3D model or absolute placement.,59.276500,-153.646000
R13,C1882619,0,0.0,0,,,No library; nonpolarized,Retain native axis; 180 deg electrically equivalent.,94.781500,-137.609000
R14,C17710,0,0.0,2,0.087498,0,Functional pad orientation checked,Centered land pattern; SMT pad lengths may differ. Does not certify live JLC 3D model or absolute placement.,119.465500,-122.793000
R15,C17414,0,0.0,2,0.087498,0,Functional pad orientation checked,Centered land pattern; SMT pad lengths may differ. Does not certify live JLC 3D model or absolute placement.,96.831500,-126.790000
R16,C1882619,0,0.0,0,,,No library; nonpolarized,Retain native axis; 180 deg electrically equivalent.,96.457500,-188.745000
R17,C17710,0,0.0,2,0.087498,0,Functional pad orientation checked,Centered land pattern; SMT pad lengths may differ. Does not certify live JLC 3D model or absolute placement.,119.465500,-126.743000
R18,C17414,0,0.0,2,0.087498,0,Functional pad orientation checked,Centered land pattern; SMT pad lengths may differ. Does not certify live JLC 3D model or absolute placement.,98.507500,-177.925000
R19,C1882619,0,0.0,0,,,No library; nonpolarized,Retain native axis; 180 deg electrically equivalent.,137.533500,-162.758000
R20,C17710,0,0.0,2,0.087498,0,Functional pad orientation checked,Centered land pattern; SMT pad lengths may differ. Does not certify live JLC 3D model or absolute placement.,119.465500,-130.657000
R21,C17414,0,0.0,2,0.087498,0,Functional pad orientation checked,Centered land pattern; SMT pad lengths may differ. Does not certify live JLC 3D model or absolute placement.,139.583500,-151.938000
R22,C17408,0,0.0,2,0.087498,0,Functional pad orientation checked,Centered land pattern; SMT pad lengths may differ. Does not certify live JLC 3D model or absolute placement.,162.469500,-136.913000
R23,C17414,0,0.0,2,0.087498,0,Functional pad orientation checked,Centered land pattern; SMT pad lengths may differ. Does not certify live JLC 3D model or absolute placement.,162.469500,-140.863000
R26,C17408,0,0.0,2,0.087498,0,Functional pad orientation checked,Centered land pattern; SMT pad lengths may differ. Does not certify live JLC 3D model or absolute placement.,162.469500,-163.318000
R27,C17414,0,0.0,2,0.087498,0,Functional pad orientation checked,Centered land pattern; SMT pad lengths may differ. Does not certify live JLC 3D model or absolute placement.,162.469500,-167.268000
R30,C17408,0,0.0,2,0.087498,0,Functional pad orientation checked,Centered land pattern; SMT pad lengths may differ. Does not certify live JLC 3D model or absolute placement.,162.469500,-189.718000
R31,C17414,0,0.0,2,0.087498,0,Functional pad orientation checked,Centered land pattern; SMT pad lengths may differ. Does not certify live JLC 3D model or absolute placement.,162.469500,-193.668000
R34,C17408,0,0.0,2,0.087498,0,Functional pad orientation checked,Centered land pattern; SMT pad lengths may differ. Does not certify live JLC 3D model or absolute placement.,162.469500,-216.130000
R35,C17414,0,0.0,2,0.087498,0,Functional pad orientation checked,Centered land pattern; SMT pad lengths may differ. Does not certify live JLC 3D model or absolute placement.,162.469500,-220.080000
R38,C17408,0,0.0,2,0.087498,0,Functional pad orientation checked,Centered land pattern; SMT pad lengths may differ. Does not certify live JLC 3D model or absolute placement.,196.000500,-138.396000
R39,C17414,0,0.0,2,0.087498,0,Functional pad orientation checked,Centered land pattern; SMT pad lengths may differ. Does not certify live JLC 3D model or absolute placement.,196.000500,-142.346000
R42,C17408,0,0.0,2,0.087498,0,Functional pad orientation checked,Centered land pattern; SMT pad lengths may differ. Does not certify live JLC 3D model or absolute placement.,196.000500,-164.802000
R43,C17414,0,0.0,2,0.087498,0,Functional pad orientation checked,Centered land pattern; SMT pad lengths may differ. Does not certify live JLC 3D model or absolute placement.,196.000500,-168.752000
R46,C17408,0,0.0,2,0.087498,0,Functional pad orientation checked,Centered land pattern; SMT pad lengths may differ. Does not certify live JLC 3D model or absolute placement.,196.000500,-191.215000
R47,C17414,0,0.0,2,0.087498,0,Functional pad orientation checked,Centered land pattern; SMT pad lengths may differ. Does not certify live JLC 3D model or absolute placement.,196.000500,-195.165000
R50,C17408,0,0.0,2,0.087498,0,Functional pad orientation checked,Centered land pattern; SMT pad lengths may differ. Does not certify live JLC 3D model or absolute placement.,196.000500,-217.614000
R51,C17414,0,0.0,2,0.087498,0,Functional pad orientation checked,Centered land pattern; SMT pad lengths may differ. Does not certify live JLC 3D model or absolute placement.,196.000500,-221.564000
R54,C17408,0,0.0,2,0.087498,0,Functional pad orientation checked,Centered land pattern; SMT pad lengths may differ. Does not certify live JLC 3D model or absolute placement.,219.472500,-138.396000
R55,C17414,0,0.0,2,0.087498,0,Functional pad orientation checked,Centered land pattern; SMT pad lengths may differ. Does not certify live JLC 3D model or absolute placement.,219.472500,-142.346000
R58,C17408,0,0.0,2,0.087498,0,Functional pad orientation checked,Centered land pattern; SMT pad lengths may differ. Does not certify live JLC 3D model or absolute placement.,219.472500,-164.802000
R59,C17414,0,0.0,2,0.087498,0,Functional pad orientation checked,Centered land pattern; SMT pad lengths may differ. Does not certify live JLC 3D model or absolute placement.,219.472500,-168.752000
R62,C17408,0,0.0,2,0.087498,0,Functional pad orientation checked,Centered land pattern; SMT pad lengths may differ. Does not certify live JLC 3D model or absolute placement.,219.472500,-191.215000
R63,C17414,0,0.0,2,0.087498,0,Functional pad orientation checked,Centered land pattern; SMT pad lengths may differ. Does not certify live JLC 3D model or absolute placement.,219.472500,-195.165000
R66,C17408,0,0.0,2,0.087498,0,Functional pad orientation checked,Centered land pattern; SMT pad lengths may differ. Does not certify live JLC 3D model or absolute placement.,219.472500,-217.614000
R67,C17414,0,0.0,2,0.087498,0,Functional pad orientation checked,Centered land pattern; SMT pad lengths may differ. Does not certify live JLC 3D model or absolute placement.,219.472500,-221.564000
R70,C17408,0,0.0,2,0.087498,0,Functional pad orientation checked,Centered land pattern; SMT pad lengths may differ. Does not certify live JLC 3D model or absolute placement.,243.195500,-136.913000
R71,C17414,0,0.0,2,0.087498,0,Functional pad orientation checked,Centered land pattern; SMT pad lengths may differ. Does not certify live JLC 3D model or absolute placement.,243.195500,-140.863000
R74,C17408,0,0.0,2,0.087498,0,Functional pad orientation checked,Centered land pattern; SMT pad lengths may differ. Does not certify live JLC 3D model or absolute placement.,243.195500,-163.318000
R75,C17414,0,0.0,2,0.087498,0,Functional pad orientation checked,Centered land pattern; SMT pad lengths may differ. Does not certify live JLC 3D model or absolute placement.,243.195500,-167.268000
R78,C17408,0,0.0,2,0.087498,0,Functional pad orientation checked,Centered land pattern; SMT pad lengths may differ. Does not certify live JLC 3D model or absolute placement.,243.195500,-189.718000
R79,C17414,0,0.0,2,0.087498,0,Functional pad orientation checked,Centered land pattern; SMT pad lengths may differ. Does not certify live JLC 3D model or absolute placement.,243.195500,-193.668000
R82,C17408,0,0.0,2,0.087498,0,Functional pad orientation checked,Centered land pattern; SMT pad lengths may differ. Does not certify live JLC 3D model or absolute placement.,243.195500,-216.130000
R83,C17414,0,0.0,2,0.087498,0,Functional pad orientation checked,Centered land pattern; SMT pad lengths may differ. Does not certify live JLC 3D model or absolute placement.,243.195500,-220.080000
R86,C17408,0,0.0,2,0.087498,0,Functional pad orientation checked,Centered land pattern; SMT pad lengths may differ. Does not certify live JLC 3D model or absolute placement.,264.991500,-136.913000
R87,C17414,0,0.0,2,0.087498,0,Functional pad orientation checked,Centered land pattern; SMT pad lengths may differ. Does not certify live JLC 3D model or absolute placement.,264.991500,-140.863000
R90,C17408,0,0.0,2,0.087498,0,Functional pad orientation checked,Centered land pattern; SMT pad lengths may differ. Does not certify live JLC 3D model or absolute placement.,264.991500,-163.318000
R91,C17414,0,0.0,2,0.087498,0,Functional pad orientation checked,Centered land pattern; SMT pad lengths may differ. Does not certify live JLC 3D model or absolute placement.,264.991500,-167.268000
R94,C17408,0,0.0,2,0.087498,0,Functional pad orientation checked,Centered land pattern; SMT pad lengths may differ. Does not certify live JLC 3D model or absolute placement.,264.991500,-189.718000
R95,C17414,0,0.0,2,0.087498,0,Functional pad orientation checked,Centered land pattern; SMT pad lengths may differ. Does not certify live JLC 3D model or absolute placement.,264.991500,-193.668000
R98,C17408,0,0.0,2,0.087498,0,Functional pad orientation checked,Centered land pattern; SMT pad lengths may differ. Does not certify live JLC 3D model or absolute placement.,264.991500,-216.130000
R99,C17414,0,0.0,2,0.087498,0,Functional pad orientation checked,Centered land pattern; SMT pad lengths may differ. Does not certify live JLC 3D model or absolute placement.,264.991500,-220.080000
R126,C17414,0,0.0,2,0.087498,0,Functional pad orientation checked,Centered land pattern; SMT pad lengths may differ. Does not certify live JLC 3D model or absolute placement.,285.948500,-140.617000
R127,C17408,0,0.0,2,0.087498,0,Functional pad orientation checked,Centered land pattern; SMT pad lengths may differ. Does not certify live JLC 3D model or absolute placement.,285.948500,-144.520000
R128,C17414,0,0.0,2,0.087498,0,Functional pad orientation checked,Centered land pattern; SMT pad lengths may differ. Does not certify live JLC 3D model or absolute placement.,285.948500,-166.129000
R129,C17408,0,0.0,2,0.087498,0,Functional pad orientation checked,Centered land pattern; SMT pad lengths may differ. Does not certify live JLC 3D model or absolute placement.,285.948500,-170.079000
R130,C17414,0,0.0,2,0.087498,0,Functional pad orientation checked,Centered land pattern; SMT pad lengths may differ. Does not certify live JLC 3D model or absolute placement.,285.948500,-191.712000
R131,C17408,0,0.0,2,0.087498,0,Functional pad orientation checked,Centered land pattern; SMT pad lengths may differ. Does not certify live JLC 3D model or absolute placement.,285.948500,-195.662000
R132,C17414,0,0.0,2,0.087498,0,Functional pad orientation checked,Centered land pattern; SMT pad lengths may differ. Does not certify live JLC 3D model or absolute placement.,285.948500,-217.279000
R133,C17408,0,0.0,2,0.087498,0,Functional pad orientation checked,Centered land pattern; SMT pad lengths may differ. Does not certify live JLC 3D model or absolute placement.,285.948500,-221.229000
R134,C17414,0,0.0,2,0.087498,0,Functional pad orientation checked,Centered land pattern; SMT pad lengths may differ. Does not certify live JLC 3D model or absolute placement.,310.509500,-140.617000
R135,C17408,0,0.0,2,0.087498,0,Functional pad orientation checked,Centered land pattern; SMT pad lengths may differ. Does not certify live JLC 3D model or absolute placement.,310.509500,-144.520000
R136,C17414,0,0.0,2,0.087498,0,Functional pad orientation checked,Centered land pattern; SMT pad lengths may differ. Does not certify live JLC 3D model or absolute placement.,310.509500,-166.129000
R137,C17408,0,0.0,2,0.087498,0,Functional pad orientation checked,Centered land pattern; SMT pad lengths may differ. Does not certify live JLC 3D model or absolute placement.,310.509500,-170.079000
R138,C17414,0,0.0,2,0.087498,0,Functional pad orientation checked,Centered land pattern; SMT pad lengths may differ. Does not certify live JLC 3D model or absolute placement.,310.509500,-191.712000
R139,C17408,0,0.0,2,0.087498,0,Functional pad orientation checked,Centered land pattern; SMT pad lengths may differ. Does not certify live JLC 3D model or absolute placement.,310.509500,-195.662000
R140,C17414,0,0.0,2,0.087498,0,Functional pad orientation checked,Centered land pattern; SMT pad lengths may differ. Does not certify live JLC 3D model or absolute placement.,310.509500,-217.279000
R141,C17408,0,0.0,2,0.087498,0,Functional pad orientation checked,Centered land pattern; SMT pad lengths may differ. Does not certify live JLC 3D model or absolute placement.,310.509500,-221.229000
R142,C17414,270.0,270.0,2,0.087498,0,Functional pad orientation checked,Centered land pattern; SMT pad lengths may differ. Does not certify live JLC 3D model or absolute placement.,329.232000,-171.773500
R143,C17414,270.0,270.0,2,0.087498,0,Functional pad orientation checked,Centered land pattern; SMT pad lengths may differ. Does not certify live JLC 3D model or absolute placement.,346.044000,-148.469500
R144,C17414,270.0,270.0,2,0.087498,0,Functional pad orientation checked,Centered land pattern; SMT pad lengths may differ. Does not certify live JLC 3D model or absolute placement.,362.453000,-173.618500
R145,C17414,270.0,270.0,2,0.087498,0,Functional pad orientation checked,Centered land pattern; SMT pad lengths may differ. Does not certify live JLC 3D model or absolute placement.,364.852000,-148.469500
R146,C17414,270.0,270.0,2,0.087498,0,Functional pad orientation checked,Centered land pattern; SMT pad lengths may differ. Does not certify live JLC 3D model or absolute placement.,368.802000,-148.469500
R147,C17414,270.0,270.0,2,0.087498,0,Functional pad orientation checked,Centered land pattern; SMT pad lengths may differ. Does not certify live JLC 3D model or absolute placement.,366.369000,-163.966500
R148,C17414,270.0,270.0,2,0.087498,0,Functional pad orientation checked,Centered land pattern; SMT pad lengths may differ. Does not certify live JLC 3D model or absolute placement.,399.528000,-171.773500
R149,C17414,270.0,270.0,2,0.087498,0,Functional pad orientation checked,Centered land pattern; SMT pad lengths may differ. Does not certify live JLC 3D model or absolute placement.,399.457000,-148.721500
R150,C875839,270.0,270.0,0,,,No library; nonpolarized,Retain native axis; 180 deg electrically equivalent.,340.382000,-198.644500
R151,C875839,270.0,270.0,0,,,No library; nonpolarized,Retain native axis; 180 deg electrically equivalent.,340.389000,-219.182500
R152,C875839,270.0,270.0,0,,,No library; nonpolarized,Retain native axis; 180 deg electrically equivalent.,334.308000,-198.644500
R153,C875839,270.0,270.0,0,,,No library; nonpolarized,Retain native axis; 180 deg electrically equivalent.,334.308000,-219.182500
R154,C17513,0,0.0,2,0.087498,0,Functional pad orientation checked,Centered land pattern; SMT pad lengths may differ. Does not certify live JLC 3D model or absolute placement.,348.940500,-191.802000
R155,C17408,0,0.0,2,0.087498,0,Functional pad orientation checked,Centered land pattern; SMT pad lengths may differ. Does not certify live JLC 3D model or absolute placement.,348.651500,-174.942000
R156,C17513,0,0.0,2,0.087498,0,Functional pad orientation checked,Centered land pattern; SMT pad lengths may differ. Does not certify live JLC 3D model or absolute placement.,348.711500,-204.750000
R157,C17408,0,0.0,2,0.087498,0,Functional pad orientation checked,Centered land pattern; SMT pad lengths may differ. Does not certify live JLC 3D model or absolute placement.,349.108500,-187.852000
R158,C17513,0,0.0,2,0.087498,0,Functional pad orientation checked,Centered land pattern; SMT pad lengths may differ. Does not certify live JLC 3D model or absolute placement.,349.232500,-225.486000
R159,C17408,0,0.0,2,0.087498,0,Functional pad orientation checked,Centered land pattern; SMT pad lengths may differ. Does not certify live JLC 3D model or absolute placement.,348.681500,-208.652000
R160,C17513,0,0.0,2,0.087498,0,Functional pad orientation checked,Centered land pattern; SMT pad lengths may differ. Does not certify live JLC 3D model or absolute placement.,348.651500,-238.448000
R161,C17408,0,0.0,2,0.087498,0,Functional pad orientation checked,Centered land pattern; SMT pad lengths may differ. Does not certify live JLC 3D model or absolute placement.,349.108500,-221.584000
R162,C17513,0,0.0,2,0.087498,0,Functional pad orientation checked,Centered land pattern; SMT pad lengths may differ. Does not certify live JLC 3D model or absolute placement.,369.189500,-169.559000
R164,C17513,0,0.0,2,0.087498,0,Functional pad orientation checked,Centered land pattern; SMT pad lengths may differ. Does not certify live JLC 3D model or absolute placement.,370.818500,-191.791000
R165,C17408,0,0.0,2,0.087498,0,Functional pad orientation checked,Centered land pattern; SMT pad lengths may differ. Does not certify live JLC 3D model or absolute placement.,372.333500,-174.965000
R166,C17513,0,0.0,2,0.087498,0,Functional pad orientation checked,Centered land pattern; SMT pad lengths may differ. Does not certify live JLC 3D model or absolute placement.,370.758500,-204.713000
R167,C17408,0,0.0,2,0.087498,0,Functional pad orientation checked,Centered land pattern; SMT pad lengths may differ. Does not certify live JLC 3D model or absolute placement.,370.818500,-187.890000
R168,C17513,0,0.0,2,0.087498,0,Functional pad orientation checked,Centered land pattern; SMT pad lengths may differ. Does not certify live JLC 3D model or absolute placement.,370.818500,-225.472000
R169,C17408,0,0.0,2,0.087498,0,Functional pad orientation checked,Centered land pattern; SMT pad lengths may differ. Does not certify live JLC 3D model or absolute placement.,370.818500,-208.615000
R170,C17513,0,0.0,2,0.087498,0,Functional pad orientation checked,Centered land pattern; SMT pad lengths may differ. Does not certify live JLC 3D model or absolute placement.,370.698500,-238.447000
R171,C17408,0,0.0,2,0.087498,0,Functional pad orientation checked,Centered land pattern; SMT pad lengths may differ. Does not certify live JLC 3D model or absolute placement.,370.788500,-221.570000
R172,C875839,270.0,270.0,0,,,No library; nonpolarized,Retain native axis; 180 deg electrically equivalent.,391.311000,-198.644500
R173,C875839,270.0,270.0,0,,,No library; nonpolarized,Retain native axis; 180 deg electrically equivalent.,391.311000,-219.182500
R174,C875839,270.0,270.0,0,,,No library; nonpolarized,Retain native axis; 180 deg electrically equivalent.,385.201000,-198.644500
R175,C875839,270.0,270.0,0,,,No library; nonpolarized,Retain native axis; 180 deg electrically equivalent.,385.201000,-219.182500
R176,C4310,0,0.0,2,0.087498,0,Functional pad orientation checked,Centered land pattern; SMT pad lengths may differ. Does not certify live JLC 3D model or absolute placement.,405.906500,-175.019000
R177,C17513,0,0.0,2,0.087498,0,Functional pad orientation checked,Centered land pattern; SMT pad lengths may differ. Does not certify live JLC 3D model or absolute placement.,405.906500,-187.979000
R178,C4310,0,0.0,2,0.087498,0,Functional pad orientation checked,Centered land pattern; SMT pad lengths may differ. Does not certify live JLC 3D model or absolute placement.,405.906500,-191.880000
R179,C17513,0,0.0,2,0.087498,0,Functional pad orientation checked,Centered land pattern; SMT pad lengths may differ. Does not certify live JLC 3D model or absolute placement.,405.906500,-204.818000
R180,C4310,0,0.0,2,0.087498,0,Functional pad orientation checked,Centered land pattern; SMT pad lengths may differ. Does not certify live JLC 3D model or absolute placement.,405.906500,-208.718000
R181,C17513,0,0.0,2,0.087498,0,Functional pad orientation checked,Centered land pattern; SMT pad lengths may differ. Does not certify live JLC 3D model or absolute placement.,405.906500,-221.709000
R182,C4310,0,0.0,2,0.087498,0,Functional pad orientation checked,Centered land pattern; SMT pad lengths may differ. Does not certify live JLC 3D model or absolute placement.,405.906500,-225.610000
R183,C17513,0,0.0,2,0.087498,0,Functional pad orientation checked,Centered land pattern; SMT pad lengths may differ. Does not certify live JLC 3D model or absolute placement.,405.906500,-238.523000
R184,C4310,0,0.0,2,0.087498,0,Functional pad orientation checked,Centered land pattern; SMT pad lengths may differ. Does not certify live JLC 3D model or absolute placement.,427.702500,-183.005000
R185,C17513,0,0.0,2,0.087498,0,Functional pad orientation checked,Centered land pattern; SMT pad lengths may differ. Does not certify live JLC 3D model or absolute placement.,427.702500,-196.001000
R186,C4310,0,0.0,2,0.087498,0,Functional pad orientation checked,Centered land pattern; SMT pad lengths may differ. Does not certify live JLC 3D model or absolute placement.,427.702500,-199.901000
R187,C17513,0,0.0,2,0.087498,0,Functional pad orientation checked,Centered land pattern; SMT pad lengths may differ. Does not certify live JLC 3D model or absolute placement.,427.702500,-212.822000
R188,C4310,0,0.0,2,0.087498,0,Functional pad orientation checked,Centered land pattern; SMT pad lengths may differ. Does not certify live JLC 3D model or absolute placement.,427.702500,-216.772000
R189,C17513,0,0.0,2,0.087498,0,Functional pad orientation checked,Centered land pattern; SMT pad lengths may differ. Does not certify live JLC 3D model or absolute placement.,427.702500,-229.692000
R190,C4310,0,0.0,2,0.087498,0,Functional pad orientation checked,Centered land pattern; SMT pad lengths may differ. Does not certify live JLC 3D model or absolute placement.,427.702500,-233.593000
R191,C17513,0,0.0,2,0.087498,0,Functional pad orientation checked,Centered land pattern; SMT pad lengths may differ. Does not certify live JLC 3D model or absolute placement.,427.886500,-246.589000
R192,C17710,0,0.0,2,0.087498,0,Functional pad orientation checked,Centered land pattern; SMT pad lengths may differ. Does not certify live JLC 3D model or absolute placement.,175.881500,-88.439000
R193,C17513,0,0.0,2,0.087498,0,Functional pad orientation checked,Centered land pattern; SMT pad lengths may differ. Does not certify live JLC 3D model or absolute placement.,22.810500,-120.294000
R194,C4310,0,0.0,2,0.087498,0,Functional pad orientation checked,Centered land pattern; SMT pad lengths may differ. Does not certify live JLC 3D model or absolute placement.,340.150500,-43.625000
R196,C4310,0,0.0,2,0.087498,0,Functional pad orientation checked,Centered land pattern; SMT pad lengths may differ. Does not certify live JLC 3D model or absolute placement.,351.087500,-79.000000
R197,C17414,0,0.0,2,0.087498,0,Functional pad orientation checked,Centered land pattern; SMT pad lengths may differ. Does not certify live JLC 3D model or absolute placement.,52.570500,-69.158000
R206,C17593,0,0.0,2,0.087498,0,Functional pad orientation checked,Centered land pattern; SMT pad lengths may differ. Does not certify live JLC 3D model or absolute placement.,80.255500,-69.997000
R250,C4310,0,0.0,2,0.087498,0,Functional pad orientation checked,Centered land pattern; SMT pad lengths may differ. Does not certify live JLC 3D model or absolute placement.,40.414500,-63.710000
R251,C4310,270.0,270.0,2,0.087498,0,Functional pad orientation checked,Centered land pattern; SMT pad lengths may differ. Does not certify live JLC 3D model or absolute placement.,412.899000,-154.165500
R253,C4310,270.0,270.0,2,0.087498,0,Functional pad orientation checked,Centered land pattern; SMT pad lengths may differ. Does not certify live JLC 3D model or absolute placement.,257.185000,-120.638500
R254,C4310,270.0,270.0,2,0.087498,0,Functional pad orientation checked,Centered land pattern; SMT pad lengths may differ. Does not certify live JLC 3D model or absolute placement.,217.618000,-120.638500
R255,C4310,270.0,270.0,2,0.087498,0,Functional pad orientation checked,Centered land pattern; SMT pad lengths may differ. Does not certify live JLC 3D model or absolute placement.,186.770000,-120.638500
R256,C4310,270.0,270.0,2,0.087498,0,Functional pad orientation checked,Centered land pattern; SMT pad lengths may differ. Does not certify live JLC 3D model or absolute placement.,167.489000,-120.638500
R259,C1882622,0,0.0,0,,,No library; nonpolarized,Retain native axis; 180 deg electrically equivalent.,297.562500,-71.450000
R260,C1882622,0,0.0,0,,,No library; nonpolarized,Retain native axis; 180 deg electrically equivalent.,297.562500,-77.360000
R261,C17427,0,0.0,2,0.087498,0,Functional pad orientation checked,Centered land pattern; SMT pad lengths may differ. Does not certify live JLC 3D model or absolute placement.,262.087500,-60.500000
R262,C273956,0,0.0,2,0.087498,0,Functional pad orientation checked,Centered land pattern; SMT pad lengths may differ. Does not certify live JLC 3D model or absolute placement.,258.087500,-60.500000
R263,C17719,0,0.0,2,0.087498,0,Functional pad orientation checked,Centered land pattern; SMT pad lengths may differ. Does not certify live JLC 3D model or absolute placement.,257.087500,-65.000000
R264,C865625,0,0.0,2,0.087498,0,Functional pad orientation checked,Centered land pattern; SMT pad lengths may differ. Does not certify live JLC 3D model or absolute placement.,275.087500,-61.000000
R265,C865367,0,0.0,2,0.087498,0,Functional pad orientation checked,Centered land pattern; SMT pad lengths may differ. Does not certify live JLC 3D model or absolute placement.,279.087500,-61.000000
R266,C17633,0,0.0,2,0.087498,0,Functional pad orientation checked,Centered land pattern; SMT pad lengths may differ. Does not certify live JLC 3D model or absolute placement.,278.087500,-65.000000
R267,C483008,0,0.0,2,0.087498,0,Functional pad orientation checked,Centered land pattern; SMT pad lengths may differ. Does not certify live JLC 3D model or absolute placement.,136.087500,-70.500000
R268,C4328,0,0.0,2,0.087498,0,Functional pad orientation checked,Centered land pattern; SMT pad lengths may differ. Does not certify live JLC 3D model or absolute placement.,132.087500,-70.500000
R269,C17719,0,0.0,2,0.087498,0,Functional pad orientation checked,Centered land pattern; SMT pad lengths may differ. Does not certify live JLC 3D model or absolute placement.,131.087500,-75.000000
R270,C706223,0,0.0,2,0.087498,0,Functional pad orientation checked,Centered land pattern; SMT pad lengths may differ. Does not certify live JLC 3D model or absolute placement.,149.087500,-71.000000
R271,C865384,0,0.0,2,0.087498,0,Functional pad orientation checked,Centered land pattern; SMT pad lengths may differ. Does not certify live JLC 3D model or absolute placement.,153.087500,-71.000000
R272,C17686,0,0.0,2,0.087498,0,Functional pad orientation checked,Centered land pattern; SMT pad lengths may differ. Does not certify live JLC 3D model or absolute placement.,152.087500,-75.000000
R301,C17414,270.0,270.0,2,0.087498,0,Functional pad orientation checked,Centered land pattern; SMT pad lengths may differ. Does not certify live JLC 3D model or absolute placement.,367.021000,-229.615500
R302,C17414,270.0,270.0,2,0.087498,0,Functional pad orientation checked,Centered land pattern; SMT pad lengths may differ. Does not certify live JLC 3D model or absolute placement.,366.991000,-219.137500
R303,C17414,270.0,270.0,2,0.087498,0,Functional pad orientation checked,Centered land pattern; SMT pad lengths may differ. Does not certify live JLC 3D model or absolute placement.,366.991000,-208.658500
R304,C17414,270.0,270.0,2,0.087498,0,Functional pad orientation checked,Centered land pattern; SMT pad lengths may differ. Does not certify live JLC 3D model or absolute placement.,366.996000,-198.179500
R305,C17414,270.0,270.0,2,0.087498,0,Functional pad orientation checked,Centered land pattern; SMT pad lengths may differ. Does not certify live JLC 3D model or absolute placement.,345.004000,-229.615500
R306,C17414,270.0,270.0,2,0.087498,0,Functional pad orientation checked,Centered land pattern; SMT pad lengths may differ. Does not certify live JLC 3D model or absolute placement.,345.319000,-220.429500
R307,C17414,270.0,270.0,2,0.087498,0,Functional pad orientation checked,Centered land pattern; SMT pad lengths may differ. Does not certify live JLC 3D model or absolute placement.,344.914000,-208.658500
R308,C17414,270.0,270.0,2,0.087498,0,Functional pad orientation checked,Centered land pattern; SMT pad lengths may differ. Does not certify live JLC 3D model or absolute placement.,345.312000,-186.251500
R310,C17673,0,0.0,2,0.087498,0,Functional pad orientation checked,Centered land pattern; SMT pad lengths may differ. Does not certify live JLC 3D model or absolute placement.,19.087500,-110.000000
R311,C17673,0,0.0,2,0.087498,0,Functional pad orientation checked,Centered land pattern; SMT pad lengths may differ. Does not certify live JLC 3D model or absolute placement.,19.087500,-107.000000
R312,C17673,0,0.0,2,0.087498,0,Functional pad orientation checked,Centered land pattern; SMT pad lengths may differ. Does not certify live JLC 3D model or absolute placement.,19.087500,-104.000000
R313,C17673,180.0,180.0,2,0.087498,0,Functional pad orientation checked,Centered land pattern; SMT pad lengths may differ. Does not certify live JLC 3D model or absolute placement.,16.912500,-109.000000
R314,C17673,90.0,90.0,2,0.087498,0,Functional pad orientation checked,Centered land pattern; SMT pad lengths may differ. Does not certify live JLC 3D model or absolute placement.,39.000000,-93.912500
R315,C17673,270.0,270.0,2,0.087498,0,Functional pad orientation checked,Centered land pattern; SMT pad lengths may differ. Does not certify live JLC 3D model or absolute placement.,19.000000,-96.087500
R316,C17673,180.0,180.0,2,0.087498,0,Functional pad orientation checked,Centered land pattern; SMT pad lengths may differ. Does not certify live JLC 3D model or absolute placement.,16.912500,-112.000000
R317,C17673,0,0.0,2,0.087498,0,Functional pad orientation checked,Centered land pattern; SMT pad lengths may differ. Does not certify live JLC 3D model or absolute placement.,73.087500,-65.000000
R318,C17673,90.0,90.0,2,0.087498,0,Functional pad orientation checked,Centered land pattern; SMT pad lengths may differ. Does not certify live JLC 3D model or absolute placement.,16.000000,-101.912500
R319,C17673,270.0,270.0,2,0.087498,0,Functional pad orientation checked,Centered land pattern; SMT pad lengths may differ. Does not certify live JLC 3D model or absolute placement.,20.000000,-85.087500
R320,C17673,0,0.0,2,0.087498,0,Functional pad orientation checked,Centered land pattern; SMT pad lengths may differ. Does not certify live JLC 3D model or absolute placement.,41.087500,-93.000000
R321,C17673,270.0,270.0,2,0.087498,0,Functional pad orientation checked,Centered land pattern; SMT pad lengths may differ. Does not certify live JLC 3D model or absolute placement.,20.000000,-117.087500
R322,C17673,0,0.0,2,0.087498,0,Functional pad orientation checked,Centered land pattern; SMT pad lengths may differ. Does not certify live JLC 3D model or absolute placement.,23.087500,-93.000000
R323,C17673,180.0,180.0,2,0.087498,0,Functional pad orientation checked,Centered land pattern; SMT pad lengths may differ. Does not certify live JLC 3D model or absolute placement.,16.912500,-106.000000
R324,C17673,180.0,180.0,2,0.087498,0,Functional pad orientation checked,Centered land pattern; SMT pad lengths may differ. Does not certify live JLC 3D model or absolute placement.,17.912500,-85.000000
R325,C17673,180.0,180.0,2,0.087498,0,Functional pad orientation checked,Centered land pattern; SMT pad lengths may differ. Does not certify live JLC 3D model or absolute placement.,16.912500,-115.000000
R326,C705606,0,0.0,2,0.103788,0,Functional pad orientation checked,Centered land pattern; SMT pad lengths may differ. Does not certify live JLC 3D model or absolute placement.,275.037500,-44.000000
R327,C705608,0,0.0,2,0.103788,0,Functional pad orientation checked,Centered land pattern; SMT pad lengths may differ. Does not certify live JLC 3D model or absolute placement.,149.037500,-54.000000
U1,C2878759,180.0,90.0,20,0.037493,270,Functional pad orientation checked,Centered land pattern; SMT pad lengths may differ. Does not certify live JLC 3D model or absolute placement.,155.108500,-113.015000
U2,C2878759,0,270.0,20,0.037493,270,Functional pad orientation checked,Centered land pattern; SMT pad lengths may differ. Does not certify live JLC 3D model or absolute placement.,167.379500,-101.585000
U3,C2878759,0,270.0,20,0.037493,270,Functional pad orientation checked,Centered land pattern; SMT pad lengths may differ. Does not certify live JLC 3D model or absolute placement.,186.660500,-101.585000
U4,C2878759,0,270.0,20,0.037493,270,Functional pad orientation checked,Centered land pattern; SMT pad lengths may differ. Does not certify live JLC 3D model or absolute placement.,217.509500,-101.585000
U5,C2878759,0,270.0,20,0.037493,270,Functional pad orientation checked,Centered land pattern; SMT pad lengths may differ. Does not certify live JLC 3D model or absolute placement.,257.076500,-101.585000
U6,C7948,0,270.0,14,0.143994,270,Functional pad orientation checked,Centered land pattern; SMT pad lengths may differ. Does not certify live JLC 3D model or absolute placement.,89.647000,-67.680000
U9,C6772,0,270.0,20,0.137442,270,Functional pad orientation checked,Centered land pattern; SMT pad lengths may differ. Does not certify live JLC 3D model or absolute placement.,332.895500,-116.255000
U10,C352961,0,270.0,14,0.143994,270,Functional pad orientation checked,Centered land pattern; SMT pad lengths may differ. Does not certify live JLC 3D model or absolute placement.,331.297000,-146.075000
U11,C352961,0,270.0,14,0.143994,270,Functional pad orientation checked,Centered land pattern; SMT pad lengths may differ. Does not certify live JLC 3D model or absolute placement.,351.750000,-145.907000
U12,C352961,0,270.0,14,0.143994,270,Functional pad orientation checked,Centered land pattern; SMT pad lengths may differ. Does not certify live JLC 3D model or absolute placement.,372.980000,-145.824000
U13,C352961,0,270.0,14,0.143994,270,Functional pad orientation checked,Centered land pattern; SMT pad lengths may differ. Does not certify live JLC 3D model or absolute placement.,386.348000,-145.824000
U15,C7948,0,270.0,14,0.143994,270,Functional pad orientation checked,Centered land pattern; SMT pad lengths may differ. Does not certify live JLC 3D model or absolute placement.,341.382000,-163.601000
U16,C7948,0,270.0,14,0.143994,270,Functional pad orientation checked,Centered land pattern; SMT pad lengths may differ. Does not certify live JLC 3D model or absolute placement.,378.512000,-167.523000
U18,C2878759,0,270.0,20,0.037493,270,Functional pad orientation checked,Centered land pattern; SMT pad lengths may differ. Does not certify live JLC 3D model or absolute placement.,404.945500,-159.702000
U19,C165895,0,270.0,18,0.150092,270,Functional pad orientation checked,Centered land pattern; SMT pad lengths may differ. Does not certify live JLC 3D model or absolute placement.,420.360000,-166.601000
U20,C22397842,0,0.0,21,0.000075,0,Functional pad orientation checked,Centered land pattern; SMT pad lengths may differ. Does not certify live JLC 3D model or absolute placement.,266.600000,-57.250000
U21,C22397842,0,0.0,21,0.000075,0,Functional pad orientation checked,Centered land pattern; SMT pad lengths may differ. Does not certify live JLC 3D model or absolute placement.,140.600000,-67.250000
W1,C189505,270.0,270.0,2,0.103788,0,Functional pad orientation checked,Centered land pattern; SMT pad lengths may differ. Does not certify live JLC 3D model or absolute placement.,16.990000,-201.578500
