Designator,Old_rotation,New_rotation,Old_X,New_X,Old_Y,New_Y
D105,0.000000,270.000000,290.000000,290.000000,-114.000000,-114.000000
D106,180.000000,90.000000,311.000000,311.000000,-114.000000,-114.000000
D107,180.000000,90.000000,290.000000,290.000000,-128.000000,-128.000000
D108,0.000000,270.000000,311.000000,311.000000,-128.000000,-128.000000
D109,0.000000,270.000000,281.000000,281.000000,-12.000000,-12.000000
D110,180.000000,90.000000,302.000000,302.000000,-12.000000,-12.000000
D111,180.000000,90.000000,281.000000,281.000000,-26.000000,-26.000000
D112,0.000000,270.000000,302.000000,302.000000,-26.000000,-26.000000
D113,270.000000,180.000000,17.000000,17.000000,-40.000000,-40.000000
D114,270.000000,180.000000,30.400000,30.400000,-40.000000,-40.000000
D115,90.000000,0.000000,17.000000,17.000000,-19.000000,-19.000000
D116,90.000000,0.000000,30.400000,30.400000,-19.000000,-19.000000
J101,270.000000,90.000000,433.238000,431.206000,-113.168000,-113.168000
J102,270.000000,90.000000,433.238000,431.206000,-65.554000,-65.554000
J103,270.000000,270.000000,433.318000,432.073000,-33.950000,-33.950000
J104,180.000000,180.000000,400.532000,400.532000,-9.548000,-10.793000
J105,180.000000,180.000000,400.532000,400.532000,-32.181000,-33.426000
J106,180.000000,180.000000,222.229000,222.229000,-10.386000,-11.631000
J107,0.000000,180.000000,217.786000,217.786000,-32.680000,-34.712000
J108,0.000000,0.000000,198.757000,198.757000,-10.386000,-11.631000
J109,0.000000,180.000000,161.034000,161.034000,-10.466000,-12.498000
J110,0.000000,180.000000,122.222000,122.222000,-10.466000,-12.498000
J111,0.000000,180.000000,82.403000,82.403000,-15.907000,-15.907000
J112,180.000000,180.000000,59.350000,59.350000,-10.386000,-11.631000
J114,90.000000,270.000000,6.340000,8.372000,-175.369000,-175.369000
J115A,90.000000,270.000000,6.340000,8.372000,-235.702000,-235.702000
J115B,90.000000,270.000000,6.340000,8.372000,-211.942000,-211.942000
J116,180.000000,180.000000,22.047000,22.047000,-249.063000,-247.818000
J117,180.000000,180.000000,22.047000,22.047000,-266.650000,-265.405000
J118,180.000000,180.000000,41.327000,41.327000,-249.063000,-247.818000
J119,180.000000,180.000000,42.585000,42.585000,-266.650000,-265.405000
J120,180.000000,0.000000,90.199000,90.199000,-248.983000,-246.951000
J121,180.000000,0.000000,79.218000,79.218000,-266.570000,-264.538000
J122,180.000000,0.000000,128.509000,128.509000,-266.570000,-264.538000
J123,0.000000,0.000000,129.180000,129.180000,-249.063000,-247.818000
J124,0.000000,0.000000,152.903000,152.903000,-249.063000,-247.818000
J125,180.000000,0.000000,202.362000,202.362000,-248.983000,-246.951000
J126,180.000000,0.000000,199.176000,199.176000,-266.570000,-264.538000
J127,180.000000,0.000000,252.491000,252.491000,-248.983000,-246.951000
J128,0.000000,0.000000,244.947000,244.947000,-266.650000,-265.405000
J129,0.000000,0.000000,267.580000,267.580000,-266.650000,-265.405000
J130,180.000000,0.000000,306.477000,306.477000,-248.983000,-246.951000
J131,0.000000,0.000000,306.393000,306.393000,-266.650000,-265.405000
J132,0.000000,0.000000,331.541000,331.541000,-266.650000,-265.405000
J133,0.000000,0.000000,359.205000,359.205000,-245.419000,-244.461500
J134,0.000000,0.000000,359.205000,359.205000,-258.412000,-257.454500
J135,0.000000,0.000000,359.205000,359.205000,-268.130000,-267.172500
J136,180.000000,180.000000,380.413000,380.413000,-266.650000,-265.405000
J137,180.000000,0.000000,406.819000,406.819000,-248.145000,-246.113000
J138,180.000000,0.000000,406.819000,406.819000,-266.570000,-264.538000
Q9,270.000000,90.000000,140.496000,140.496000,-208.423000,-208.423000
Q11,270.000000,90.000000,60.189000,60.189000,-158.526000,-158.526000
Q13,270.000000,90.000000,97.744000,97.744000,-131.720000,-131.720000
Q15,270.000000,90.000000,99.420000,99.420000,-182.855000,-182.855000
Q17,270.000000,90.000000,140.496000,140.496000,-156.868000,-156.868000
Q20,0.000000,180.000000,164.435000,164.435000,-147.327000,-147.327000
Q22,0.000000,180.000000,164.435000,164.435000,-173.733000,-173.733000
Q24,0.000000,180.000000,164.435000,164.435000,-200.139000,-200.139000
Q26,0.000000,180.000000,164.435000,164.435000,-226.545000,-226.545000
Q28,0.000000,180.000000,197.966000,197.966000,-148.820000,-148.820000
Q30,0.000000,180.000000,197.966000,197.966000,-175.226000,-175.226000
Q32,0.000000,180.000000,197.966000,197.966000,-201.634000,-201.634000
Q34,0.000000,180.000000,197.966000,197.966000,-228.038000,-228.038000
Q36,0.000000,180.000000,221.438000,221.438000,-148.820000,-148.820000
Q38,0.000000,180.000000,221.438000,221.438000,-175.226000,-175.226000
Q40,0.000000,180.000000,221.438000,221.438000,-201.634000,-201.634000
Q42,0.000000,180.000000,221.438000,221.438000,-228.038000,-228.038000
Q44,0.000000,180.000000,245.161000,245.161000,-147.327000,-147.327000
Q46,0.000000,180.000000,245.161000,245.161000,-173.733000,-173.733000
Q48,0.000000,180.000000,245.161000,245.161000,-200.139000,-200.139000
Q50,0.000000,180.000000,245.161000,245.161000,-226.545000,-226.545000
Q52,0.000000,180.000000,266.957000,266.957000,-147.327000,-147.327000
Q54,0.000000,180.000000,266.957000,266.957000,-173.733000,-173.733000
Q56,0.000000,180.000000,266.957000,266.957000,-200.139000,-200.139000
Q58,0.000000,180.000000,266.957000,266.957000,-226.545000,-226.545000
Q64,0.000000,180.000000,287.913000,287.913000,-150.970000,-150.970000
Q66,0.000000,180.000000,287.913000,287.913000,-176.532000,-176.532000
Q68,0.000000,180.000000,287.913000,287.913000,-202.112000,-202.112000
Q70,0.000000,180.000000,287.913000,287.913000,-227.680000,-227.680000
Q76,0.000000,180.000000,312.475000,312.475000,-150.970000,-150.970000
Q78,0.000000,180.000000,312.475000,312.475000,-176.532000,-176.532000
Q80,0.000000,180.000000,312.475000,312.475000,-202.112000,-202.112000
Q82,0.000000,180.000000,312.475000,312.475000,-227.680000,-227.680000
Q83,0.000000,90.000000,354.687000,354.687000,-181.400000,-181.400000
Q84,0.000000,90.000000,354.512000,354.512000,-198.254000,-198.254000
Q85,0.000000,90.000000,354.660000,354.660000,-215.126000,-215.126000
Q86,0.000000,90.000000,354.512000,354.512000,-231.986000,-231.986000
Q87,0.000000,90.000000,376.387000,376.387000,-181.436000,-181.436000
Q88,0.000000,90.000000,376.511000,376.511000,-198.260000,-198.260000
Q89,0.000000,90.000000,376.382000,376.382000,-215.095000,-215.095000
Q90,0.000000,90.000000,376.511000,376.511000,-231.972000,-231.972000
Q91,0.000000,180.000000,411.644000,411.644000,-181.479000,-181.479000
Q92,0.000000,180.000000,411.644000,411.644000,-198.343000,-198.343000
Q93,0.000000,180.000000,411.644000,411.644000,-215.218000,-215.218000
Q94,0.000000,180.000000,411.644000,411.644000,-232.061000,-232.061000
Q95,0.000000,180.000000,433.440000,433.440000,-189.505000,-189.505000
Q96,0.000000,180.000000,433.440000,433.440000,-206.369000,-206.369000
Q97,0.000000,180.000000,433.440000,433.440000,-223.224000,-223.224000
Q98,0.000000,180.000000,433.510000,433.510000,-240.089000,-240.089000
U1,180.000000,90.000000,151.646000,151.646000,-107.300000,-107.300000
U2,0.000000,270.000000,170.842000,170.842000,-107.300000,-107.300000
U3,0.000000,270.000000,190.123000,190.123000,-107.300000,-107.300000
U4,0.000000,270.000000,220.972000,220.972000,-107.300000,-107.300000
U5,0.000000,270.000000,260.539000,260.539000,-107.300000,-107.300000
U6,0.000000,270.000000,92.122000,92.122000,-71.490000,-71.490000
U9,0.000000,270.000000,336.358000,336.358000,-121.970000,-121.970000
U10,0.000000,270.000000,333.772000,333.772000,-149.885000,-149.885000
U11,0.000000,270.000000,354.225000,354.225000,-149.717000,-149.717000
U12,0.000000,270.000000,375.455000,375.455000,-149.634000,-149.634000
U13,0.000000,270.000000,388.823000,388.823000,-149.634000,-149.634000
U15,0.000000,270.000000,343.857000,343.857000,-167.411000,-167.411000
U16,0.000000,270.000000,380.987000,380.987000,-171.333000,-171.333000
U18,0.000000,270.000000,408.408000,408.408000,-165.417000,-165.417000
U19,0.000000,270.000000,425.010000,425.010000,-171.681000,-171.681000
