Designator,Parent,JLCPCB_part,X_mm,Y_mm,Rotation_deg,Side,Center_definition,Assembly_note
BR3,BR3,C906984,251.988,-23.304,270.0,Top,Mean native terminal position; use assembly drawing for body offset/polarity,"Form wire leads to 18 x 18 mm pattern; + to pad 1, - to pad 2, AC to 3/4; preserve 0.12 mm standoff. New body max 11.23 mm. M4x20 screw replaces M4x16."
C2,C2,C109394,125.0,-58.7,0,Top,Mean native terminal position; use assembly drawing for body offset/polarity,
C4,C4,C109394,254.418,-81.423,270.0,Top,Mean native terminal position; use assembly drawing for body offset/polarity,
C5,C5,C443892,324.583,-48.345,0,Top,Mean native terminal position; use assembly drawing for body offset/polarity,
C6,C6,C443892,399.694,-107.527,0,Top,Mean native terminal position; use assembly drawing for body offset/polarity,
C7,C7,C443892,361.049,-107.863,0,Top,Mean native terminal position; use assembly drawing for body offset/polarity,
C8,C8,C3445915,324.0,-93.0,270.0,Top,Mean native terminal position; use assembly drawing for body offset/polarity,
C9,C9,C109394,241.868,-81.395,270.0,Top,Mean native terminal position; use assembly drawing for body offset/polarity,
C11,C11,C443892,322.0,-23.0,270.0,Top,Mean native terminal position; use assembly drawing for body offset/polarity,
C12,C12,C109394,113.847,-68.39,270.0,Top,Mean native terminal position; use assembly drawing for body offset/polarity,
C30,C30,C443892,24.6,-56.0,0,Top,Mean native terminal position; use assembly drawing for body offset/polarity,
C32,C32,C3445915,284.0,-93.0,270.0,Top,Mean native terminal position; use assembly drawing for body offset/polarity,
C33,C33,C138687,266.2,-51.5,180.0,Top,Mean native terminal position; use assembly drawing for body offset/polarity,
C34,C34,C138687,266.2,-46.5,180.0,Top,Mean native terminal position; use assembly drawing for body offset/polarity,
C35,C35,C307331,266.4,-61.2,0,Top,Mean native terminal position; use assembly drawing for body offset/polarity,
C36,C36,C49678,279.0,-69.0,0,Top,Mean native terminal position; use assembly drawing for body offset/polarity,
C37,C37,C107121,283.0,-65.0,0,Top,Mean native terminal position; use assembly drawing for body offset/polarity,
C38,C38,C138687,271.8,-51.5,0,Top,Mean native terminal position; use assembly drawing for body offset/polarity,
C39,C39,C138687,140.2,-61.5,180.0,Top,Mean native terminal position; use assembly drawing for body offset/polarity,
C40,C40,C138687,140.2,-56.5,180.0,Top,Mean native terminal position; use assembly drawing for body offset/polarity,
C41,C41,C307331,140.4,-71.2,0,Top,Mean native terminal position; use assembly drawing for body offset/polarity,
C42,C42,C73142,153.0,-79.0,0,Top,Mean native terminal position; use assembly drawing for body offset/polarity,
C43,C43,C62774,157.0,-75.0,0,Top,Mean native terminal position; use assembly drawing for body offset/polarity,
C44,C44,C138687,145.8,-61.5,0,Top,Mean native terminal position; use assembly drawing for body offset/polarity,
C45,C45,C307331,271.6,-61.2,180.0,Top,Mean native terminal position; use assembly drawing for body offset/polarity,
C46,C46,C138687,276.0,-58.0,0,Top,Mean native terminal position; use assembly drawing for body offset/polarity,
C47,C47,C307331,268.48,-55.45,0,Top,Mean native terminal position; use assembly drawing for body offset/polarity,
C48,C48,C307331,269.52,-54.35,180.0,Top,Mean native terminal position; use assembly drawing for body offset/polarity,
C49,C49,C138687,261.0,-51.5,180.0,Top,Mean native terminal position; use assembly drawing for body offset/polarity,
C50,C50,C138687,261.0,-46.5,180.0,Top,Mean native terminal position; use assembly drawing for body offset/polarity,
C51,C51,C138687,271.8,-46.5,0,Top,Mean native terminal position; use assembly drawing for body offset/polarity,
C52,C52,C307331,145.6,-71.2,180.0,Top,Mean native terminal position; use assembly drawing for body offset/polarity,
C53,C53,C138687,150.0,-68.0,0,Top,Mean native terminal position; use assembly drawing for body offset/polarity,
C54,C54,C307331,142.48,-65.45,0,Top,Mean native terminal position; use assembly drawing for body offset/polarity,
C55,C55,C307331,143.52,-64.35,180.0,Top,Mean native terminal position; use assembly drawing for body offset/polarity,
C56,C56,C138687,135.0,-61.5,180.0,Top,Mean native terminal position; use assembly drawing for body offset/polarity,
C57,C57,C138687,135.0,-56.5,180.0,Top,Mean native terminal position; use assembly drawing for body offset/polarity,
C58,C58,C138687,145.8,-56.5,0,Top,Mean native terminal position; use assembly drawing for body offset/polarity,
C59,C59,C443892,324.583,-68.345,0,Top,Mean native terminal position; use assembly drawing for body offset/polarity,
C60,C60,C443892,399.694,-127.527,0,Top,Mean native terminal position; use assembly drawing for body offset/polarity,
C61,C61,C443892,361.049,-127.863,0,Top,Mean native terminal position; use assembly drawing for body offset/polarity,
C62,C62,C443892,342.0,-16.0,270.0,Top,Mean native terminal position; use assembly drawing for body offset/polarity,
C63,C63,C443892,28.0,-75.0,0,Top,Mean native terminal position; use assembly drawing for body offset/polarity,
C64,C64,C3445915,344.0,-93.0,270.0,Top,Mean native terminal position; use assembly drawing for body offset/polarity,
C65,C65,C3445915,304.0,-93.0,270.0,Top,Mean native terminal position; use assembly drawing for body offset/polarity,
D101,D101,C5143116,350.0,-53.35,180.0,Top,Mean native terminal position; use assembly drawing for body offset/polarity,
D102,D102,C5143116,376.0,-77.35,180.0,Top,Mean native terminal position; use assembly drawing for body offset/polarity,
D103,D103,C5143116,350.0,-32.65,0,Top,Mean native terminal position; use assembly drawing for body offset/polarity,
D104,D104,C5143116,363.4,-17.65,0,Top,Mean native terminal position; use assembly drawing for body offset/polarity,
D105,D105,C235758,285.4,-114.0,0,Top,Mean native terminal position; use assembly drawing for body offset/polarity,
D106,D106,C235758,315.6,-114.0,180.0,Top,Mean native terminal position; use assembly drawing for body offset/polarity,
D107,D107,C235758,294.6,-128.0,180.0,Top,Mean native terminal position; use assembly drawing for body offset/polarity,
D108,D108,C235758,306.4,-128.0,0,Top,Mean native terminal position; use assembly drawing for body offset/polarity,
D109,D109,C235758,276.4,-12.0,0,Top,Mean native terminal position; use assembly drawing for body offset/polarity,
D110,D110,C235758,306.6,-12.0,180.0,Top,Mean native terminal position; use assembly drawing for body offset/polarity,
D111,D111,C235758,285.6,-26.0,180.0,Top,Mean native terminal position; use assembly drawing for body offset/polarity,
D112,D112,C235758,297.4,-26.0,0,Top,Mean native terminal position; use assembly drawing for body offset/polarity,
D113,D113,C235758,17.0,-35.4,270.0,Top,Mean native terminal position; use assembly drawing for body offset/polarity,
D114,D114,C235758,30.4,-35.4,270.0,Top,Mean native terminal position; use assembly drawing for body offset/polarity,
D115,D115,C235758,17.0,-23.6,90.0,Top,Mean native terminal position; use assembly drawing for body offset/polarity,
D116,D116,C235758,30.4,-23.6,90.0,Top,Mean native terminal position; use assembly drawing for body offset/polarity,
F103,F103,C142824,196.494,-64.716,270.0,Top,Mean native terminal position; use assembly drawing for body offset/polarity,
F103_HOLDER,F103,C268204,196.494,-64.716,270.0,Top,Holder center between its two PCB leads,FH1-200CK-G includes insulating cover; cartridge listed separately.
F104,F104,C142824,211.834,-64.716,270.0,Top,Mean native terminal position; use assembly drawing for body offset/polarity,
F104_HOLDER,F104,C268204,211.834,-64.716,270.0,Top,Holder center between its two PCB leads,FH1-200CK-G includes insulating cover; cartridge listed separately.
F105,F105,C142824,227.343,-64.716,270.0,Top,Mean native terminal position; use assembly drawing for body offset/polarity,
F105_HOLDER,F105,C268204,227.343,-64.716,270.0,Top,Holder center between its two PCB leads,FH1-200CK-G includes insulating cover; cartridge listed separately.
F111,F111,C5381754,400.951,-46.525,0,Top,Mean native terminal position; use assembly drawing for body offset/polarity,
F111_HOLDER,F111,C268204,400.951,-46.525,0,Top,Holder center between its two PCB leads,FH1-200CK-G includes insulating cover; cartridge listed separately.
F112,F112,C3014110,400.951,-61.614,0,Top,Mean native terminal position; use assembly drawing for body offset/polarity,TLC TA7 soldered 2410 time-lag 7 A fuse; replacement requires desoldering. No holder. Do not up-rate.
F113,F113,C5381754,400.951,-76.451,0,Top,Mean native terminal position; use assembly drawing for body offset/polarity,
F113_HOLDER,F113,C268204,400.951,-76.451,0,Top,Holder center between its two PCB leads,FH1-200CK-G includes insulating cover; cartridge listed separately.
F114,F114,C2936126,400.951,-91.373,0,Top,Mean native terminal position; use assembly drawing for body offset/polarity,
F114_HOLDER,F114,C268204,400.951,-91.373,0,Top,Holder center between its two PCB leads,FH1-200CK-G includes insulating cover; cartridge listed separately.
F115,F115,C5381743,91.457,-92.63,0,Top,Mean native terminal position; use assembly drawing for body offset/polarity,
F115_HOLDER,F115,C268204,91.457,-92.63,0,Top,Holder center between its two PCB leads,FH1-200CK-G includes insulating cover; cartridge listed separately.
F116,F116,C142824,57.255,-40.657,270.0,Top,Mean native terminal position; use assembly drawing for body offset/polarity,
F116_HOLDER,F116,C268204,57.255,-40.657,270.0,Top,Holder center between its two PCB leads,FH1-200CK-G includes insulating cover; cartridge listed separately.
J101,J101,C305801,431.968,-113.168,270.0,Top,Mean native terminal position; use assembly drawing for body offset/polarity,
J102,J102,C305802,431.968,-65.554,270.0,Top,Mean native terminal position; use assembly drawing for body offset/polarity,
J103,J103,C240824,431.968,-33.95,270.0,Top,Mean native terminal position; use assembly drawing for body offset/polarity,
J104,J104,C505166,400.532,-10.898,0,Top,Mean native terminal position; use assembly drawing for body offset/polarity,
J106,J106,C505166,222.229,-11.736,0,Top,Mean native terminal position; use assembly drawing for body offset/polarity,
J107,J107,C86500,217.786,-33.95,0,Top,Mean native terminal position; use assembly drawing for body offset/polarity,
J108,J108,C240823,198.757,-11.736,0,Top,Mean native terminal position; use assembly drawing for body offset/polarity,
J109,J109,C305801,161.034,-11.736,0,Top,Mean native terminal position; use assembly drawing for body offset/polarity,
J110,J110,C305802,122.222,-11.736,0,Top,Mean native terminal position; use assembly drawing for body offset/polarity,
J112,J112,C505166,59.35,-11.736,0,Top,Mean native terminal position; use assembly drawing for body offset/polarity,
J114,J114,C305801,7.61,-175.369,90.0,Top,Mean native terminal position; use assembly drawing for body offset/polarity,
J116,J116,C240824,22.047,-247.713,180.0,Top,Mean native terminal position; use assembly drawing for body offset/polarity,
J117,J117,C240824,22.047,-265.3,180.0,Top,Mean native terminal position; use assembly drawing for body offset/polarity,
J118,J118,C240824,41.327,-247.713,180.0,Top,Mean native terminal position; use assembly drawing for body offset/polarity,
L1,L1,C840531,269.0,-69.0,0,Top,Mean native terminal position; use assembly drawing for body offset/polarity,
L2,L2,C840531,143.0,-79.0,0,Top,Mean native terminal position; use assembly drawing for body offset/polarity,
LED1,LED1,C84256,19.532,-130.353,270.0,Top,Mean native terminal position; use assembly drawing for body offset/polarity,
LED2,LED2,C84256,63.542,-60.356,270.0,Top,Mean native terminal position; use assembly drawing for body offset/polarity,
LED4,LED4,C84256,186.015,-88.439,270.0,Top,Mean native terminal position; use assembly drawing for body offset/polarity,
LED5,LED5,C84256,340.762,-38.945,270.0,Top,Mean native terminal position; use assembly drawing for body offset/polarity,
LED6,LED6,C84256,352.0,-84.0,270.0,Top,Mean native terminal position; use assembly drawing for body offset/polarity,
LED7,LED7,C84256,43.423,-51.974,270.0,Top,Mean native terminal position; use assembly drawing for body offset/polarity,
R192,R192,C17710,176.794,-88.439,0,Top,Mean native terminal position; use assembly drawing for body offset/polarity,
R193,R193,C17513,23.723,-120.294,0,Top,Mean native terminal position; use assembly drawing for body offset/polarity,
R194,R194,C4310,341.063,-43.625,0,Top,Mean native terminal position; use assembly drawing for body offset/polarity,
R196,R196,C4310,352.0,-79.0,0,Top,Mean native terminal position; use assembly drawing for body offset/polarity,
R250,R250,C4310,41.327,-63.71,0,Top,Mean native terminal position; use assembly drawing for body offset/polarity,
R251,R251,C4310,412.899,-155.078,270.0,Top,Mean native terminal position; use assembly drawing for body offset/polarity,
R259,R259,C1882622,300.525,-71.45,0,Top,Mean native terminal position; use assembly drawing for body offset/polarity,
R260,R260,C1882622,300.525,-77.36,0,Top,Mean native terminal position; use assembly drawing for body offset/polarity,
R261,R261,C17427,263.0,-60.5,0,Top,Mean native terminal position; use assembly drawing for body offset/polarity,
R262,R262,C273956,259.0,-60.5,0,Top,Mean native terminal position; use assembly drawing for body offset/polarity,
R263,R263,C17719,258.0,-65.0,0,Top,Mean native terminal position; use assembly drawing for body offset/polarity,
R264,R264,C865625,276.0,-61.0,0,Top,Mean native terminal position; use assembly drawing for body offset/polarity,
R265,R265,C865367,280.0,-61.0,0,Top,Mean native terminal position; use assembly drawing for body offset/polarity,
R266,R266,C17633,279.0,-65.0,0,Top,Mean native terminal position; use assembly drawing for body offset/polarity,
R267,R267,C483008,137.0,-70.5,0,Top,Mean native terminal position; use assembly drawing for body offset/polarity,
R268,R268,C4328,133.0,-70.5,0,Top,Mean native terminal position; use assembly drawing for body offset/polarity,
R269,R269,C17719,132.0,-75.0,0,Top,Mean native terminal position; use assembly drawing for body offset/polarity,
R270,R270,C706223,150.0,-71.0,0,Top,Mean native terminal position; use assembly drawing for body offset/polarity,
R271,R271,C865384,154.0,-71.0,0,Top,Mean native terminal position; use assembly drawing for body offset/polarity,
R272,R272,C17686,153.0,-75.0,0,Top,Mean native terminal position; use assembly drawing for body offset/polarity,
R326,R326,C705606,278.0,-44.0,0,Top,Mean native terminal position; use assembly drawing for body offset/polarity,
R327,R327,C705608,152.0,-54.0,0,Top,Mean native terminal position; use assembly drawing for body offset/polarity,
U20,U20,C22397842,269.0,-58.0,0,Top,Mean native terminal position; use assembly drawing for body offset/polarity,
U21,U21,C22397842,143.0,-68.0,0,Top,Mean native terminal position; use assembly drawing for body offset/polarity,
B6,B6,C49678,98.75,-79.82,270.0,Top,Mean native terminal position; use assembly drawing for body offset/polarity,
B9,B9,C49678,345.318,-121.97,270.0,Top,Mean native terminal position; use assembly drawing for body offset/polarity,
C21,C21,C1710,86.0,-73.6,90.0,Top,Mean native terminal position; use assembly drawing for body offset/polarity,
J111,J111,C588986,82.403,-15.927,0,Top,Mean native terminal position; use assembly drawing for body offset/polarity,
J113,J113,C5200275,6.95,-108.139,180.0,Top,Mean native terminal position; use assembly drawing for body offset/polarity,
LED3,LED3,C84256,73.434,-60.356,270.0,Top,Mean native terminal position; use assembly drawing for body offset/polarity,
R3,R3,C17414,74.462,-71.972,0,Top,Mean native terminal position; use assembly drawing for body offset/polarity,
R4,R4,C17414,69.052,-69.997,0,Top,Mean native terminal position; use assembly drawing for body offset/polarity,
R6,R6,C17414,75.758,-68.022,0,Top,Mean native terminal position; use assembly drawing for body offset/polarity,
R197,R197,C17414,53.483,-69.158,0,Top,Mean native terminal position; use assembly drawing for body offset/polarity,
R206,R206,C17593,81.168,-69.997,0,Top,Mean native terminal position; use assembly drawing for body offset/polarity,
R253,R253,C4310,257.185,-121.551,270.0,Top,Mean native terminal position; use assembly drawing for body offset/polarity,
R254,R254,C4310,217.618,-121.551,270.0,Top,Mean native terminal position; use assembly drawing for body offset/polarity,
R255,R255,C4310,186.77,-121.551,270.0,Top,Mean native terminal position; use assembly drawing for body offset/polarity,
R256,R256,C4310,167.489,-121.551,270.0,Top,Mean native terminal position; use assembly drawing for body offset/polarity,
R310,R310,C17673,20.0,-110.0,0,Top,Mean native terminal position; use assembly drawing for body offset/polarity,
R311,R311,C17673,20.0,-107.0,0,Top,Mean native terminal position; use assembly drawing for body offset/polarity,
R312,R312,C17673,20.0,-104.0,0,Top,Mean native terminal position; use assembly drawing for body offset/polarity,
R313,R313,C17673,16.0,-109.0,180.0,Top,Mean native terminal position; use assembly drawing for body offset/polarity,
R314,R314,C17673,39.0,-93.0,90.0,Top,Mean native terminal position; use assembly drawing for body offset/polarity,
R315,R315,C17673,19.0,-97.0,270.0,Top,Mean native terminal position; use assembly drawing for body offset/polarity,
R316,R316,C17673,16.0,-112.0,180.0,Top,Mean native terminal position; use assembly drawing for body offset/polarity,
R317,R317,C17673,74.0,-65.0,0,Top,Mean native terminal position; use assembly drawing for body offset/polarity,
R318,R318,C17673,16.0,-101.0,90.0,Top,Mean native terminal position; use assembly drawing for body offset/polarity,
R319,R319,C17673,20.0,-86.0,270.0,Top,Mean native terminal position; use assembly drawing for body offset/polarity,
R320,R320,C17673,42.0,-93.0,0,Top,Mean native terminal position; use assembly drawing for body offset/polarity,
R321,R321,C17673,20.0,-118.0,270.0,Top,Mean native terminal position; use assembly drawing for body offset/polarity,
R322,R322,C17673,24.0,-93.0,0,Top,Mean native terminal position; use assembly drawing for body offset/polarity,
R323,R323,C17673,16.0,-106.0,180.0,Top,Mean native terminal position; use assembly drawing for body offset/polarity,
R324,R324,C17673,17.0,-85.0,180.0,Top,Mean native terminal position; use assembly drawing for body offset/polarity,
R325,R325,C17673,16.0,-115.0,180.0,Top,Mean native terminal position; use assembly drawing for body offset/polarity,
U6,U6,C7948,92.122,-71.49,0,Top,Mean native terminal position; use assembly drawing for body offset/polarity,
U9,U9,C6772,336.358,-121.97,0,Top,Mean native terminal position; use assembly drawing for body offset/polarity,
B5,B5,C49678,261.796,-121.551,270.0,Top,Mean native terminal position; use assembly drawing for body offset/polarity,
D25,D25,C460944,286.861,-159.827,0,Top,Mean native terminal position; use assembly drawing for body offset/polarity,
D26,D26,C460944,286.861,-185.412,0,Top,Mean native terminal position; use assembly drawing for body offset/polarity,
D27,D27,C460944,286.861,-210.977,0,Top,Mean native terminal position; use assembly drawing for body offset/polarity,
D28,D28,C460944,286.861,-236.556,0,Top,Mean native terminal position; use assembly drawing for body offset/polarity,
D29,D29,C460944,311.422,-159.827,0,Top,Mean native terminal position; use assembly drawing for body offset/polarity,
D30,D30,C460944,311.422,-185.412,0,Top,Mean native terminal position; use assembly drawing for body offset/polarity,
D31,D31,C460944,311.422,-210.977,0,Top,Mean native terminal position; use assembly drawing for body offset/polarity,
D32,D32,C460944,311.422,-236.556,0,Top,Mean native terminal position; use assembly drawing for body offset/polarity,
J130,J130,C305802,306.477,-247.713,180.0,Top,Mean native terminal position; use assembly drawing for body offset/polarity,
J131,J131,C505166,306.393,-265.3,180.0,Top,Mean native terminal position; use assembly drawing for body offset/polarity,
J132,J132,C505166,331.541,-265.3,180.0,Top,Mean native terminal position; use assembly drawing for body offset/polarity,
Q64,Q64,C485687,284.973,-150.97,0,Top,Mean native terminal position; use assembly drawing for body offset/polarity,
Q66,Q66,C485687,284.973,-176.532,0,Top,Mean native terminal position; use assembly drawing for body offset/polarity,
Q68,Q68,C485687,284.973,-202.112,0,Top,Mean native terminal position; use assembly drawing for body offset/polarity,
Q70,Q70,C485687,284.973,-227.68,0,Top,Mean native terminal position; use assembly drawing for body offset/polarity,
Q76,Q76,C485687,309.535,-150.97,0,Top,Mean native terminal position; use assembly drawing for body offset/polarity,
Q78,Q78,C485687,309.535,-176.532,0,Top,Mean native terminal position; use assembly drawing for body offset/polarity,
Q80,Q80,C485687,309.535,-202.112,0,Top,Mean native terminal position; use assembly drawing for body offset/polarity,
Q82,Q82,C485687,309.535,-227.68,0,Top,Mean native terminal position; use assembly drawing for body offset/polarity,
R126,R126,C17414,286.861,-140.617,0,Top,Mean native terminal position; use assembly drawing for body offset/polarity,
R127,R127,C17408,286.861,-144.52,0,Top,Mean native terminal position; use assembly drawing for body offset/polarity,
R128,R128,C17414,286.861,-166.129,0,Top,Mean native terminal position; use assembly drawing for body offset/polarity,
R129,R129,C17408,286.861,-170.079,0,Top,Mean native terminal position; use assembly drawing for body offset/polarity,
R130,R130,C17414,286.861,-191.712,0,Top,Mean native terminal position; use assembly drawing for body offset/polarity,
R131,R131,C17408,286.861,-195.662,0,Top,Mean native terminal position; use assembly drawing for body offset/polarity,
R132,R132,C17414,286.861,-217.279,0,Top,Mean native terminal position; use assembly drawing for body offset/polarity,
R133,R133,C17408,286.861,-221.229,0,Top,Mean native terminal position; use assembly drawing for body offset/polarity,
R134,R134,C17414,311.422,-140.617,0,Top,Mean native terminal position; use assembly drawing for body offset/polarity,
R135,R135,C17408,311.422,-144.52,0,Top,Mean native terminal position; use assembly drawing for body offset/polarity,
R136,R136,C17414,311.422,-166.129,0,Top,Mean native terminal position; use assembly drawing for body offset/polarity,
R137,R137,C17408,311.422,-170.079,0,Top,Mean native terminal position; use assembly drawing for body offset/polarity,
R138,R138,C17414,311.422,-191.712,0,Top,Mean native terminal position; use assembly drawing for body offset/polarity,
R139,R139,C17408,311.422,-195.662,0,Top,Mean native terminal position; use assembly drawing for body offset/polarity,
R140,R140,C17414,311.422,-217.279,0,Top,Mean native terminal position; use assembly drawing for body offset/polarity,
R141,R141,C17408,311.422,-221.229,0,Top,Mean native terminal position; use assembly drawing for body offset/polarity,
U5,U5,C2878759,260.539,-107.3,0,Top,Mean native terminal position; use assembly drawing for body offset/polarity,
B4,B4,C49678,222.229,-121.551,270.0,Top,Mean native terminal position; use assembly drawing for body offset/polarity,
D17,D17,C460944,244.108,-156.209,0,Top,Mean native terminal position; use assembly drawing for body offset/polarity,
D18,D18,C460944,244.108,-182.615,0,Top,Mean native terminal position; use assembly drawing for body offset/polarity,
D19,D19,C460944,244.108,-209.023,0,Top,Mean native terminal position; use assembly drawing for body offset/polarity,
D20,D20,C460944,244.108,-235.427,0,Top,Mean native terminal position; use assembly drawing for body offset/polarity,
D21,D21,C460944,265.904,-156.209,0,Top,Mean native terminal position; use assembly drawing for body offset/polarity,
D22,D22,C460944,265.904,-182.615,0,Top,Mean native terminal position; use assembly drawing for body offset/polarity,
D23,D23,C460944,265.904,-209.023,0,Top,Mean native terminal position; use assembly drawing for body offset/polarity,
D24,D24,C460944,265.904,-235.427,0,Top,Mean native terminal position; use assembly drawing for body offset/polarity,
J127,J127,C305802,252.491,-247.713,180.0,Top,Mean native terminal position; use assembly drawing for body offset/polarity,
J128,J128,C505166,244.947,-265.3,180.0,Top,Mean native terminal position; use assembly drawing for body offset/polarity,
J129,J129,C505166,267.58,-265.3,180.0,Top,Mean native terminal position; use assembly drawing for body offset/polarity,
Q44,Q44,C485687,242.221,-147.327,0,Top,Mean native terminal position; use assembly drawing for body offset/polarity,
Q46,Q46,C485687,242.221,-173.733,0,Top,Mean native terminal position; use assembly drawing for body offset/polarity,
Q48,Q48,C485687,242.221,-200.139,0,Top,Mean native terminal position; use assembly drawing for body offset/polarity,
Q50,Q50,C485687,242.221,-226.545,0,Top,Mean native terminal position; use assembly drawing for body offset/polarity,
Q52,Q52,C485687,264.017,-147.327,0,Top,Mean native terminal position; use assembly drawing for body offset/polarity,
Q54,Q54,C485687,264.017,-173.733,0,Top,Mean native terminal position; use assembly drawing for body offset/polarity,
Q56,Q56,C485687,264.017,-200.139,0,Top,Mean native terminal position; use assembly drawing for body offset/polarity,
Q58,Q58,C485687,264.017,-226.545,0,Top,Mean native terminal position; use assembly drawing for body offset/polarity,
R70,R70,C17408,244.108,-136.913,0,Top,Mean native terminal position; use assembly drawing for body offset/polarity,
R71,R71,C17414,244.108,-140.863,0,Top,Mean native terminal position; use assembly drawing for body offset/polarity,
R74,R74,C17408,244.108,-163.318,0,Top,Mean native terminal position; use assembly drawing for body offset/polarity,
R75,R75,C17414,244.108,-167.268,0,Top,Mean native terminal position; use assembly drawing for body offset/polarity,
R78,R78,C17408,244.108,-189.718,0,Top,Mean native terminal position; use assembly drawing for body offset/polarity,
R79,R79,C17414,244.108,-193.668,0,Top,Mean native terminal position; use assembly drawing for body offset/polarity,
R82,R82,C17408,244.108,-216.13,0,Top,Mean native terminal position; use assembly drawing for body offset/polarity,
R83,R83,C17414,244.108,-220.08,0,Top,Mean native terminal position; use assembly drawing for body offset/polarity,
R86,R86,C17408,265.904,-136.913,0,Top,Mean native terminal position; use assembly drawing for body offset/polarity,
R87,R87,C17414,265.904,-140.863,0,Top,Mean native terminal position; use assembly drawing for body offset/polarity,
R90,R90,C17408,265.904,-163.318,0,Top,Mean native terminal position; use assembly drawing for body offset/polarity,
R91,R91,C17414,265.904,-167.268,0,Top,Mean native terminal position; use assembly drawing for body offset/polarity,
R94,R94,C17408,265.904,-189.718,0,Top,Mean native terminal position; use assembly drawing for body offset/polarity,
R95,R95,C17414,265.904,-193.668,0,Top,Mean native terminal position; use assembly drawing for body offset/polarity,
R98,R98,C17408,265.904,-216.13,0,Top,Mean native terminal position; use assembly drawing for body offset/polarity,
R99,R99,C17414,265.904,-220.08,0,Top,Mean native terminal position; use assembly drawing for body offset/polarity,
U4,U4,C2878759,220.972,-107.3,0,Top,Mean native terminal position; use assembly drawing for body offset/polarity,
B3,B3,C49678,191.38,-121.551,270.0,Top,Mean native terminal position; use assembly drawing for body offset/polarity,
D1,D1,C95872,220.385,-156.116,0,Top,Mean native terminal position; use assembly drawing for body offset/polarity,
D2,D2,C95872,220.385,-182.522,0,Top,Mean native terminal position; use assembly drawing for body offset/polarity,
D3,D3,C95872,220.385,-208.918,0,Top,Mean native terminal position; use assembly drawing for body offset/polarity,
D9,D9,C95872,196.913,-156.116,0,Top,Mean native terminal position; use assembly drawing for body offset/polarity,
D10,D10,C95872,196.913,-182.522,0,Top,Mean native terminal position; use assembly drawing for body offset/polarity,
D11,D11,C95872,196.913,-208.918,0,Top,Mean native terminal position; use assembly drawing for body offset/polarity,
D12,D12,C95872,196.913,-235.334,0,Top,Mean native terminal position; use assembly drawing for body offset/polarity,
D38,D38,C95872,220.385,-235.334,0,Top,Mean native terminal position; use assembly drawing for body offset/polarity,
J125,J125,C305802,202.362,-247.713,180.0,Top,Mean native terminal position; use assembly drawing for body offset/polarity,
J126,J126,C592598,199.176,-265.3,180.0,Top,Mean native terminal position; use assembly drawing for body offset/polarity,
Q28,Q28,C485687,195.026,-148.82,0,Top,Mean native terminal position; use assembly drawing for body offset/polarity,
Q30,Q30,C485687,195.026,-175.226,0,Top,Mean native terminal position; use assembly drawing for body offset/polarity,
Q32,Q32,C485687,195.026,-201.634,0,Top,Mean native terminal position; use assembly drawing for body offset/polarity,
Q34,Q34,C485687,195.026,-228.038,0,Top,Mean native terminal position; use assembly drawing for body offset/polarity,
Q36,Q36,C485687,218.498,-148.82,0,Top,Mean native terminal position; use assembly drawing for body offset/polarity,
Q38,Q38,C485687,218.498,-175.226,0,Top,Mean native terminal position; use assembly drawing for body offset/polarity,
Q40,Q40,C485687,218.498,-201.634,0,Top,Mean native terminal position; use assembly drawing for body offset/polarity,
Q42,Q42,C485687,218.498,-228.038,0,Top,Mean native terminal position; use assembly drawing for body offset/polarity,
R38,R38,C17408,196.913,-138.396,0,Top,Mean native terminal position; use assembly drawing for body offset/polarity,
R39,R39,C17414,196.913,-142.346,0,Top,Mean native terminal position; use assembly drawing for body offset/polarity,
R42,R42,C17408,196.913,-164.802,0,Top,Mean native terminal position; use assembly drawing for body offset/polarity,
R43,R43,C17414,196.913,-168.752,0,Top,Mean native terminal position; use assembly drawing for body offset/polarity,
R46,R46,C17408,196.913,-191.215,0,Top,Mean native terminal position; use assembly drawing for body offset/polarity,
R47,R47,C17414,196.913,-195.165,0,Top,Mean native terminal position; use assembly drawing for body offset/polarity,
R50,R50,C17408,196.913,-217.614,0,Top,Mean native terminal position; use assembly drawing for body offset/polarity,
R51,R51,C17414,196.913,-221.564,0,Top,Mean native terminal position; use assembly drawing for body offset/polarity,
R54,R54,C17408,220.385,-138.396,0,Top,Mean native terminal position; use assembly drawing for body offset/polarity,
R55,R55,C17414,220.385,-142.346,0,Top,Mean native terminal position; use assembly drawing for body offset/polarity,
R58,R58,C17408,220.385,-164.802,0,Top,Mean native terminal position; use assembly drawing for body offset/polarity,
R59,R59,C17414,220.385,-168.752,0,Top,Mean native terminal position; use assembly drawing for body offset/polarity,
R62,R62,C17408,220.385,-191.215,0,Top,Mean native terminal position; use assembly drawing for body offset/polarity,
R63,R63,C17414,220.385,-195.165,0,Top,Mean native terminal position; use assembly drawing for body offset/polarity,
R66,R66,C17408,220.385,-217.614,0,Top,Mean native terminal position; use assembly drawing for body offset/polarity,
R67,R67,C17414,220.385,-221.564,0,Top,Mean native terminal position; use assembly drawing for body offset/polarity,
U3,U3,C2878759,190.123,-107.3,0,Top,Mean native terminal position; use assembly drawing for body offset/polarity,
B2,B2,C49678,172.1,-121.551,270.0,Top,Mean native terminal position; use assembly drawing for body offset/polarity,
D5,D5,C460944,163.382,-156.209,0,Top,Mean native terminal position; use assembly drawing for body offset/polarity,
D6,D6,C460944,163.382,-182.615,0,Top,Mean native terminal position; use assembly drawing for body offset/polarity,
D7,D7,C460944,163.382,-209.023,0,Top,Mean native terminal position; use assembly drawing for body offset/polarity,
D8,D8,C460944,163.382,-235.427,0,Top,Mean native terminal position; use assembly drawing for body offset/polarity,
J122,J122,C305802,128.509,-265.3,180.0,Top,Mean native terminal position; use assembly drawing for body offset/polarity,
J123,J123,C505166,129.18,-247.713,180.0,Top,Mean native terminal position; use assembly drawing for body offset/polarity,
J124,J124,C505166,152.903,-247.713,180.0,Top,Mean native terminal position; use assembly drawing for body offset/polarity,
Q20,Q20,C485687,161.495,-147.327,0,Top,Mean native terminal position; use assembly drawing for body offset/polarity,
Q22,Q22,C485687,161.495,-173.733,0,Top,Mean native terminal position; use assembly drawing for body offset/polarity,
Q24,Q24,C485687,161.495,-200.139,0,Top,Mean native terminal position; use assembly drawing for body offset/polarity,
Q26,Q26,C485687,161.495,-226.545,0,Top,Mean native terminal position; use assembly drawing for body offset/polarity,
R22,R22,C17408,163.382,-136.913,0,Top,Mean native terminal position; use assembly drawing for body offset/polarity,
R23,R23,C17414,163.382,-140.863,0,Top,Mean native terminal position; use assembly drawing for body offset/polarity,
R26,R26,C17408,163.382,-163.318,0,Top,Mean native terminal position; use assembly drawing for body offset/polarity,
R27,R27,C17414,163.382,-167.268,0,Top,Mean native terminal position; use assembly drawing for body offset/polarity,
R30,R30,C17408,163.382,-189.718,0,Top,Mean native terminal position; use assembly drawing for body offset/polarity,
R31,R31,C17414,163.382,-193.668,0,Top,Mean native terminal position; use assembly drawing for body offset/polarity,
R34,R34,C17408,163.382,-216.13,0,Top,Mean native terminal position; use assembly drawing for body offset/polarity,
R35,R35,C17414,163.382,-220.08,0,Top,Mean native terminal position; use assembly drawing for body offset/polarity,
U2,U2,C2878759,170.842,-107.3,0,Top,Mean native terminal position; use assembly drawing for body offset/polarity,
B18,B18,C49678,416.879,-155.031,270.0,Top,Mean native terminal position; use assembly drawing for body offset/polarity,
B19,B19,C49678,420.85,-157.178,270.0,Top,Mean native terminal position; use assembly drawing for body offset/polarity,
J136,J136,C240823,380.413,-265.3,180.0,Top,Mean native terminal position; use assembly drawing for body offset/polarity,
J137,J137,C305802,406.819,-246.875,180.0,Top,Mean native terminal position; use assembly drawing for body offset/polarity,
J138,J138,C305802,406.819,-265.3,180.0,Top,Mean native terminal position; use assembly drawing for body offset/polarity,
Q91,Q91,C2624,408.704,-181.479,0,Top,Mean native terminal position; use assembly drawing for body offset/polarity,
Q92,Q92,C2624,408.704,-198.343,0,Top,Mean native terminal position; use assembly drawing for body offset/polarity,
Q93,Q93,C2624,408.704,-215.218,0,Top,Mean native terminal position; use assembly drawing for body offset/polarity,
Q94,Q94,C2624,408.704,-232.061,0,Top,Mean native terminal position; use assembly drawing for body offset/polarity,
Q95,Q95,C2624,430.5,-189.505,0,Top,Mean native terminal position; use assembly drawing for body offset/polarity,
Q96,Q96,C2624,430.5,-206.369,0,Top,Mean native terminal position; use assembly drawing for body offset/polarity,
Q97,Q97,C2624,430.5,-223.224,0,Top,Mean native terminal position; use assembly drawing for body offset/polarity,
Q98,Q98,C2624,430.57,-240.089,0,Top,Mean native terminal position; use assembly drawing for body offset/polarity,
R176,R176,C4310,406.819,-175.019,0,Top,Mean native terminal position; use assembly drawing for body offset/polarity,
R177,R177,C17513,406.819,-187.979,0,Top,Mean native terminal position; use assembly drawing for body offset/polarity,
R178,R178,C4310,406.819,-191.88,0,Top,Mean native terminal position; use assembly drawing for body offset/polarity,
R179,R179,C17513,406.819,-204.818,0,Top,Mean native terminal position; use assembly drawing for body offset/polarity,
R180,R180,C4310,406.819,-208.718,0,Top,Mean native terminal position; use assembly drawing for body offset/polarity,
R181,R181,C17513,406.819,-221.709,0,Top,Mean native terminal position; use assembly drawing for body offset/polarity,
R182,R182,C4310,406.819,-225.61,0,Top,Mean native terminal position; use assembly drawing for body offset/polarity,
R183,R183,C17513,406.819,-238.523,0,Top,Mean native terminal position; use assembly drawing for body offset/polarity,
R184,R184,C4310,428.615,-183.005,0,Top,Mean native terminal position; use assembly drawing for body offset/polarity,
R185,R185,C17513,428.615,-196.001,0,Top,Mean native terminal position; use assembly drawing for body offset/polarity,
R186,R186,C4310,428.615,-199.901,0,Top,Mean native terminal position; use assembly drawing for body offset/polarity,
R187,R187,C17513,428.615,-212.822,0,Top,Mean native terminal position; use assembly drawing for body offset/polarity,
R188,R188,C4310,428.615,-216.772,0,Top,Mean native terminal position; use assembly drawing for body offset/polarity,
R189,R189,C17513,428.615,-229.692,0,Top,Mean native terminal position; use assembly drawing for body offset/polarity,
R190,R190,C4310,428.615,-233.593,0,Top,Mean native terminal position; use assembly drawing for body offset/polarity,
R191,R191,C17513,428.799,-246.589,0,Top,Mean native terminal position; use assembly drawing for body offset/polarity,
U18,U18,C2878759,408.408,-165.417,0,Top,Mean native terminal position; use assembly drawing for body offset/polarity,
U19,U19,C165895,425.01,-171.681,0,Top,Mean native terminal position; use assembly drawing for body offset/polarity,
B10,B10,C49678,340.502,-149.634,270.0,Top,Mean native terminal position; use assembly drawing for body offset/polarity,
B11,B11,C49678,360.919,-149.634,270.0,Top,Mean native terminal position; use assembly drawing for body offset/polarity,
B12,B12,C49678,382.142,-149.634,270.0,Top,Mean native terminal position; use assembly drawing for body offset/polarity,
B13,B13,C49678,383.5,-146.0,270.0,Top,Mean native terminal position; use assembly drawing for body offset/polarity,
B15,B15,C49678,350.582,-161.649,270.0,Top,Mean native terminal position; use assembly drawing for body offset/polarity,
B16,B16,C49678,387.675,-173.022,270.0,Top,Mean native terminal position; use assembly drawing for body offset/polarity,
C13,C13,C49678,337.175,-172.686,270.0,Top,Mean native terminal position; use assembly drawing for body offset/polarity,
C14,C14,C49678,333.165,-172.686,270.0,Top,Mean native terminal position; use assembly drawing for body offset/polarity,
C15,C15,C49678,354.544,-161.646,270.0,Top,Mean native terminal position; use assembly drawing for body offset/polarity,
C16,C16,C49678,358.506,-172.686,270.0,Top,Mean native terminal position; use assembly drawing for body offset/polarity,
C17,C17,C49678,374.293,-164.875,270.0,Top,Mean native terminal position; use assembly drawing for body offset/polarity,
C18,C18,C49678,370.315,-164.872,270.0,Top,Mean native terminal position; use assembly drawing for body offset/polarity,
C19,C19,C49678,391.636,-172.686,270.0,Top,Mean native terminal position; use assembly drawing for body offset/polarity,
C20,C20,C49678,395.597,-172.686,270.0,Top,Mean native terminal position; use assembly drawing for body offset/polarity,
C31,C31,C49678,368.536,-174.232,270.0,Top,Mean native terminal position; use assembly drawing for body offset/polarity,
D33,D33,C81598,352.108,-166.52,0,Top,Mean native terminal position; use assembly drawing for body offset/polarity,
D34,D34,C81598,351.912,-170.842,0,Top,Mean native terminal position; use assembly drawing for body offset/polarity,
J133,J133,C94118,359.205,-244.779,180.0,Top,Mean native terminal position; use assembly drawing for body offset/polarity,"Trim 10-position 1-640456-0 to 9: remove final position 10. Preserve pin 1, key and friction wall; deburr."
J134,J134,C94118,359.205,-257.772,180.0,Top,Mean native terminal position; use assembly drawing for body offset/polarity,"Trim 10-position 1-640456-0 to 9: remove final position 10. Preserve pin 1, key and friction wall; deburr."
J135,J135,C94118,359.205,-267.49,180.0,Top,Mean native terminal position; use assembly drawing for body offset/polarity,"Trim 10-position 1-640456-0 to 9: remove final position 10. Preserve pin 1, key and friction wall; deburr."
Q83,Q83,C3007,351.747,-181.4,0,Top,Mean native terminal position; use assembly drawing for body offset/polarity,
Q84,Q84,C3007,351.572,-198.254,0,Top,Mean native terminal position; use assembly drawing for body offset/polarity,
Q85,Q85,C3007,351.72,-215.126,0,Top,Mean native terminal position; use assembly drawing for body offset/polarity,
Q86,Q86,C3007,351.572,-231.986,0,Top,Mean native terminal position; use assembly drawing for body offset/polarity,
Q87,Q87,C3007,373.447,-181.436,0,Top,Mean native terminal position; use assembly drawing for body offset/polarity,
Q88,Q88,C3007,373.571,-198.26,0,Top,Mean native terminal position; use assembly drawing for body offset/polarity,
Q89,Q89,C3007,373.442,-215.095,0,Top,Mean native terminal position; use assembly drawing for body offset/polarity,
Q90,Q90,C3007,373.571,-231.972,0,Top,Mean native terminal position; use assembly drawing for body offset/polarity,
R142,R142,C17414,329.232,-172.686,270.0,Top,Mean native terminal position; use assembly drawing for body offset/polarity,
R143,R143,C17414,346.044,-149.382,270.0,Top,Mean native terminal position; use assembly drawing for body offset/polarity,
R144,R144,C17414,362.453,-174.531,270.0,Top,Mean native terminal position; use assembly drawing for body offset/polarity,
R145,R145,C17414,364.852,-149.382,270.0,Top,Mean native terminal position; use assembly drawing for body offset/polarity,
R146,R146,C17414,368.802,-149.382,270.0,Top,Mean native terminal position; use assembly drawing for body offset/polarity,
R147,R147,C17414,366.369,-164.879,270.0,Top,Mean native terminal position; use assembly drawing for body offset/polarity,
R148,R148,C17414,399.528,-172.686,270.0,Top,Mean native terminal position; use assembly drawing for body offset/polarity,
R149,R149,C17414,399.457,-149.634,270.0,Top,Mean native terminal position; use assembly drawing for body offset/polarity,
R150,R150,C875839,340.382,-201.607,270.0,Top,Mean native terminal position; use assembly drawing for body offset/polarity,
R151,R151,C875839,340.389,-222.145,270.0,Top,Mean native terminal position; use assembly drawing for body offset/polarity,
R152,R152,C875839,334.308,-201.607,270.0,Top,Mean native terminal position; use assembly drawing for body offset/polarity,
R153,R153,C875839,334.308,-222.145,270.0,Top,Mean native terminal position; use assembly drawing for body offset/polarity,
R154,R154,C17513,349.853,-191.802,0,Top,Mean native terminal position; use assembly drawing for body offset/polarity,
R155,R155,C17408,349.564,-174.942,0,Top,Mean native terminal position; use assembly drawing for body offset/polarity,
R156,R156,C17513,349.624,-204.75,0,Top,Mean native terminal position; use assembly drawing for body offset/polarity,
R157,R157,C17408,350.021,-187.852,0,Top,Mean native terminal position; use assembly drawing for body offset/polarity,
R158,R158,C17513,350.145,-225.486,0,Top,Mean native terminal position; use assembly drawing for body offset/polarity,
R159,R159,C17408,349.594,-208.652,0,Top,Mean native terminal position; use assembly drawing for body offset/polarity,
R160,R160,C17513,349.564,-238.448,0,Top,Mean native terminal position; use assembly drawing for body offset/polarity,
R161,R161,C17408,350.021,-221.584,0,Top,Mean native terminal position; use assembly drawing for body offset/polarity,
R162,R162,C17513,370.102,-169.559,0,Top,Mean native terminal position; use assembly drawing for body offset/polarity,
R164,R164,C17513,371.731,-191.791,0,Top,Mean native terminal position; use assembly drawing for body offset/polarity,
R165,R165,C17408,373.246,-174.965,0,Top,Mean native terminal position; use assembly drawing for body offset/polarity,
R166,R166,C17513,371.671,-204.713,0,Top,Mean native terminal position; use assembly drawing for body offset/polarity,
R167,R167,C17408,371.731,-187.89,0,Top,Mean native terminal position; use assembly drawing for body offset/polarity,
R168,R168,C17513,371.731,-225.472,0,Top,Mean native terminal position; use assembly drawing for body offset/polarity,
R169,R169,C17408,371.731,-208.615,0,Top,Mean native terminal position; use assembly drawing for body offset/polarity,
R170,R170,C17513,371.611,-238.447,0,Top,Mean native terminal position; use assembly drawing for body offset/polarity,
R171,R171,C17408,371.701,-221.57,0,Top,Mean native terminal position; use assembly drawing for body offset/polarity,
R172,R172,C875839,391.311,-201.607,270.0,Top,Mean native terminal position; use assembly drawing for body offset/polarity,
R173,R173,C875839,391.311,-222.145,270.0,Top,Mean native terminal position; use assembly drawing for body offset/polarity,
R174,R174,C875839,385.201,-201.607,270.0,Top,Mean native terminal position; use assembly drawing for body offset/polarity,
R175,R175,C875839,385.201,-222.145,270.0,Top,Mean native terminal position; use assembly drawing for body offset/polarity,
R301,R301,C17414,367.021,-230.528,270.0,Top,Mean native terminal position; use assembly drawing for body offset/polarity,
R302,R302,C17414,366.991,-220.05,270.0,Top,Mean native terminal position; use assembly drawing for body offset/polarity,
R303,R303,C17414,366.991,-209.571,270.0,Top,Mean native terminal position; use assembly drawing for body offset/polarity,
R304,R304,C17414,366.996,-199.092,270.0,Top,Mean native terminal position; use assembly drawing for body offset/polarity,
R305,R305,C17414,345.004,-230.528,270.0,Top,Mean native terminal position; use assembly drawing for body offset/polarity,
R306,R306,C17414,345.319,-221.342,270.0,Top,Mean native terminal position; use assembly drawing for body offset/polarity,
R307,R307,C17414,344.914,-209.571,270.0,Top,Mean native terminal position; use assembly drawing for body offset/polarity,
R308,R308,C17414,345.312,-187.164,270.0,Top,Mean native terminal position; use assembly drawing for body offset/polarity,
U10,U10,C352961,333.772,-149.885,0,Top,Mean native terminal position; use assembly drawing for body offset/polarity,
U11,U11,C352961,354.225,-149.717,0,Top,Mean native terminal position; use assembly drawing for body offset/polarity,
U12,U12,C352961,375.455,-149.634,0,Top,Mean native terminal position; use assembly drawing for body offset/polarity,
U13,U13,C352961,388.823,-149.634,0,Top,Mean native terminal position; use assembly drawing for body offset/polarity,
U15,U15,C7948,343.857,-167.411,0,Top,Mean native terminal position; use assembly drawing for body offset/polarity,
U16,U16,C7948,380.987,-171.333,0,Top,Mean native terminal position; use assembly drawing for body offset/polarity,
B1,B1,C49678,152.903,-121.551,270.0,Top,Mean native terminal position; use assembly drawing for body offset/polarity,
F101,F101,C268204,165.142,-64.716,270.0,Top,Mean native terminal position; use assembly drawing for body offset/polarity,
F102,F102,C268204,180.483,-64.716,270.0,Top,Mean native terminal position; use assembly drawing for body offset/polarity,
F106,F106,C5381754,32.945,-233.211,0,Top,Mean native terminal position; use assembly drawing for body offset/polarity,
F106_HOLDER,F106,C268204,32.945,-233.211,0,Top,Holder center between its two PCB leads,FH1-200CK-G includes insulating cover; cartridge listed separately.
F107,F107,C5381754,32.945,-218.624,0,Top,Mean native terminal position; use assembly drawing for body offset/polarity,
F107_HOLDER,F107,C268204,32.945,-218.624,0,Top,Holder center between its two PCB leads,FH1-200CK-G includes insulating cover; cartridge listed separately.
F108,F108,C5381754,33.095,-204.038,0,Top,Mean native terminal position; use assembly drawing for body offset/polarity,
F108_HOLDER,F108,C268204,33.095,-204.038,0,Top,Holder center between its two PCB leads,FH1-200CK-G includes insulating cover; cartridge listed separately.
F109,F109,C5381754,77.793,-218.624,0,Top,Mean native terminal position; use assembly drawing for body offset/polarity,
F109_HOLDER,F109,C268204,77.793,-218.624,0,Top,Holder center between its two PCB leads,FH1-200CK-G includes insulating cover; cartridge listed separately.
F110,F110,C5381754,77.793,-233.211,0,Top,Mean native terminal position; use assembly drawing for body offset/polarity,
F110_HOLDER,F110,C268204,77.793,-233.211,0,Top,Holder center between its two PCB leads,FH1-200CK-G includes insulating cover; cartridge listed separately.
J105,J105,C505166,400.532,-33.531,0,Top,Mean native terminal position; use assembly drawing for body offset/polarity,
J115A,J115,C86500,7.61,-235.702,90.0,Top,Average contact position of this six-position subassembly,Two 640445-6 headers: J115A pins 1-6; J115B pins 7-12. Align friction walls; dress seam if necessary. Preserve pin-1/key mapping.
J115B,J115,C86500,7.61,-211.942,90.0,Top,Average contact position of this six-position subassembly,Two 640445-6 headers: J115A pins 1-6; J115B pins 7-12. Align friction walls; dress seam if necessary. Preserve pin-1/key mapping.
J119,J119,C240823,42.585,-265.3,180.0,Top,Mean native terminal position; use assembly drawing for body offset/polarity,
J120,J120,C592598,90.199,-247.713,180.0,Top,Mean native terminal position; use assembly drawing for body offset/polarity,Trim 13-position 1-640445-3 to 11: remove pins/body 12-13 at far end. Preserve pin 1 and friction wall; deburr.
J121,J121,C592598,79.218,-265.3,180.0,Top,Mean native terminal position; use assembly drawing for body offset/polarity,Trim 13-position 1-640445-3 to 11: remove pins/body 12-13 at far end. Preserve pin 1 and friction wall; deburr.
Q9,Q9,C8512,140.496,-208.1105,270.0,Top,Mean native terminal position; use assembly drawing for body offset/polarity,
Q10,Q10,C9102,117.444,-209.99,270.0,Top,Mean native terminal position; use assembly drawing for body offset/polarity,
Q11,Q11,C8512,60.189,-158.2135,270.0,Top,Mean native terminal position; use assembly drawing for body offset/polarity,
Q12,Q12,C9102,38.393,-159.274,270.0,Top,Mean native terminal position; use assembly drawing for body offset/polarity,
Q13,Q13,C8512,97.744,-131.4075,270.0,Top,Mean native terminal position; use assembly drawing for body offset/polarity,
Q14,Q14,C9102,78.044,-132.449,270.0,Top,Mean native terminal position; use assembly drawing for body offset/polarity,
Q15,Q15,C8512,99.42,-182.5425,270.0,Top,Mean native terminal position; use assembly drawing for body offset/polarity,
Q16,Q16,C9102,78.044,-184.842,270.0,Top,Mean native terminal position; use assembly drawing for body offset/polarity,
Q17,Q17,C8512,140.496,-156.5555,270.0,Top,Mean native terminal position; use assembly drawing for body offset/polarity,
Q18,Q18,C9102,128.341,-157.597,270.0,Top,Mean native terminal position; use assembly drawing for body offset/polarity,
R7,R7,C1882619,140.496,-214.312,0,Top,Mean native terminal position; use assembly drawing for body offset/polarity,
R8,R8,C17710,120.378,-114.972,0,Top,Mean native terminal position; use assembly drawing for body offset/polarity,
R9,R9,C17414,140.496,-203.493,0,Top,Mean native terminal position; use assembly drawing for body offset/polarity,
R10,R10,C1882619,60.189,-164.436,0,Top,Mean native terminal position; use assembly drawing for body offset/polarity,
R11,R11,C17710,120.378,-118.878,0,Top,Mean native terminal position; use assembly drawing for body offset/polarity,
R12,R12,C17414,60.189,-153.646,0,Top,Mean native terminal position; use assembly drawing for body offset/polarity,
R13,R13,C1882619,97.744,-137.609,0,Top,Mean native terminal position; use assembly drawing for body offset/polarity,
R14,R14,C17710,120.378,-122.793,0,Top,Mean native terminal position; use assembly drawing for body offset/polarity,
R15,R15,C17414,97.744,-126.79,0,Top,Mean native terminal position; use assembly drawing for body offset/polarity,
R16,R16,C1882619,99.42,-188.745,0,Top,Mean native terminal position; use assembly drawing for body offset/polarity,
R17,R17,C17710,120.378,-126.743,0,Top,Mean native terminal position; use assembly drawing for body offset/polarity,
R18,R18,C17414,99.42,-177.925,0,Top,Mean native terminal position; use assembly drawing for body offset/polarity,
R19,R19,C1882619,140.496,-162.758,0,Top,Mean native terminal position; use assembly drawing for body offset/polarity,
R20,R20,C17710,120.378,-130.657,0,Top,Mean native terminal position; use assembly drawing for body offset/polarity,
R21,R21,C17414,140.496,-151.938,0,Top,Mean native terminal position; use assembly drawing for body offset/polarity,
U1,U1,C2878759,151.646,-107.3,180.0,Top,Mean native terminal position; use assembly drawing for body offset/polarity,
W1,W1,C189505,16.99,-204.541,270.0,Top,Mean native terminal position; use assembly drawing for body offset/polarity,
