Designator,Quantity,Value,MPN,Manufacturer,Footprint,JLCPCB_part,Library,Assembly,Stock_snapshot,Purchasing_status,Catalog_URL,Fetched_UTC
U9,1,74HCT240,SN74HCT240DWR,Texas Instruments,Package_SO:SOIC-20W_7.5x12.8mm_P1.27mm,C132264,Extended,SMT,7,Stock covers one board,https://jlcpcb.com/partdetail/C132264,2026-09-11T19:22:25.862750+00:00
R263 R269,2,240K,RC0805FR-07240KL,YAGEO,Resistor_SMD:R_0805_2012Metric,C137564,Extended,SMT,25508,Stock covers one board,https://jlcpcb.com/partdetail/C137564,2026-09-11T20:02:26.173764+00:00
F103 F104 F105 F116,4,3A S.B.,0239003.MXP,Littelfuse,Fuse:Fuseholder_Clip-5x20mm_Keystone_3517_Inline_P23.11x6.76mm_D1.70mm_Horizontal,C142824,Extended,Through-hole/manual,524,Stock covers one board,https://jlcpcb.com/partdetail/C142824,2026-09-11T20:02:26.613094+00:00
F106 F107 F108 F109 F110 F111 F113,7,5A S.B.,0239005.MXP,Littelfuse,Fuse:Fuseholder_Clip-5x20mm_Keystone_3517_Inline_P23.11x6.76mm_D1.70mm_Horizontal,C151086,Extended,Through-hole/manual,250,Stock covers one board,https://jlcpcb.com/partdetail/C151086,2026-09-11T20:02:27.581069+00:00
Q9 Q11 Q13 Q15 Q17,5,MMBT4401,MMBT4401-7-F,Diodes Incorporated,Package_TO_SOT_SMD:SOT-23,C151826,Extended,SMT,16903,Stock covers one board,https://jlcpcb.com/partdetail/C151826,2026-09-11T20:02:28.129072+00:00
C2 C4 C9 C12,4,330uF,EEU-FR1E331B,PANASONIC,wpc_cost:CP_Radial_D8.0mm_P5.00mm,C1579638,Extended,Through-hole/manual,48,Stock covers one board,https://jlcpcb.com/partdetail/C1579638,2026-09-11T19:12:51.389193+00:00
C8 C32,2,2200uF 100V,LLS2A222MELA,Nichicon,Capacitor_THT:CP_Radial_D25.0mm_P10.00mm_SnapIn,C1582025,Extended,Through-hole/manual,0,Preorder / replenish; confirm lead time and minimum order,https://jlcpcb.com/partdetail/C1582025,2026-09-11T19:20:34.010752+00:00
U19,1,TBD62083AFWG,"TBD62083AFWG,EL",TOSHIBA,Package_SO:SOIC-18W_7.5x11.6mm_P1.27mm,C165895,Extended,SMT,1582,Stock covers one board,https://jlcpcb.com/partdetail/C165895,2026-09-11T20:02:29.919502+00:00
C21,1,10nF,CL21B103KBANNNC,Samsung Electro-Mechanics,Capacitor_SMD:C_0805_2012Metric,C1710,Basic,SMT,2881323,Stock covers one board,https://jlcpcb.com/partdetail/C1710,2026-09-11T19:22:13.225917+00:00
J126,1,J126 Sol 17-24 drive (playfield flashers) + tie-back cathodes of sol 21-24 on pins 10-13 (A-12697 D9-D12; N/C on STTNG),0026604130,MOLEX,Connector_Molex:Molex_KK-396_A-41791-0013_1x13_P3.96mm_Vertical,C17226055,Extended,Through-hole/manual,89,Stock covers one board,https://jlcpcb.com/partdetail/C17226055,2026-09-11T20:02:29.828856+00:00
C36,1,33nF,0805B333K500NT,FH (Guangdong Fenghua Advanced Tech),Capacitor_SMD:C_0805_2012Metric,C1739,Basic,SMT,120766,Stock covers one board,https://jlcpcb.com/partdetail/C1739,2026-09-11T19:22:14.265006+00:00
R22 R26 R30 R34 R38 R42 R46 R50 R54 R58 R62 R66 R70 R74 R78 R82 R86 R90 R94 R98 R127 R129 R131 R133 R135 R137 R139 R141 R155 R157 R159 R161 R165 R167 R169 R171,36,100,0805W8F1000T5E,UNI-ROYAL(Uniroyal Elec),Resistor_SMD:R_0805_2012Metric,C17408,Basic,SMT,10207952,Stock covers one board,https://jlcpcb.com/partdetail/C17408,2026-09-11T19:22:15.773296+00:00
R3 R4 R6 R9 R12 R15 R18 R21 R23 R27 R31 R35 R39 R43 R47 R51 R55 R59 R63 R67 R71 R75 R79 R83 R87 R91 R95 R99 R126 R128 R130 R132 R134 R136 R138 R140 R142 R143 R144 R145 R146 R147 R148 R149 R197 R301 R302 R303 R304 R305 R306 R307 R308,53,10K,0805W8F1002T5E,UNI-ROYAL(Uniroyal Elec),Resistor_SMD:R_0805_2012Metric,C17414,Basic,SMT,54374691,Stock covers one board,https://jlcpcb.com/partdetail/C17414,2026-09-11T19:22:16.584578+00:00
J102 J110 J122 J125 J127 J130 J137 J138,8,J102 xformer 16VAC (Wht-Red) / solenoid ~51VAC (Blk-Yel),0026604090,MOLEX,Connector_Molex:Molex_KK-396_A-41791-0009_1x09_P3.96mm_Vertical,C17420444,Extended,Through-hole/manual,26,Stock covers one board,https://jlcpcb.com/partdetail/C17420444,2026-09-11T20:02:32.872761+00:00
J113,1,34-pin ribbon to CPU J211,N2534-6002-RB,3M,wpc_cost:3M_N2534_6002_RB,C17502444,Extended,Through-hole/manual,1,Stock covers one board,https://jlcpcb.com/partdetail/C17502444,2026-09-11T20:02:33.325422+00:00
R154 R156 R158 R160 R162 R164 R166 R168 R170 R177 R179 R181 R183 R185 R187 R189 R191 R193,18,1K,0805W8F1001T5E,UNI-ROYAL(Uniroyal Elec),Resistor_SMD:R_0805_2012Metric,C17513,Basic,SMT,30776305,Stock covers one board,https://jlcpcb.com/partdetail/C17513,2026-09-11T19:22:17.719552+00:00
J120 J121,2,"J120 G.I. strings 1-5 (backbox harness uses strings 2,3)",26604110,MOLEX,Connector_Molex:Molex_KK-396_A-41791-0011_1x11_P3.96mm_Vertical,C17541501,Extended,Through-hole/manual,0,Preorder / replenish; confirm lead time and minimum order,https://jlcpcb.com/partdetail/C17541501,2026-09-11T19:20:25.534412+00:00
R206,1,27K,0805W8F2702T5E,UNI-ROYAL(Uniroyal Elec),Resistor_SMD:R_0805_2012Metric,C17593,Basic,SMT,196400,Stock covers one board,https://jlcpcb.com/partdetail/C17593,2026-09-11T19:22:20.432358+00:00
R271,1,2K,0805W8F2001T5E,UNI-ROYAL(Uniroyal Elec),Resistor_SMD:R_0805_2012Metric,C17604,Basic,SMT,6204082,Stock covers one board,https://jlcpcb.com/partdetail/C17604,2026-09-11T19:22:21.127968+00:00
J107,1,"J107 +50V (F103/F104/F105) and +20V (pins 5,6) to playfield",0026604060,MOLEX,Connector_Molex:Molex_KK-396_A-41791-0006_1x06_P3.96mm_Vertical,C17656945,Extended,Through-hole/manual,0,Preorder / replenish; confirm lead time and minimum order,https://jlcpcb.com/partdetail/C17656945,2026-09-11T20:02:35.083811+00:00
R310 R311 R312 R313 R314 R315 R316 R317 R318 R319 R320 R321 R322 R323 R324 R325,16,4.7K,0805W8F4701T5E,UNI-ROYAL(Uniroyal Elec),Resistor_SMD:R_0805_2012Metric,C17673,Basic,SMT,6173027,Stock covers one board,https://jlcpcb.com/partdetail/C17673,2026-09-11T20:02:36.421394+00:00
R8 R11 R14 R17 R20 R192,6,470,0805W8F4700T5E,UNI-ROYAL(Uniroyal Elec),Resistor_SMD:R_0805_2012Metric,C17710,Basic,SMT,3195794,Stock covers one board,https://jlcpcb.com/partdetail/C17710,2026-09-11T19:22:21.959785+00:00
R7 R10 R13 R16 R19,5,27,RC2512JK-0727RL,YAGEO,Resistor_SMD:R_2512_6332Metric,C1882619,Extended,SMT,1952,Stock covers one board,https://jlcpcb.com/partdetail/C1882619,2026-09-11T20:02:36.823694+00:00
R259 R260,2,15K,RC2512JK-0715KL,YAGEO,Resistor_SMD:R_2512_6332Metric,C1882622,Extended,SMT,3727,Stock covers one board,https://jlcpcb.com/partdetail/C1882622,2026-09-11T20:02:36.908653+00:00
W1,1,0R,RC2512JK-070RL,YAGEO,Resistor_SMD:R_2512_6332Metric,C189505,Extended,SMT,13212,Stock covers one board,https://jlcpcb.com/partdetail/C189505,2026-09-11T20:02:38.320377+00:00
C43,1,390pF,C0805C391J5GACTU,KEMET,Capacitor_SMD:C_0805_2012Metric,C2168930,Extended,SMT,0,Preorder / replenish; confirm lead time and minimum order,https://jlcpcb.com/partdetail/C2168930,2026-09-11T20:02:38.109271+00:00
C37,1,470pF,C0805C471J5GACTU,KEMET,Capacitor_SMD:C_0805_2012Metric,C2170031,Extended,SMT,0,Preorder / replenish; confirm lead time and minimum order,https://jlcpcb.com/partdetail/C2170031,2026-09-11T20:02:37.667468+00:00
D101 D102 D103 D104,4,STPS20M100ST,STPS20M100ST,STMicroelectronics,wpc_cost:TO220_Schottky_AKA_5772,C222114,Extended,Through-hole/manual,0,Preorder / replenish; confirm lead time and minimum order,https://jlcpcb.com/partdetail/C222114,2026-09-11T19:20:29.785728+00:00
J108 J119 J136,3,J108 +50V (F103/F104/F105) to cabinet (N/C on STTNG),26604030,MOLEX,Connector_Molex:Molex_KK-396_A-41791-0003_1x03_P3.96mm_Vertical,C240823,Extended,Through-hole/manual,13072,Stock covers one board,https://jlcpcb.com/partdetail/C240823,2026-09-11T20:05:08.609067+00:00
J103 J116 J117 J118,4,"J103 ground to 8-driver board (all four pins grounded as on A-12697 sheet 1, no key)",26604040,MOLEX,Connector_Molex:Molex_KK-396_A-41791-0004_1x04_P3.96mm_Vertical,C240824,Extended,Through-hole/manual,10320,Stock covers one board,https://jlcpcb.com/partdetail/C240824,2026-09-11T20:05:09.640793+00:00
Q91 Q92 Q93 Q94 Q95 Q96 Q97 Q98,8,IRFR5305TRPBF,IRFR5305TRPBF,Infineon Technologies,Package_TO_SOT_SMD:TO-252-2,C2624,Extended,SMT,40000,Stock covers one board,https://jlcpcb.com/partdetail/C2624,2026-09-11T20:02:38.555649+00:00
R266,1,33.2K,RC0805FR-0733K2L,YAGEO,Resistor_SMD:R_0805_2012Metric,C273830,Extended,SMT,15,Stock covers one board,https://jlcpcb.com/partdetail/C273830,2026-09-11T20:02:38.774718+00:00
R270,1,28K,RC0805FR-0728KL,YAGEO,Resistor_SMD:R_0805_2012Metric,C273850,Extended,SMT,10,Stock covers one board,https://jlcpcb.com/partdetail/C273850,2026-09-11T20:02:39.944741+00:00
R262,1,29.4K,RC0805FR-0729K4L,YAGEO,Resistor_SMD:R_0805_2012Metric,C273956,Extended,SMT,205,Stock covers one board,https://jlcpcb.com/partdetail/C273956,2026-09-11T20:20:49.201800+00:00
R261,1,118K,RC0805FR-07118KL,YAGEO,Resistor_SMD:R_0805_2012Metric,C274001,Extended,SMT,35,Stock covers one board,https://jlcpcb.com/partdetail/C274001,2026-09-11T20:02:39.472939+00:00
F114,1,8A,0217008.MXP,Littelfuse,Fuse:Fuseholder_Clip-5x20mm_Keystone_3517_Inline_P23.11x6.76mm_D1.70mm_Horizontal,C2936126,Extended,Through-hole/manual,2058,Stock covers one board,https://jlcpcb.com/partdetail/C2936126,2026-09-11T20:02:40.156930+00:00
Q83 Q84 Q85 Q86 Q87 Q88 Q89 Q90,8,IRLR024NTRPBF,IRLR024NTRPBF,Infineon Technologies,Package_TO_SOT_SMD:TO-252-2,C3007,Extended,SMT,19949,Stock covers one board,https://jlcpcb.com/partdetail/C3007,2026-09-11T20:02:40.368225+00:00
F101 F102 F103A F103B F104A F104B F105A F105B F106A F106B F107A F107B F108A F108B F109A F109B F110A F110B F111A F111B F112A F112B F113A F113B F114A F114B F115A F115B F116A F116B,32,no fuse (clips only),3517,Keystone,Fuse:Fuseholder_Clip-5x20mm_Keystone_3517_Inline_P23.11x6.76mm_D1.70mm_Horizontal,C3029536,Extended,Through-hole/manual,0,Preorder / replenish; confirm lead time and minimum order,https://jlcpcb.com/partdetail/C3029536,2026-09-11T19:12:50.095133+00:00
F115,1,3/4A S.B.,0239.750MXP,Littelfuse,Fuse:Fuseholder_Clip-5x20mm_Keystone_3517_Inline_P23.11x6.76mm_D1.70mm_Horizontal,C3157012,Extended,Through-hole/manual,0,Preorder / replenish; confirm lead time and minimum order,https://jlcpcb.com/partdetail/C3157012,2026-09-11T20:02:40.878526+00:00
F112,1,7A S.B.,0239007.MXP,Littelfuse,Fuse:Fuseholder_Clip-5x20mm_Keystone_3517_Inline_P23.11x6.76mm_D1.70mm_Horizontal,C3161084,Extended,Through-hole/manual,20,Stock covers one board,https://jlcpcb.com/partdetail/C3161084,2026-09-11T20:02:41.741871+00:00
U10 U11 U12 U13,4,74HCT74,SN74HCT74DR,Texas Instruments,Package_SO:SOIC-14_3.9x8.7mm_P1.27mm,C352961,Extended,SMT,9354,Stock covers one board,https://jlcpcb.com/partdetail/C352961,2026-09-11T20:02:42.582363+00:00
C33 C34 C38 C39 C40 C44,6,10uF,CL32B106KBJNNWE,Samsung Electro-Mechanics,Capacitor_SMD:C_1210_3225Metric,C3844168,Extended,SMT,626,Stock covers one board,https://jlcpcb.com/partdetail/C3844168,2026-09-11T20:02:42.718340+00:00
Q10 Q12 Q14 Q16 Q18,5,BTA16-600CRG,BTA16-600CRG,STMicroelectronics,Package_TO_SOT_THT:TO-220-3_Vertical,C39797,Extended,Through-hole/manual,86,Stock covers one board,https://jlcpcb.com/partdetail/C39797,2026-09-11T19:12:50.738951+00:00
R176 R178 R180 R182 R184 R186 R188 R190 R194 R196 R250 R251 R253 R254 R255 R256,16,1.5K,0805W8F1501T5E,UNI-ROYAL(Uniroyal Elec),Resistor_SMD:R_0805_2012Metric,C4310,Basic,SMT,704586,Stock covers one board,https://jlcpcb.com/partdetail/C4310,2026-09-11T19:22:18.545094+00:00
R268,1,20K,0805W8F2002T5E,UNI-ROYAL(Uniroyal Elec),Resistor_SMD:R_0805_2012Metric,C4328,Basic,SMT,3147867,Stock covers one board,https://jlcpcb.com/partdetail/C4328,2026-09-11T19:22:19.643649+00:00
BR3,1,GBPC3510,GBPC3510W-E4/51,Vishay Intertech,Diode_THT:Diode_Bridge_28.6x28.6x7.3mm_P18.0mm_P11.6mm,C435891,Extended,Through-hole/manual,24,Stock covers one board,https://jlcpcb.com/partdetail/C435891,2026-09-11T20:02:43.523179+00:00
D5 D6 D7 D8 D17 D18 D19 D20 D21 D22 D23 D24 D25 D26 D27 D28 D29 D30 D31 D32,20,S3M-13-F,S3M-13-F,Diodes Incorporated,Diode_SMD:D_SMC,C460944,Extended,SMT,17194,Stock covers one board,https://jlcpcb.com/partdetail/C460944,2026-09-11T20:02:44.006202+00:00
R267,1,130K,RC0805FR-07130KL,YAGEO,Resistor_SMD:R_0805_2012Metric,C483008,Extended,SMT,13681,Stock covers one board,https://jlcpcb.com/partdetail/C483008,2026-09-11T20:02:44.492216+00:00
R272,1,42.2K,RC0805FR-0742K2L,YAGEO,Resistor_SMD:R_0805_2012Metric,C483155,Extended,SMT,7,Stock covers one board,https://jlcpcb.com/partdetail/C483155,2026-09-11T20:02:45.152939+00:00
B1 B2 B3 B4 B5 B6 B9 B10 B11 B12 B13 B15 B16 B18 B19 C13 C14 C15 C16 C17 C18 C19 C20 C31 C35 C41 C42,27,100nF,CC0805KRX7R9BB104,YAGEO,Capacitor_SMD:C_0805_2012Metric,C49678,Basic,SMT,18965574,Stock covers one board,https://jlcpcb.com/partdetail/C49678,2026-09-11T19:22:15.072571+00:00
J104 J105 J106 J112 J123 J124 J128 J129 J131 J132,10,"J104 fused 51VAC (F112, pins 1/2) to Fliptronic II J901 and fused 16VAC (F111, pins 4/5), as A-12697 sheet 1",26604050,MOLEX,Connector_Molex:Molex_KK-396_A-41791-0005_1x05_P3.96mm_Vertical,C505166,Extended,Through-hole/manual,3676,Stock covers one board,https://jlcpcb.com/partdetail/C505166,2026-09-11T20:05:10.769668+00:00
U20 U21,2,TPS54360BDDAR,TPS54360BDDAR,Texas Instruments,Package_SO:Texas_HSOP-8-1EP_3.9x4.9mm_P1.27mm,C524806,Extended,SMT,30676,Stock covers one board,https://jlcpcb.com/partdetail/C524806,2026-09-11T20:02:44.741990+00:00
Q20 Q22 Q24 Q26 Q28 Q30 Q32 Q34 Q36 Q38 Q40 Q42 Q44 Q46 Q48 Q50 Q52 Q54 Q56 Q58 Q64 Q66 Q68 Q70 Q76 Q78 Q80 Q82,28,IPD90N10S4L06ATMA1,IPD90N10S4L06ATMA1,Infineon Technologies,Package_TO_SOT_SMD:TO-252-2,C5440942,Extended,SMT,1,Preorder / replenish; confirm lead time and minimum order,https://jlcpcb.com/partdetail/C5440942,2026-09-11T19:20:31.973573+00:00
J133 J134 J135,3,J133 lamp rows (cabinet),22232091,MOLEX,Connector_Molex:Molex_KK-254_AE-6410-09A_1x09_P2.54mm_Vertical,C587032,Extended,Through-hole/manual,77,Stock covers one board,https://jlcpcb.com/partdetail/C587032,2026-09-11T20:05:15.196070+00:00
J101 J109 J114,3,J101 xformer 9VAC (Red) / 13VAC (Blu-Wht),26604070,MOLEX,Connector_Molex:Molex_KK-396_A-41791-0007_1x07_P3.96mm_Vertical,C587091,Extended,Through-hole/manual,0,Preorder / replenish; confirm lead time and minimum order,https://jlcpcb.com/partdetail/C587091,2026-09-11T20:05:11.750474+00:00
J111,1,"J111 G.I. latch spare bits T5-T7 (GPIO as on the original board, e.g. shot-clock drive; N/C on STTNG)",22232051,MOLEX,Connector_Molex:Molex_KK-254_AE-6410-05A_1x05_P2.54mm_Vertical,C588986,Extended,Through-hole/manual,9752,Stock covers one board,https://jlcpcb.com/partdetail/C588986,2026-09-11T20:05:13.985221+00:00
C5 C6 C7 C11 C30,5,10000uF 35V,B41252A7109M000,TDK,Capacitor_THT:CP_Radial_D26.0mm_P10.00mm_SnapIn,C6130373,Extended,Through-hole/manual,0,Preorder / replenish; confirm lead time and minimum order,https://jlcpcb.com/partdetail/C6130373,2026-09-11T19:12:48.794197+00:00
U1 U2 U3 U4 U5 U18,6,74HCT574,SN74HCT574DWR,Texas Instruments,Package_SO:SOIC-20W_7.5x12.8mm_P1.27mm,C6788,Extended,SMT,127,Stock covers one board,https://jlcpcb.com/partdetail/C6788,2026-09-11T19:22:25.119974+00:00
R150 R151 R152 R153 R172 R173 R174 R175,8,0.22R,RL2512FK-070R22L,YAGEO,Resistor_SMD:R_2512_6332Metric,C705613,Extended,SMT,16,Stock covers one board,https://jlcpcb.com/partdetail/C705613,2026-09-11T20:02:45.685208+00:00
J115,1,"J115 G.I. 6.3VAC from transformer: 2-6 string hot ends (one fuse each), 7/8/10/11/12 winding return ends (triac MT1), 1 = GND REF",26-60-4120,MOLEX,Connector_Molex:Molex_KK-396_A-41791-0012_1x12_P3.96mm_Vertical,C7426778,Extended,Through-hole/manual,9,Stock covers one board,https://jlcpcb.com/partdetail/C7426778,2026-09-11T20:05:12.827226+00:00
U6 U15 U16,3,LM339DR,LM339DR,Texas Instruments,Package_SO:SOIC-14_3.9x8.7mm_P1.27mm,C7948,Extended,SMT,129687,Stock covers one board,https://jlcpcb.com/partdetail/C7948,2026-09-11T20:02:45.991294+00:00
D33 D34,2,1N4148W,1N4148W,ST(Semtech),Diode_SMD:D_SOD-123,C81598,Basic,SMT,3372717,Stock covers one board,https://jlcpcb.com/partdetail/C81598,2026-09-11T19:22:24.450967+00:00
L1 L2,2,10uH,SRP1265A-100M,BOURNS,Inductor_SMD:L_Bourns_SRP1245A,C840531,Extended,SMT,1187,Stock covers one board,https://jlcpcb.com/partdetail/C840531,2026-09-11T20:02:46.367656+00:00
LED1 LED2 LED3 LED4 LED5 LED6 LED7,7,LED red,NCD0805R1,Foshan NationStar Optoelectronics,LED_SMD:LED_0805_2012Metric,C84256,Basic,SMT,6142111,Stock covers one board,https://jlcpcb.com/partdetail/C84256,2026-09-11T19:22:22.945232+00:00
D36 D37,2,B560C,B560C-13-F,Diodes Incorporated,Diode_SMD:D_SMC,C85100,Extended,SMT,135337,Stock covers one board,https://jlcpcb.com/partdetail/C85100,2026-09-11T20:02:46.996598+00:00
R264,1,11.3K,RT0805BRD0711K3L,YAGEO,Resistor_SMD:R_0805_2012Metric,C865152,Extended,SMT,4777,Stock covers one board,https://jlcpcb.com/partdetail/C865152,2026-09-11T20:02:47.666877+00:00
R265,1,2.1K,RT0805BRD072K1L,YAGEO,Resistor_SMD:R_0805_2012Metric,C865367,Extended,SMT,4297,Stock covers one board,https://jlcpcb.com/partdetail/C865367,2026-09-11T20:02:47.968969+00:00
D1 D2 D3 D9 D10 D11 D12 D38,8,M7,M7,MDD(Microdiode Semiconductor),Diode_SMD:D_SMA,C95872,Basic,SMT,1442334,Stock covers one board,https://jlcpcb.com/partdetail/C95872,2026-09-11T20:07:20.976827+00:00
D105 D106 D107 D108 D109 D110 D111 D112 D113 D114 D115 D116,12,STPS20M100S,STPS20M100SG-TR,STMicroelectronics,wpc_cost:D2PAK_Schottky_AKA,C969989,Extended,SMT,2,Preorder / replenish; confirm lead time and minimum order,https://jlcpcb.com/partdetail/C969989,2026-09-11T19:20:27.944014+00:00
