Designator,Quantity,Value,MPN,Manufacturer,Footprint,JLCPCB_part,Library,Assembly
B1,1,100nF,CC0805KRX7R9BB104,YAGEO,Capacitor_SMD:C_0805_2012Metric,C49678,Basic,SMT
B2,1,100nF,CC0805KRX7R9BB104,YAGEO,Capacitor_SMD:C_0805_2012Metric,C49678,Basic,SMT
B3,1,100nF,CC0805KRX7R9BB104,YAGEO,Capacitor_SMD:C_0805_2012Metric,C49678,Basic,SMT
B4,1,100nF,CC0805KRX7R9BB104,YAGEO,Capacitor_SMD:C_0805_2012Metric,C49678,Basic,SMT
B5,1,100nF,CC0805KRX7R9BB104,YAGEO,Capacitor_SMD:C_0805_2012Metric,C49678,Basic,SMT
B6,1,100nF,CC0805KRX7R9BB104,YAGEO,Capacitor_SMD:C_0805_2012Metric,C49678,Basic,SMT
B9,1,100nF,CC0805KRX7R9BB104,YAGEO,Capacitor_SMD:C_0805_2012Metric,C49678,Basic,SMT
B10,1,100nF,CC0805KRX7R9BB104,YAGEO,Capacitor_SMD:C_0805_2012Metric,C49678,Basic,SMT
B11,1,100nF,CC0805KRX7R9BB104,YAGEO,Capacitor_SMD:C_0805_2012Metric,C49678,Basic,SMT
B12,1,100nF,CC0805KRX7R9BB104,YAGEO,Capacitor_SMD:C_0805_2012Metric,C49678,Basic,SMT
B13,1,100nF,CC0805KRX7R9BB104,YAGEO,Capacitor_SMD:C_0805_2012Metric,C49678,Basic,SMT
B15,1,100nF,CC0805KRX7R9BB104,YAGEO,Capacitor_SMD:C_0805_2012Metric,C49678,Basic,SMT
B16,1,100nF,CC0805KRX7R9BB104,YAGEO,Capacitor_SMD:C_0805_2012Metric,C49678,Basic,SMT
B18,1,100nF,CC0805KRX7R9BB104,YAGEO,Capacitor_SMD:C_0805_2012Metric,C49678,Basic,SMT
B19,1,100nF,CC0805KRX7R9BB104,YAGEO,Capacitor_SMD:C_0805_2012Metric,C49678,Basic,SMT
BR3,1,GBPC3510,GBPC3510W-E4/51,Vishay Intertech,Diode_THT:Diode_Bridge_28.6x28.6x7.3mm_P18.0mm_P11.6mm,C435891,Extended,Through-hole/manual
C2,1,330uF,EEU-FR1E331B,PANASONIC,wpc_cost:CP_Radial_D8.0mm_P5.00mm,C1579638,Extended,Through-hole/manual
C4,1,330uF,EEU-FR1E331B,PANASONIC,wpc_cost:CP_Radial_D8.0mm_P5.00mm,C1579638,Extended,Through-hole/manual
C5,1,10000uF 35V,B41252A7109M000,TDK,Capacitor_THT:CP_Radial_D26.0mm_P10.00mm_SnapIn,C6130373,Extended,Through-hole/manual
C6,1,10000uF 35V,B41252A7109M000,TDK,Capacitor_THT:CP_Radial_D26.0mm_P10.00mm_SnapIn,C6130373,Extended,Through-hole/manual
C7,1,10000uF 35V,B41252A7109M000,TDK,Capacitor_THT:CP_Radial_D26.0mm_P10.00mm_SnapIn,C6130373,Extended,Through-hole/manual
C8,1,2200uF 100V,LLS2A222MELA,Nichicon,Capacitor_THT:CP_Radial_D25.0mm_P10.00mm_SnapIn,C1582025,Extended,Through-hole/manual
C9,1,330uF,EEU-FR1E331B,PANASONIC,wpc_cost:CP_Radial_D8.0mm_P5.00mm,C1579638,Extended,Through-hole/manual
C11,1,10000uF 35V,B41252A7109M000,TDK,Capacitor_THT:CP_Radial_D26.0mm_P10.00mm_SnapIn,C6130373,Extended,Through-hole/manual
C12,1,330uF,EEU-FR1E331B,PANASONIC,wpc_cost:CP_Radial_D8.0mm_P5.00mm,C1579638,Extended,Through-hole/manual
C13,1,100nF,CC0805KRX7R9BB104,YAGEO,Capacitor_SMD:C_0805_2012Metric,C49678,Basic,SMT
C14,1,100nF,CC0805KRX7R9BB104,YAGEO,Capacitor_SMD:C_0805_2012Metric,C49678,Basic,SMT
C15,1,100nF,CC0805KRX7R9BB104,YAGEO,Capacitor_SMD:C_0805_2012Metric,C49678,Basic,SMT
C16,1,100nF,CC0805KRX7R9BB104,YAGEO,Capacitor_SMD:C_0805_2012Metric,C49678,Basic,SMT
C17,1,100nF,CC0805KRX7R9BB104,YAGEO,Capacitor_SMD:C_0805_2012Metric,C49678,Basic,SMT
C18,1,100nF,CC0805KRX7R9BB104,YAGEO,Capacitor_SMD:C_0805_2012Metric,C49678,Basic,SMT
C19,1,100nF,CC0805KRX7R9BB104,YAGEO,Capacitor_SMD:C_0805_2012Metric,C49678,Basic,SMT
C20,1,100nF,CC0805KRX7R9BB104,YAGEO,Capacitor_SMD:C_0805_2012Metric,C49678,Basic,SMT
C21,1,10nF,CL21B103KBANNNC,Samsung Electro-Mechanics,Capacitor_SMD:C_0805_2012Metric,C1710,Basic,SMT
C30,1,10000uF 35V,B41252A7109M000,TDK,Capacitor_THT:CP_Radial_D26.0mm_P10.00mm_SnapIn,C6130373,Extended,Through-hole/manual
C31,1,100nF,CC0805KRX7R9BB104,YAGEO,Capacitor_SMD:C_0805_2012Metric,C49678,Basic,SMT
C32,1,2200uF 100V,LLS2A222MELA,Nichicon,Capacitor_THT:CP_Radial_D25.0mm_P10.00mm_SnapIn,C1582025,Extended,Through-hole/manual
C33,1,10uF,CL32B106KBJNNWE,Samsung Electro-Mechanics,Capacitor_SMD:C_1210_3225Metric,C3844168,Extended,SMT
C34,1,10uF,CL32B106KBJNNWE,Samsung Electro-Mechanics,Capacitor_SMD:C_1210_3225Metric,C3844168,Extended,SMT
C35,1,100nF,GRM155R71H104KE14D,Murata Electronics,Capacitor_SMD:C_0402_1005Metric,C77020,Extended,SMT
C36,1,100nF,CC0805KRX7R9BB104,YAGEO,Capacitor_SMD:C_0805_2012Metric,C49678,Basic,SMT
C37,1,680pF,CC0805JRNPO9BN681,YAGEO,Capacitor_SMD:C_0805_2012Metric,C107121,Extended,SMT
C38,1,10uF,CL32B106KBJNNWE,Samsung Electro-Mechanics,Capacitor_SMD:C_1210_3225Metric,C3844168,Extended,SMT
C39,1,10uF,CL32B106KBJNNWE,Samsung Electro-Mechanics,Capacitor_SMD:C_1210_3225Metric,C3844168,Extended,SMT
C40,1,10uF,CL32B106KBJNNWE,Samsung Electro-Mechanics,Capacitor_SMD:C_1210_3225Metric,C3844168,Extended,SMT
C41,1,100nF,GRM155R71H104KE14D,Murata Electronics,Capacitor_SMD:C_0402_1005Metric,C77020,Extended,SMT
C42,1,330nF,CL21B334KBFNNNE,Samsung Electro-Mechanics,Capacitor_SMD:C_0805_2012Metric,C73142,Extended,SMT
C43,1,1nF,CC0805JRNPO9BN102,YAGEO,Capacitor_SMD:C_0805_2012Metric,C62774,Extended,SMT
C44,1,10uF,CL32B106KBJNNWE,Samsung Electro-Mechanics,Capacitor_SMD:C_1210_3225Metric,C3844168,Extended,SMT
C45,1,100nF,GRM155R71H104KE14D,Murata Electronics,Capacitor_SMD:C_0402_1005Metric,C77020,Extended,SMT
C46,1,10uF,CL32B106KBJNNWE,Samsung Electro-Mechanics,Capacitor_SMD:C_1210_3225Metric,C3844168,Extended,SMT
C47,1,100nF,GRM155R71H104KE14D,Murata Electronics,Capacitor_SMD:C_0402_1005Metric,C77020,Extended,SMT
C48,1,100nF,GRM155R71H104KE14D,Murata Electronics,Capacitor_SMD:C_0402_1005Metric,C77020,Extended,SMT
C49,1,10uF,CL32B106KBJNNWE,Samsung Electro-Mechanics,Capacitor_SMD:C_1210_3225Metric,C3844168,Extended,SMT
C50,1,10uF,CL32B106KBJNNWE,Samsung Electro-Mechanics,Capacitor_SMD:C_1210_3225Metric,C3844168,Extended,SMT
C51,1,10uF,CL32B106KBJNNWE,Samsung Electro-Mechanics,Capacitor_SMD:C_1210_3225Metric,C3844168,Extended,SMT
C52,1,100nF,GRM155R71H104KE14D,Murata Electronics,Capacitor_SMD:C_0402_1005Metric,C77020,Extended,SMT
C53,1,10uF,CL32B106KBJNNWE,Samsung Electro-Mechanics,Capacitor_SMD:C_1210_3225Metric,C3844168,Extended,SMT
C54,1,100nF,GRM155R71H104KE14D,Murata Electronics,Capacitor_SMD:C_0402_1005Metric,C77020,Extended,SMT
C55,1,100nF,GRM155R71H104KE14D,Murata Electronics,Capacitor_SMD:C_0402_1005Metric,C77020,Extended,SMT
C56,1,10uF,CL32B106KBJNNWE,Samsung Electro-Mechanics,Capacitor_SMD:C_1210_3225Metric,C3844168,Extended,SMT
C57,1,10uF,CL32B106KBJNNWE,Samsung Electro-Mechanics,Capacitor_SMD:C_1210_3225Metric,C3844168,Extended,SMT
C58,1,10uF,CL32B106KBJNNWE,Samsung Electro-Mechanics,Capacitor_SMD:C_1210_3225Metric,C3844168,Extended,SMT
D1,1,M7,M7,MDD(Microdiode Semiconductor),Diode_SMD:D_SMA,C95872,Basic,SMT
D2,1,M7,M7,MDD(Microdiode Semiconductor),Diode_SMD:D_SMA,C95872,Basic,SMT
D3,1,M7,M7,MDD(Microdiode Semiconductor),Diode_SMD:D_SMA,C95872,Basic,SMT
D5,1,S3M-13-F,S3M-13-F,Diodes Incorporated,Diode_SMD:D_SMC,C460944,Extended,SMT
D6,1,S3M-13-F,S3M-13-F,Diodes Incorporated,Diode_SMD:D_SMC,C460944,Extended,SMT
D7,1,S3M-13-F,S3M-13-F,Diodes Incorporated,Diode_SMD:D_SMC,C460944,Extended,SMT
D8,1,S3M-13-F,S3M-13-F,Diodes Incorporated,Diode_SMD:D_SMC,C460944,Extended,SMT
D9,1,M7,M7,MDD(Microdiode Semiconductor),Diode_SMD:D_SMA,C95872,Basic,SMT
D10,1,M7,M7,MDD(Microdiode Semiconductor),Diode_SMD:D_SMA,C95872,Basic,SMT
D11,1,M7,M7,MDD(Microdiode Semiconductor),Diode_SMD:D_SMA,C95872,Basic,SMT
D12,1,M7,M7,MDD(Microdiode Semiconductor),Diode_SMD:D_SMA,C95872,Basic,SMT
D17,1,S3M-13-F,S3M-13-F,Diodes Incorporated,Diode_SMD:D_SMC,C460944,Extended,SMT
D18,1,S3M-13-F,S3M-13-F,Diodes Incorporated,Diode_SMD:D_SMC,C460944,Extended,SMT
D19,1,S3M-13-F,S3M-13-F,Diodes Incorporated,Diode_SMD:D_SMC,C460944,Extended,SMT
D20,1,S3M-13-F,S3M-13-F,Diodes Incorporated,Diode_SMD:D_SMC,C460944,Extended,SMT
D21,1,S3M-13-F,S3M-13-F,Diodes Incorporated,Diode_SMD:D_SMC,C460944,Extended,SMT
D22,1,S3M-13-F,S3M-13-F,Diodes Incorporated,Diode_SMD:D_SMC,C460944,Extended,SMT
D23,1,S3M-13-F,S3M-13-F,Diodes Incorporated,Diode_SMD:D_SMC,C460944,Extended,SMT
D24,1,S3M-13-F,S3M-13-F,Diodes Incorporated,Diode_SMD:D_SMC,C460944,Extended,SMT
D25,1,S3M-13-F,S3M-13-F,Diodes Incorporated,Diode_SMD:D_SMC,C460944,Extended,SMT
D26,1,S3M-13-F,S3M-13-F,Diodes Incorporated,Diode_SMD:D_SMC,C460944,Extended,SMT
D27,1,S3M-13-F,S3M-13-F,Diodes Incorporated,Diode_SMD:D_SMC,C460944,Extended,SMT
D28,1,S3M-13-F,S3M-13-F,Diodes Incorporated,Diode_SMD:D_SMC,C460944,Extended,SMT
D29,1,S3M-13-F,S3M-13-F,Diodes Incorporated,Diode_SMD:D_SMC,C460944,Extended,SMT
D30,1,S3M-13-F,S3M-13-F,Diodes Incorporated,Diode_SMD:D_SMC,C460944,Extended,SMT
D31,1,S3M-13-F,S3M-13-F,Diodes Incorporated,Diode_SMD:D_SMC,C460944,Extended,SMT
D32,1,S3M-13-F,S3M-13-F,Diodes Incorporated,Diode_SMD:D_SMC,C460944,Extended,SMT
D33,1,1N4148W,1N4148W,ST(Semtech),Diode_SMD:D_SOD-123,C81598,Basic,SMT
D34,1,1N4148W,1N4148W,ST(Semtech),Diode_SMD:D_SOD-123,C81598,Basic,SMT
D38,1,M7,M7,MDD(Microdiode Semiconductor),Diode_SMD:D_SMA,C95872,Basic,SMT
D101,1,STPS20M100ST,STPS20M100ST,STMicroelectronics,wpc_cost:TO220_Schottky_AKA_5772,C222114,Extended,Through-hole/manual
D102,1,STPS20M100ST,STPS20M100ST,STMicroelectronics,wpc_cost:TO220_Schottky_AKA_5772,C222114,Extended,Through-hole/manual
D103,1,STPS20M100ST,STPS20M100ST,STMicroelectronics,wpc_cost:TO220_Schottky_AKA_5772,C222114,Extended,Through-hole/manual
D104,1,STPS20M100ST,STPS20M100ST,STMicroelectronics,wpc_cost:TO220_Schottky_AKA_5772,C222114,Extended,Through-hole/manual
D105,1,STPS20M100S,STPS20M100SG-TR,STMicroelectronics,wpc_cost:D2PAK_Schottky_AKA,C969989,Extended,SMT
D106,1,STPS20M100S,STPS20M100SG-TR,STMicroelectronics,wpc_cost:D2PAK_Schottky_AKA,C969989,Extended,SMT
D107,1,STPS20M100S,STPS20M100SG-TR,STMicroelectronics,wpc_cost:D2PAK_Schottky_AKA,C969989,Extended,SMT
D108,1,STPS20M100S,STPS20M100SG-TR,STMicroelectronics,wpc_cost:D2PAK_Schottky_AKA,C969989,Extended,SMT
D109,1,STPS20M100S,STPS20M100SG-TR,STMicroelectronics,wpc_cost:D2PAK_Schottky_AKA,C969989,Extended,SMT
D110,1,STPS20M100S,STPS20M100SG-TR,STMicroelectronics,wpc_cost:D2PAK_Schottky_AKA,C969989,Extended,SMT
D111,1,STPS20M100S,STPS20M100SG-TR,STMicroelectronics,wpc_cost:D2PAK_Schottky_AKA,C969989,Extended,SMT
D112,1,STPS20M100S,STPS20M100SG-TR,STMicroelectronics,wpc_cost:D2PAK_Schottky_AKA,C969989,Extended,SMT
D113,1,STPS20M100S,STPS20M100SG-TR,STMicroelectronics,wpc_cost:D2PAK_Schottky_AKA,C969989,Extended,SMT
D114,1,STPS20M100S,STPS20M100SG-TR,STMicroelectronics,wpc_cost:D2PAK_Schottky_AKA,C969989,Extended,SMT
D115,1,STPS20M100S,STPS20M100SG-TR,STMicroelectronics,wpc_cost:D2PAK_Schottky_AKA,C969989,Extended,SMT
D116,1,STPS20M100S,STPS20M100SG-TR,STMicroelectronics,wpc_cost:D2PAK_Schottky_AKA,C969989,Extended,SMT
F101,2,no fuse (clips only),3517,Keystone,Fuse:Fuseholder_Clip-5x20mm_Keystone_3517_Inline_P23.11x6.76mm_D1.70mm_Horizontal,C3029536,Extended,Through-hole/manual
F102,2,no fuse (clips only),3517,Keystone,Fuse:Fuseholder_Clip-5x20mm_Keystone_3517_Inline_P23.11x6.76mm_D1.70mm_Horizontal,C3029536,Extended,Through-hole/manual
F103,1,3A S.B.,0239003.MXP,Littelfuse,Fuse:Fuseholder_Clip-5x20mm_Keystone_3517_Inline_P23.11x6.76mm_D1.70mm_Horizontal,C142824,Extended,Through-hole/manual
F104,1,3A S.B.,0239003.MXP,Littelfuse,Fuse:Fuseholder_Clip-5x20mm_Keystone_3517_Inline_P23.11x6.76mm_D1.70mm_Horizontal,C142824,Extended,Through-hole/manual
F105,1,3A S.B.,0239003.MXP,Littelfuse,Fuse:Fuseholder_Clip-5x20mm_Keystone_3517_Inline_P23.11x6.76mm_D1.70mm_Horizontal,C142824,Extended,Through-hole/manual
F106,1,5A S.B.,0239005.MXP,Littelfuse,Fuse:Fuseholder_Clip-5x20mm_Keystone_3517_Inline_P23.11x6.76mm_D1.70mm_Horizontal,C151086,Extended,Through-hole/manual
F107,1,5A S.B.,0239005.MXP,Littelfuse,Fuse:Fuseholder_Clip-5x20mm_Keystone_3517_Inline_P23.11x6.76mm_D1.70mm_Horizontal,C151086,Extended,Through-hole/manual
F108,1,5A S.B.,0239005.MXP,Littelfuse,Fuse:Fuseholder_Clip-5x20mm_Keystone_3517_Inline_P23.11x6.76mm_D1.70mm_Horizontal,C151086,Extended,Through-hole/manual
F109,1,5A S.B.,0239005.MXP,Littelfuse,Fuse:Fuseholder_Clip-5x20mm_Keystone_3517_Inline_P23.11x6.76mm_D1.70mm_Horizontal,C151086,Extended,Through-hole/manual
F110,1,5A S.B.,0239005.MXP,Littelfuse,Fuse:Fuseholder_Clip-5x20mm_Keystone_3517_Inline_P23.11x6.76mm_D1.70mm_Horizontal,C151086,Extended,Through-hole/manual
F111,1,5A S.B.,0239005.MXP,Littelfuse,Fuse:Fuseholder_Clip-5x20mm_Keystone_3517_Inline_P23.11x6.76mm_D1.70mm_Horizontal,C151086,Extended,Through-hole/manual
F112,1,7A S.B.,0239007.MXP,Littelfuse,Fuse:Fuseholder_Clip-5x20mm_Keystone_3517_Inline_P23.11x6.76mm_D1.70mm_Horizontal,C3161084,Extended,Through-hole/manual
F113,1,5A S.B.,0239005.MXP,Littelfuse,Fuse:Fuseholder_Clip-5x20mm_Keystone_3517_Inline_P23.11x6.76mm_D1.70mm_Horizontal,C151086,Extended,Through-hole/manual
F114,1,8A,0217008.MXP,Littelfuse,Fuse:Fuseholder_Clip-5x20mm_Keystone_3517_Inline_P23.11x6.76mm_D1.70mm_Horizontal,C2936126,Extended,Through-hole/manual
F115,1,3/4A S.B.,0239.750MXP,Littelfuse,Fuse:Fuseholder_Clip-5x20mm_Keystone_3517_Inline_P23.11x6.76mm_D1.70mm_Horizontal,C3157012,Extended,Through-hole/manual
F116,1,3A S.B.,0239003.MXP,Littelfuse,Fuse:Fuseholder_Clip-5x20mm_Keystone_3517_Inline_P23.11x6.76mm_D1.70mm_Horizontal,C142824,Extended,Through-hole/manual
F103A F103B,2,Fuse clips,3517,Keystone,Fuse:Fuseholder_Clip-5x20mm_Keystone_3517_Inline_P23.11x6.76mm_D1.70mm_Horizontal,C3029536,Extended,Through-hole/manual
F104A F104B,2,Fuse clips,3517,Keystone,Fuse:Fuseholder_Clip-5x20mm_Keystone_3517_Inline_P23.11x6.76mm_D1.70mm_Horizontal,C3029536,Extended,Through-hole/manual
F105A F105B,2,Fuse clips,3517,Keystone,Fuse:Fuseholder_Clip-5x20mm_Keystone_3517_Inline_P23.11x6.76mm_D1.70mm_Horizontal,C3029536,Extended,Through-hole/manual
F106A F106B,2,Fuse clips,3517,Keystone,Fuse:Fuseholder_Clip-5x20mm_Keystone_3517_Inline_P23.11x6.76mm_D1.70mm_Horizontal,C3029536,Extended,Through-hole/manual
F107A F107B,2,Fuse clips,3517,Keystone,Fuse:Fuseholder_Clip-5x20mm_Keystone_3517_Inline_P23.11x6.76mm_D1.70mm_Horizontal,C3029536,Extended,Through-hole/manual
F108A F108B,2,Fuse clips,3517,Keystone,Fuse:Fuseholder_Clip-5x20mm_Keystone_3517_Inline_P23.11x6.76mm_D1.70mm_Horizontal,C3029536,Extended,Through-hole/manual
F109A F109B,2,Fuse clips,3517,Keystone,Fuse:Fuseholder_Clip-5x20mm_Keystone_3517_Inline_P23.11x6.76mm_D1.70mm_Horizontal,C3029536,Extended,Through-hole/manual
F110A F110B,2,Fuse clips,3517,Keystone,Fuse:Fuseholder_Clip-5x20mm_Keystone_3517_Inline_P23.11x6.76mm_D1.70mm_Horizontal,C3029536,Extended,Through-hole/manual
F111A F111B,2,Fuse clips,3517,Keystone,Fuse:Fuseholder_Clip-5x20mm_Keystone_3517_Inline_P23.11x6.76mm_D1.70mm_Horizontal,C3029536,Extended,Through-hole/manual
F112A F112B,2,Fuse clips,3517,Keystone,Fuse:Fuseholder_Clip-5x20mm_Keystone_3517_Inline_P23.11x6.76mm_D1.70mm_Horizontal,C3029536,Extended,Through-hole/manual
F113A F113B,2,Fuse clips,3517,Keystone,Fuse:Fuseholder_Clip-5x20mm_Keystone_3517_Inline_P23.11x6.76mm_D1.70mm_Horizontal,C3029536,Extended,Through-hole/manual
F114A F114B,2,Fuse clips,3517,Keystone,Fuse:Fuseholder_Clip-5x20mm_Keystone_3517_Inline_P23.11x6.76mm_D1.70mm_Horizontal,C3029536,Extended,Through-hole/manual
F115A F115B,2,Fuse clips,3517,Keystone,Fuse:Fuseholder_Clip-5x20mm_Keystone_3517_Inline_P23.11x6.76mm_D1.70mm_Horizontal,C3029536,Extended,Through-hole/manual
F116A F116B,2,Fuse clips,3517,Keystone,Fuse:Fuseholder_Clip-5x20mm_Keystone_3517_Inline_P23.11x6.76mm_D1.70mm_Horizontal,C3029536,Extended,Through-hole/manual
J101,1,J101 xformer 9VAC (Red) / 13VAC (Blu-Wht),26604070,MOLEX,Connector_Molex:Molex_KK-396_A-41791-0007_1x07_P3.96mm_Vertical,C587091,Extended,Through-hole/manual
J102,1,J102 xformer 16VAC (Wht-Red) / solenoid ~51VAC (Blk-Yel),0026604090,MOLEX,Connector_Molex:Molex_KK-396_A-41791-0009_1x09_P3.96mm_Vertical,C17420444,Extended,Through-hole/manual
J103,1,"J103 ground to 8-driver board (all four pins grounded as on A-12697 sheet 1, no key)",26604040,MOLEX,Connector_Molex:Molex_KK-396_A-41791-0004_1x04_P3.96mm_Vertical,C240824,Extended,Through-hole/manual
J104,1,"J104 fused 51VAC (F112, pins 1/2) to Fliptronic II J901 and fused 16VAC (F111, pins 4/5), as A-12697 sheet 1",26604050,MOLEX,Connector_Molex:Molex_KK-396_A-41791-0005_1x05_P3.96mm_Vertical,C505166,Extended,Through-hole/manual
J105,1,"J105 fused 51VAC (F112, pins 1/2) and fused 16VAC (F111, pins 4/5) to the playfield - parallel to J104 as on A-12697 sheet 1 (N/C on STTNG)",26604050,MOLEX,Connector_Molex:Molex_KK-396_A-41791-0005_1x05_P3.96mm_Vertical,C505166,Extended,Through-hole/manual
J106,1,"J106 +20V to backbox flashlamps (pins 1-4 open, key 4)",26604050,MOLEX,Connector_Molex:Molex_KK-396_A-41791-0005_1x05_P3.96mm_Vertical,C505166,Extended,Through-hole/manual
J107,1,"J107 +50V (F103/F104/F105) and +20V (pins 5,6) to playfield",0026604060,MOLEX,Connector_Molex:Molex_KK-396_A-41791-0006_1x06_P3.96mm_Vertical,C17656945,Extended,Through-hole/manual
J108,1,J108 +50V (F103/F104/F105) to cabinet (N/C on STTNG),26604030,MOLEX,Connector_Molex:Molex_KK-396_A-41791-0003_1x03_P3.96mm_Vertical,C240823,Extended,Through-hole/manual
J109,1,J109 spare (N/C),26604070,MOLEX,Connector_Molex:Molex_KK-396_A-41791-0007_1x07_P3.96mm_Vertical,C587091,Extended,Through-hole/manual
J110,1,J110 spare (N/C),0026604090,MOLEX,Connector_Molex:Molex_KK-396_A-41791-0009_1x09_P3.96mm_Vertical,C17420444,Extended,Through-hole/manual
J111,1,"J111 G.I. latch spare bits T5-T7 (GPIO as on the original board, e.g. shot-clock drive; N/C on STTNG)",22232051,MOLEX,Connector_Molex:Molex_KK-254_AE-6410-05A_1x05_P2.54mm_Vertical,C588986,Extended,Through-hole/manual
J112,1,J112 xformer 9.8VAC (Wht-Grn),26604050,MOLEX,Connector_Molex:Molex_KK-396_A-41791-0005_1x05_P3.96mm_Vertical,C505166,Extended,Through-hole/manual
J113,1,34-pin ribbon to CPU J211,N2534-6002-RB,3M,wpc_cost:3M_N2534_6002_RB,C17502444,Extended,Through-hole/manual
J114,1,"J114 +12V/+5V/GND to CPU J210, Fliptronic J904, 8-driver",26604070,MOLEX,Connector_Molex:Molex_KK-396_A-41791-0007_1x07_P3.96mm_Vertical,C587091,Extended,Through-hole/manual
J115,1,"J115 G.I. 6.3VAC from transformer: 2-6 string hot ends (one fuse each), 7/8/10/11/12 winding return ends (triac MT1), 1 = GND REF",26-60-4120,MOLEX,Connector_Molex:Molex_KK-396_A-41791-0012_1x12_P3.96mm_Vertical,C7426778,Extended,Through-hole/manual
J116,1,J116 +12V power (unregulated) / GND / +5V to coin door,26604040,MOLEX,Connector_Molex:Molex_KK-396_A-41791-0004_1x04_P3.96mm_Vertical,C240824,Extended,Through-hole/manual
J117,1,J117 +12V power (unregulated) / GND / +5V to DMD controller,26604040,MOLEX,Connector_Molex:Molex_KK-396_A-41791-0004_1x04_P3.96mm_Vertical,C240824,Extended,Through-hole/manual
J118,1,"J118 +12V power (unregulated) / GND / +5V to playfield boards (optos, gun motors)",26604040,MOLEX,Connector_Molex:Molex_KK-396_A-41791-0004_1x04_P3.96mm_Vertical,C240824,Extended,Through-hole/manual
J119,1,J119 G.I. coin door (string 5),26604030,MOLEX,Connector_Molex:Molex_KK-396_A-41791-0003_1x03_P3.96mm_Vertical,C240823,Extended,Through-hole/manual
J120,1,"J120 G.I. strings 1-5 (backbox harness uses strings 2,3)",26604110,MOLEX,Connector_Molex:Molex_KK-396_A-41791-0011_1x11_P3.96mm_Vertical,C17541501,Extended,Through-hole/manual
J121,1,"J121 G.I. strings 1-5 (playfield harness uses strings 1,4,5)",26604110,MOLEX,Connector_Molex:Molex_KK-396_A-41791-0011_1x11_P3.96mm_Vertical,C17541501,Extended,Through-hole/manual
J122,1,J122 Sol 25-28 drive + tie-back (playfield),0026604090,MOLEX,Connector_Molex:Molex_KK-396_A-41791-0009_1x09_P3.96mm_Vertical,C17420444,Extended,Through-hole/manual
J123,1,"J123 Sol 25-28 drive (backbox, parallel to J122/J124; N/C on STTNG)",26604050,MOLEX,Connector_Molex:Molex_KK-396_A-41791-0005_1x05_P3.96mm_Vertical,C505166,Extended,Through-hole/manual
J124,1,J124 Sol 25-28 drive (backbox),26604050,MOLEX,Connector_Molex:Molex_KK-396_A-41791-0005_1x05_P3.96mm_Vertical,C505166,Extended,Through-hole/manual
J125,1,J125 Sol 17-24 drive (backbox flashers),0026604090,MOLEX,Connector_Molex:Molex_KK-396_A-41791-0009_1x09_P3.96mm_Vertical,C17420444,Extended,Through-hole/manual
J126,1,J126 Sol 17-24 drive (playfield flashers) + tie-back cathodes of sol 21-24 on pins 10-13 (A-12697 D9-D12; N/C on STTNG),0026604130,MOLEX,Connector_Molex:Molex_KK-396_A-41791-0013_1x13_P3.96mm_Vertical,C17226055,Extended,Through-hole/manual
J127,1,J127 Sol 9-16 drive (playfield),0026604090,MOLEX,Connector_Molex:Molex_KK-396_A-41791-0009_1x09_P3.96mm_Vertical,C17420444,Extended,Through-hole/manual
J128,1,"J128 Sol 13-16 drive (cabinet, parallel to J127; N/C on STTNG)",26604050,MOLEX,Connector_Molex:Molex_KK-396_A-41791-0005_1x05_P3.96mm_Vertical,C505166,Extended,Through-hole/manual
J129,1,"J129 Sol 9-12 drive (backbox, parallel to J127; N/C on STTNG)",26604050,MOLEX,Connector_Molex:Molex_KK-396_A-41791-0005_1x05_P3.96mm_Vertical,C505166,Extended,Through-hole/manual
J130,1,J130 Sol 1-8 drive (playfield),0026604090,MOLEX,Connector_Molex:Molex_KK-396_A-41791-0009_1x09_P3.96mm_Vertical,C17420444,Extended,Through-hole/manual
J131,1,"J131 Sol 5-8 drive (cabinet, parallel to J130; N/C on STTNG)",26604050,MOLEX,Connector_Molex:Molex_KK-396_A-41791-0005_1x05_P3.96mm_Vertical,C505166,Extended,Through-hole/manual
J132,1,"J132 Sol 1-4 drive (backbox, parallel to J130; N/C on STTNG)",26604050,MOLEX,Connector_Molex:Molex_KK-396_A-41791-0005_1x05_P3.96mm_Vertical,C505166,Extended,Through-hole/manual
J133,1,J133 lamp rows (cabinet),22232091,MOLEX,Connector_Molex:Molex_KK-254_AE-6410-09A_1x09_P2.54mm_Vertical,C587032,Extended,Through-hole/manual
J134,1,J134 lamp rows (spare),22232091,MOLEX,Connector_Molex:Molex_KK-254_AE-6410-09A_1x09_P2.54mm_Vertical,C587032,Extended,Through-hole/manual
J135,1,J135 lamp rows (playfield),22232091,MOLEX,Connector_Molex:Molex_KK-254_AE-6410-09A_1x09_P2.54mm_Vertical,C587032,Extended,Through-hole/manual
J136,1,J136 lamp column 8 (cabinet),26604030,MOLEX,Connector_Molex:Molex_KK-396_A-41791-0003_1x03_P3.96mm_Vertical,C240823,Extended,Through-hole/manual
J137,1,J137 lamp columns (playfield),0026604090,MOLEX,Connector_Molex:Molex_KK-396_A-41791-0009_1x09_P3.96mm_Vertical,C17420444,Extended,Through-hole/manual
J138,1,J138 lamp columns (backbox),0026604090,MOLEX,Connector_Molex:Molex_KK-396_A-41791-0009_1x09_P3.96mm_Vertical,C17420444,Extended,Through-hole/manual
L1,1,10uH,SRP1265A-100M,BOURNS,Inductor_SMD:L_Bourns_SRP1245A,C840531,Extended,SMT
L2,1,10uH,SRP1265A-100M,BOURNS,Inductor_SMD:L_Bourns_SRP1245A,C840531,Extended,SMT
LED1,1,LED red,NCD0805R1,Foshan NationStar Optoelectronics,LED_SMD:LED_0805_2012Metric,C84256,Basic,SMT
LED2,1,LED red,NCD0805R1,Foshan NationStar Optoelectronics,LED_SMD:LED_0805_2012Metric,C84256,Basic,SMT
LED3,1,LED red (ZC),NCD0805R1,Foshan NationStar Optoelectronics,LED_SMD:LED_0805_2012Metric,C84256,Basic,SMT
LED4,1,LED red,NCD0805R1,Foshan NationStar Optoelectronics,LED_SMD:LED_0805_2012Metric,C84256,Basic,SMT
LED5,1,LED red,NCD0805R1,Foshan NationStar Optoelectronics,LED_SMD:LED_0805_2012Metric,C84256,Basic,SMT
LED6,1,LED red,NCD0805R1,Foshan NationStar Optoelectronics,LED_SMD:LED_0805_2012Metric,C84256,Basic,SMT
LED7,1,LED red,NCD0805R1,Foshan NationStar Optoelectronics,LED_SMD:LED_0805_2012Metric,C84256,Basic,SMT
Q9,1,MMBT4401,MMBT4401-7-F,Diodes Incorporated,Package_TO_SOT_SMD:SOT-23,C151826,Extended,SMT
Q10,1,BTA16-600CRG,BTA16-600CRG,STMicroelectronics,Package_TO_SOT_THT:TO-220-3_Vertical,C39797,Extended,Through-hole/manual
Q11,1,MMBT4401,MMBT4401-7-F,Diodes Incorporated,Package_TO_SOT_SMD:SOT-23,C151826,Extended,SMT
Q12,1,BTA16-600CRG,BTA16-600CRG,STMicroelectronics,Package_TO_SOT_THT:TO-220-3_Vertical,C39797,Extended,Through-hole/manual
Q13,1,MMBT4401,MMBT4401-7-F,Diodes Incorporated,Package_TO_SOT_SMD:SOT-23,C151826,Extended,SMT
Q14,1,BTA16-600CRG,BTA16-600CRG,STMicroelectronics,Package_TO_SOT_THT:TO-220-3_Vertical,C39797,Extended,Through-hole/manual
Q15,1,MMBT4401,MMBT4401-7-F,Diodes Incorporated,Package_TO_SOT_SMD:SOT-23,C151826,Extended,SMT
Q16,1,BTA16-600CRG,BTA16-600CRG,STMicroelectronics,Package_TO_SOT_THT:TO-220-3_Vertical,C39797,Extended,Through-hole/manual
Q17,1,MMBT4401,MMBT4401-7-F,Diodes Incorporated,Package_TO_SOT_SMD:SOT-23,C151826,Extended,SMT
Q18,1,BTA16-600CRG,BTA16-600CRG,STMicroelectronics,Package_TO_SOT_THT:TO-220-3_Vertical,C39797,Extended,Through-hole/manual
Q20,1,IPD90N10S4L06ATMA1,IPD90N10S4L06ATMA1,Infineon Technologies,Package_TO_SOT_SMD:TO-252-2,C5440942,Extended,SMT
Q22,1,IPD90N10S4L06ATMA1,IPD90N10S4L06ATMA1,Infineon Technologies,Package_TO_SOT_SMD:TO-252-2,C5440942,Extended,SMT
Q24,1,IPD90N10S4L06ATMA1,IPD90N10S4L06ATMA1,Infineon Technologies,Package_TO_SOT_SMD:TO-252-2,C5440942,Extended,SMT
Q26,1,IPD90N10S4L06ATMA1,IPD90N10S4L06ATMA1,Infineon Technologies,Package_TO_SOT_SMD:TO-252-2,C5440942,Extended,SMT
Q28,1,IPD90N10S4L06ATMA1,IPD90N10S4L06ATMA1,Infineon Technologies,Package_TO_SOT_SMD:TO-252-2,C5440942,Extended,SMT
Q30,1,IPD90N10S4L06ATMA1,IPD90N10S4L06ATMA1,Infineon Technologies,Package_TO_SOT_SMD:TO-252-2,C5440942,Extended,SMT
Q32,1,IPD90N10S4L06ATMA1,IPD90N10S4L06ATMA1,Infineon Technologies,Package_TO_SOT_SMD:TO-252-2,C5440942,Extended,SMT
Q34,1,IPD90N10S4L06ATMA1,IPD90N10S4L06ATMA1,Infineon Technologies,Package_TO_SOT_SMD:TO-252-2,C5440942,Extended,SMT
Q36,1,IPD90N10S4L06ATMA1,IPD90N10S4L06ATMA1,Infineon Technologies,Package_TO_SOT_SMD:TO-252-2,C5440942,Extended,SMT
Q38,1,IPD90N10S4L06ATMA1,IPD90N10S4L06ATMA1,Infineon Technologies,Package_TO_SOT_SMD:TO-252-2,C5440942,Extended,SMT
Q40,1,IPD90N10S4L06ATMA1,IPD90N10S4L06ATMA1,Infineon Technologies,Package_TO_SOT_SMD:TO-252-2,C5440942,Extended,SMT
Q42,1,IPD90N10S4L06ATMA1,IPD90N10S4L06ATMA1,Infineon Technologies,Package_TO_SOT_SMD:TO-252-2,C5440942,Extended,SMT
Q44,1,IPD90N10S4L06ATMA1,IPD90N10S4L06ATMA1,Infineon Technologies,Package_TO_SOT_SMD:TO-252-2,C5440942,Extended,SMT
Q46,1,IPD90N10S4L06ATMA1,IPD90N10S4L06ATMA1,Infineon Technologies,Package_TO_SOT_SMD:TO-252-2,C5440942,Extended,SMT
Q48,1,IPD90N10S4L06ATMA1,IPD90N10S4L06ATMA1,Infineon Technologies,Package_TO_SOT_SMD:TO-252-2,C5440942,Extended,SMT
Q50,1,IPD90N10S4L06ATMA1,IPD90N10S4L06ATMA1,Infineon Technologies,Package_TO_SOT_SMD:TO-252-2,C5440942,Extended,SMT
Q52,1,IPD90N10S4L06ATMA1,IPD90N10S4L06ATMA1,Infineon Technologies,Package_TO_SOT_SMD:TO-252-2,C5440942,Extended,SMT
Q54,1,IPD90N10S4L06ATMA1,IPD90N10S4L06ATMA1,Infineon Technologies,Package_TO_SOT_SMD:TO-252-2,C5440942,Extended,SMT
Q56,1,IPD90N10S4L06ATMA1,IPD90N10S4L06ATMA1,Infineon Technologies,Package_TO_SOT_SMD:TO-252-2,C5440942,Extended,SMT
Q58,1,IPD90N10S4L06ATMA1,IPD90N10S4L06ATMA1,Infineon Technologies,Package_TO_SOT_SMD:TO-252-2,C5440942,Extended,SMT
Q64,1,IPD90N10S4L06ATMA1,IPD90N10S4L06ATMA1,Infineon Technologies,Package_TO_SOT_SMD:TO-252-2,C5440942,Extended,SMT
Q66,1,IPD90N10S4L06ATMA1,IPD90N10S4L06ATMA1,Infineon Technologies,Package_TO_SOT_SMD:TO-252-2,C5440942,Extended,SMT
Q68,1,IPD90N10S4L06ATMA1,IPD90N10S4L06ATMA1,Infineon Technologies,Package_TO_SOT_SMD:TO-252-2,C5440942,Extended,SMT
Q70,1,IPD90N10S4L06ATMA1,IPD90N10S4L06ATMA1,Infineon Technologies,Package_TO_SOT_SMD:TO-252-2,C5440942,Extended,SMT
Q76,1,IPD90N10S4L06ATMA1,IPD90N10S4L06ATMA1,Infineon Technologies,Package_TO_SOT_SMD:TO-252-2,C5440942,Extended,SMT
Q78,1,IPD90N10S4L06ATMA1,IPD90N10S4L06ATMA1,Infineon Technologies,Package_TO_SOT_SMD:TO-252-2,C5440942,Extended,SMT
Q80,1,IPD90N10S4L06ATMA1,IPD90N10S4L06ATMA1,Infineon Technologies,Package_TO_SOT_SMD:TO-252-2,C5440942,Extended,SMT
Q82,1,IPD90N10S4L06ATMA1,IPD90N10S4L06ATMA1,Infineon Technologies,Package_TO_SOT_SMD:TO-252-2,C5440942,Extended,SMT
Q83,1,IRLR024NTRPBF,IRLR024NTRPBF,Infineon Technologies,Package_TO_SOT_SMD:TO-252-2,C3007,Extended,SMT
Q84,1,IRLR024NTRPBF,IRLR024NTRPBF,Infineon Technologies,Package_TO_SOT_SMD:TO-252-2,C3007,Extended,SMT
Q85,1,IRLR024NTRPBF,IRLR024NTRPBF,Infineon Technologies,Package_TO_SOT_SMD:TO-252-2,C3007,Extended,SMT
Q86,1,IRLR024NTRPBF,IRLR024NTRPBF,Infineon Technologies,Package_TO_SOT_SMD:TO-252-2,C3007,Extended,SMT
Q87,1,IRLR024NTRPBF,IRLR024NTRPBF,Infineon Technologies,Package_TO_SOT_SMD:TO-252-2,C3007,Extended,SMT
Q88,1,IRLR024NTRPBF,IRLR024NTRPBF,Infineon Technologies,Package_TO_SOT_SMD:TO-252-2,C3007,Extended,SMT
Q89,1,IRLR024NTRPBF,IRLR024NTRPBF,Infineon Technologies,Package_TO_SOT_SMD:TO-252-2,C3007,Extended,SMT
Q90,1,IRLR024NTRPBF,IRLR024NTRPBF,Infineon Technologies,Package_TO_SOT_SMD:TO-252-2,C3007,Extended,SMT
Q91,1,IRFR5305TRPBF,IRFR5305TRPBF,Infineon Technologies,Package_TO_SOT_SMD:TO-252-2,C2624,Extended,SMT
Q92,1,IRFR5305TRPBF,IRFR5305TRPBF,Infineon Technologies,Package_TO_SOT_SMD:TO-252-2,C2624,Extended,SMT
Q93,1,IRFR5305TRPBF,IRFR5305TRPBF,Infineon Technologies,Package_TO_SOT_SMD:TO-252-2,C2624,Extended,SMT
Q94,1,IRFR5305TRPBF,IRFR5305TRPBF,Infineon Technologies,Package_TO_SOT_SMD:TO-252-2,C2624,Extended,SMT
Q95,1,IRFR5305TRPBF,IRFR5305TRPBF,Infineon Technologies,Package_TO_SOT_SMD:TO-252-2,C2624,Extended,SMT
Q96,1,IRFR5305TRPBF,IRFR5305TRPBF,Infineon Technologies,Package_TO_SOT_SMD:TO-252-2,C2624,Extended,SMT
Q97,1,IRFR5305TRPBF,IRFR5305TRPBF,Infineon Technologies,Package_TO_SOT_SMD:TO-252-2,C2624,Extended,SMT
Q98,1,IRFR5305TRPBF,IRFR5305TRPBF,Infineon Technologies,Package_TO_SOT_SMD:TO-252-2,C2624,Extended,SMT
R3,1,10K,0805W8F1002T5E,UNI-ROYAL(Uniroyal Elec),Resistor_SMD:R_0805_2012Metric,C17414,Basic,SMT
R4,1,10K,0805W8F1002T5E,UNI-ROYAL(Uniroyal Elec),Resistor_SMD:R_0805_2012Metric,C17414,Basic,SMT
R6,1,10K,0805W8F1002T5E,UNI-ROYAL(Uniroyal Elec),Resistor_SMD:R_0805_2012Metric,C17414,Basic,SMT
R7,1,27,RC2512JK-0727RL,YAGEO,Resistor_SMD:R_2512_6332Metric,C1882619,Extended,SMT
R8,1,470,0805W8F4700T5E,UNI-ROYAL(Uniroyal Elec),Resistor_SMD:R_0805_2012Metric,C17710,Basic,SMT
R9,1,10K,0805W8F1002T5E,UNI-ROYAL(Uniroyal Elec),Resistor_SMD:R_0805_2012Metric,C17414,Basic,SMT
R10,1,27,RC2512JK-0727RL,YAGEO,Resistor_SMD:R_2512_6332Metric,C1882619,Extended,SMT
R11,1,470,0805W8F4700T5E,UNI-ROYAL(Uniroyal Elec),Resistor_SMD:R_0805_2012Metric,C17710,Basic,SMT
R12,1,10K,0805W8F1002T5E,UNI-ROYAL(Uniroyal Elec),Resistor_SMD:R_0805_2012Metric,C17414,Basic,SMT
R13,1,27,RC2512JK-0727RL,YAGEO,Resistor_SMD:R_2512_6332Metric,C1882619,Extended,SMT
R14,1,470,0805W8F4700T5E,UNI-ROYAL(Uniroyal Elec),Resistor_SMD:R_0805_2012Metric,C17710,Basic,SMT
R15,1,10K,0805W8F1002T5E,UNI-ROYAL(Uniroyal Elec),Resistor_SMD:R_0805_2012Metric,C17414,Basic,SMT
R16,1,27,RC2512JK-0727RL,YAGEO,Resistor_SMD:R_2512_6332Metric,C1882619,Extended,SMT
R17,1,470,0805W8F4700T5E,UNI-ROYAL(Uniroyal Elec),Resistor_SMD:R_0805_2012Metric,C17710,Basic,SMT
R18,1,10K,0805W8F1002T5E,UNI-ROYAL(Uniroyal Elec),Resistor_SMD:R_0805_2012Metric,C17414,Basic,SMT
R19,1,27,RC2512JK-0727RL,YAGEO,Resistor_SMD:R_2512_6332Metric,C1882619,Extended,SMT
R20,1,470,0805W8F4700T5E,UNI-ROYAL(Uniroyal Elec),Resistor_SMD:R_0805_2012Metric,C17710,Basic,SMT
R21,1,10K,0805W8F1002T5E,UNI-ROYAL(Uniroyal Elec),Resistor_SMD:R_0805_2012Metric,C17414,Basic,SMT
R22,1,100,0805W8F1000T5E,UNI-ROYAL(Uniroyal Elec),Resistor_SMD:R_0805_2012Metric,C17408,Basic,SMT
R23,1,10K,0805W8F1002T5E,UNI-ROYAL(Uniroyal Elec),Resistor_SMD:R_0805_2012Metric,C17414,Basic,SMT
R26,1,100,0805W8F1000T5E,UNI-ROYAL(Uniroyal Elec),Resistor_SMD:R_0805_2012Metric,C17408,Basic,SMT
R27,1,10K,0805W8F1002T5E,UNI-ROYAL(Uniroyal Elec),Resistor_SMD:R_0805_2012Metric,C17414,Basic,SMT
R30,1,100,0805W8F1000T5E,UNI-ROYAL(Uniroyal Elec),Resistor_SMD:R_0805_2012Metric,C17408,Basic,SMT
R31,1,10K,0805W8F1002T5E,UNI-ROYAL(Uniroyal Elec),Resistor_SMD:R_0805_2012Metric,C17414,Basic,SMT
R34,1,100,0805W8F1000T5E,UNI-ROYAL(Uniroyal Elec),Resistor_SMD:R_0805_2012Metric,C17408,Basic,SMT
R35,1,10K,0805W8F1002T5E,UNI-ROYAL(Uniroyal Elec),Resistor_SMD:R_0805_2012Metric,C17414,Basic,SMT
R38,1,100,0805W8F1000T5E,UNI-ROYAL(Uniroyal Elec),Resistor_SMD:R_0805_2012Metric,C17408,Basic,SMT
R39,1,10K,0805W8F1002T5E,UNI-ROYAL(Uniroyal Elec),Resistor_SMD:R_0805_2012Metric,C17414,Basic,SMT
R42,1,100,0805W8F1000T5E,UNI-ROYAL(Uniroyal Elec),Resistor_SMD:R_0805_2012Metric,C17408,Basic,SMT
R43,1,10K,0805W8F1002T5E,UNI-ROYAL(Uniroyal Elec),Resistor_SMD:R_0805_2012Metric,C17414,Basic,SMT
R46,1,100,0805W8F1000T5E,UNI-ROYAL(Uniroyal Elec),Resistor_SMD:R_0805_2012Metric,C17408,Basic,SMT
R47,1,10K,0805W8F1002T5E,UNI-ROYAL(Uniroyal Elec),Resistor_SMD:R_0805_2012Metric,C17414,Basic,SMT
R50,1,100,0805W8F1000T5E,UNI-ROYAL(Uniroyal Elec),Resistor_SMD:R_0805_2012Metric,C17408,Basic,SMT
R51,1,10K,0805W8F1002T5E,UNI-ROYAL(Uniroyal Elec),Resistor_SMD:R_0805_2012Metric,C17414,Basic,SMT
R54,1,100,0805W8F1000T5E,UNI-ROYAL(Uniroyal Elec),Resistor_SMD:R_0805_2012Metric,C17408,Basic,SMT
R55,1,10K,0805W8F1002T5E,UNI-ROYAL(Uniroyal Elec),Resistor_SMD:R_0805_2012Metric,C17414,Basic,SMT
R58,1,100,0805W8F1000T5E,UNI-ROYAL(Uniroyal Elec),Resistor_SMD:R_0805_2012Metric,C17408,Basic,SMT
R59,1,10K,0805W8F1002T5E,UNI-ROYAL(Uniroyal Elec),Resistor_SMD:R_0805_2012Metric,C17414,Basic,SMT
R62,1,100,0805W8F1000T5E,UNI-ROYAL(Uniroyal Elec),Resistor_SMD:R_0805_2012Metric,C17408,Basic,SMT
R63,1,10K,0805W8F1002T5E,UNI-ROYAL(Uniroyal Elec),Resistor_SMD:R_0805_2012Metric,C17414,Basic,SMT
R66,1,100,0805W8F1000T5E,UNI-ROYAL(Uniroyal Elec),Resistor_SMD:R_0805_2012Metric,C17408,Basic,SMT
R67,1,10K,0805W8F1002T5E,UNI-ROYAL(Uniroyal Elec),Resistor_SMD:R_0805_2012Metric,C17414,Basic,SMT
R70,1,100,0805W8F1000T5E,UNI-ROYAL(Uniroyal Elec),Resistor_SMD:R_0805_2012Metric,C17408,Basic,SMT
R71,1,10K,0805W8F1002T5E,UNI-ROYAL(Uniroyal Elec),Resistor_SMD:R_0805_2012Metric,C17414,Basic,SMT
R74,1,100,0805W8F1000T5E,UNI-ROYAL(Uniroyal Elec),Resistor_SMD:R_0805_2012Metric,C17408,Basic,SMT
R75,1,10K,0805W8F1002T5E,UNI-ROYAL(Uniroyal Elec),Resistor_SMD:R_0805_2012Metric,C17414,Basic,SMT
R78,1,100,0805W8F1000T5E,UNI-ROYAL(Uniroyal Elec),Resistor_SMD:R_0805_2012Metric,C17408,Basic,SMT
R79,1,10K,0805W8F1002T5E,UNI-ROYAL(Uniroyal Elec),Resistor_SMD:R_0805_2012Metric,C17414,Basic,SMT
R82,1,100,0805W8F1000T5E,UNI-ROYAL(Uniroyal Elec),Resistor_SMD:R_0805_2012Metric,C17408,Basic,SMT
R83,1,10K,0805W8F1002T5E,UNI-ROYAL(Uniroyal Elec),Resistor_SMD:R_0805_2012Metric,C17414,Basic,SMT
R86,1,100,0805W8F1000T5E,UNI-ROYAL(Uniroyal Elec),Resistor_SMD:R_0805_2012Metric,C17408,Basic,SMT
R87,1,10K,0805W8F1002T5E,UNI-ROYAL(Uniroyal Elec),Resistor_SMD:R_0805_2012Metric,C17414,Basic,SMT
R90,1,100,0805W8F1000T5E,UNI-ROYAL(Uniroyal Elec),Resistor_SMD:R_0805_2012Metric,C17408,Basic,SMT
R91,1,10K,0805W8F1002T5E,UNI-ROYAL(Uniroyal Elec),Resistor_SMD:R_0805_2012Metric,C17414,Basic,SMT
R94,1,100,0805W8F1000T5E,UNI-ROYAL(Uniroyal Elec),Resistor_SMD:R_0805_2012Metric,C17408,Basic,SMT
R95,1,10K,0805W8F1002T5E,UNI-ROYAL(Uniroyal Elec),Resistor_SMD:R_0805_2012Metric,C17414,Basic,SMT
R98,1,100,0805W8F1000T5E,UNI-ROYAL(Uniroyal Elec),Resistor_SMD:R_0805_2012Metric,C17408,Basic,SMT
R99,1,10K,0805W8F1002T5E,UNI-ROYAL(Uniroyal Elec),Resistor_SMD:R_0805_2012Metric,C17414,Basic,SMT
R126,1,10K,0805W8F1002T5E,UNI-ROYAL(Uniroyal Elec),Resistor_SMD:R_0805_2012Metric,C17414,Basic,SMT
R127,1,100,0805W8F1000T5E,UNI-ROYAL(Uniroyal Elec),Resistor_SMD:R_0805_2012Metric,C17408,Basic,SMT
R128,1,10K,0805W8F1002T5E,UNI-ROYAL(Uniroyal Elec),Resistor_SMD:R_0805_2012Metric,C17414,Basic,SMT
R129,1,100,0805W8F1000T5E,UNI-ROYAL(Uniroyal Elec),Resistor_SMD:R_0805_2012Metric,C17408,Basic,SMT
R130,1,10K,0805W8F1002T5E,UNI-ROYAL(Uniroyal Elec),Resistor_SMD:R_0805_2012Metric,C17414,Basic,SMT
R131,1,100,0805W8F1000T5E,UNI-ROYAL(Uniroyal Elec),Resistor_SMD:R_0805_2012Metric,C17408,Basic,SMT
R132,1,10K,0805W8F1002T5E,UNI-ROYAL(Uniroyal Elec),Resistor_SMD:R_0805_2012Metric,C17414,Basic,SMT
R133,1,100,0805W8F1000T5E,UNI-ROYAL(Uniroyal Elec),Resistor_SMD:R_0805_2012Metric,C17408,Basic,SMT
R134,1,10K,0805W8F1002T5E,UNI-ROYAL(Uniroyal Elec),Resistor_SMD:R_0805_2012Metric,C17414,Basic,SMT
R135,1,100,0805W8F1000T5E,UNI-ROYAL(Uniroyal Elec),Resistor_SMD:R_0805_2012Metric,C17408,Basic,SMT
R136,1,10K,0805W8F1002T5E,UNI-ROYAL(Uniroyal Elec),Resistor_SMD:R_0805_2012Metric,C17414,Basic,SMT
R137,1,100,0805W8F1000T5E,UNI-ROYAL(Uniroyal Elec),Resistor_SMD:R_0805_2012Metric,C17408,Basic,SMT
R138,1,10K,0805W8F1002T5E,UNI-ROYAL(Uniroyal Elec),Resistor_SMD:R_0805_2012Metric,C17414,Basic,SMT
R139,1,100,0805W8F1000T5E,UNI-ROYAL(Uniroyal Elec),Resistor_SMD:R_0805_2012Metric,C17408,Basic,SMT
R140,1,10K,0805W8F1002T5E,UNI-ROYAL(Uniroyal Elec),Resistor_SMD:R_0805_2012Metric,C17414,Basic,SMT
R141,1,100,0805W8F1000T5E,UNI-ROYAL(Uniroyal Elec),Resistor_SMD:R_0805_2012Metric,C17408,Basic,SMT
R142,1,10K,0805W8F1002T5E,UNI-ROYAL(Uniroyal Elec),Resistor_SMD:R_0805_2012Metric,C17414,Basic,SMT
R143,1,10K,0805W8F1002T5E,UNI-ROYAL(Uniroyal Elec),Resistor_SMD:R_0805_2012Metric,C17414,Basic,SMT
R144,1,10K,0805W8F1002T5E,UNI-ROYAL(Uniroyal Elec),Resistor_SMD:R_0805_2012Metric,C17414,Basic,SMT
R145,1,10K,0805W8F1002T5E,UNI-ROYAL(Uniroyal Elec),Resistor_SMD:R_0805_2012Metric,C17414,Basic,SMT
R146,1,10K,0805W8F1002T5E,UNI-ROYAL(Uniroyal Elec),Resistor_SMD:R_0805_2012Metric,C17414,Basic,SMT
R147,1,10K,0805W8F1002T5E,UNI-ROYAL(Uniroyal Elec),Resistor_SMD:R_0805_2012Metric,C17414,Basic,SMT
R148,1,10K,0805W8F1002T5E,UNI-ROYAL(Uniroyal Elec),Resistor_SMD:R_0805_2012Metric,C17414,Basic,SMT
R149,1,10K,0805W8F1002T5E,UNI-ROYAL(Uniroyal Elec),Resistor_SMD:R_0805_2012Metric,C17414,Basic,SMT
R150,1,0.22R,RL2512FK-070R22L,YAGEO,Resistor_SMD:R_2512_6332Metric,C705613,Extended,SMT
R151,1,0.22R,RL2512FK-070R22L,YAGEO,Resistor_SMD:R_2512_6332Metric,C705613,Extended,SMT
R152,1,0.22R,RL2512FK-070R22L,YAGEO,Resistor_SMD:R_2512_6332Metric,C705613,Extended,SMT
R153,1,0.22R,RL2512FK-070R22L,YAGEO,Resistor_SMD:R_2512_6332Metric,C705613,Extended,SMT
R154,1,1K,0805W8F1001T5E,UNI-ROYAL(Uniroyal Elec),Resistor_SMD:R_0805_2012Metric,C17513,Basic,SMT
R155,1,100,0805W8F1000T5E,UNI-ROYAL(Uniroyal Elec),Resistor_SMD:R_0805_2012Metric,C17408,Basic,SMT
R156,1,1K,0805W8F1001T5E,UNI-ROYAL(Uniroyal Elec),Resistor_SMD:R_0805_2012Metric,C17513,Basic,SMT
R157,1,100,0805W8F1000T5E,UNI-ROYAL(Uniroyal Elec),Resistor_SMD:R_0805_2012Metric,C17408,Basic,SMT
R158,1,1K,0805W8F1001T5E,UNI-ROYAL(Uniroyal Elec),Resistor_SMD:R_0805_2012Metric,C17513,Basic,SMT
R159,1,100,0805W8F1000T5E,UNI-ROYAL(Uniroyal Elec),Resistor_SMD:R_0805_2012Metric,C17408,Basic,SMT
R160,1,1K,0805W8F1001T5E,UNI-ROYAL(Uniroyal Elec),Resistor_SMD:R_0805_2012Metric,C17513,Basic,SMT
R161,1,100,0805W8F1000T5E,UNI-ROYAL(Uniroyal Elec),Resistor_SMD:R_0805_2012Metric,C17408,Basic,SMT
R162,1,1K,0805W8F1001T5E,UNI-ROYAL(Uniroyal Elec),Resistor_SMD:R_0805_2012Metric,C17513,Basic,SMT
R164,1,1K,0805W8F1001T5E,UNI-ROYAL(Uniroyal Elec),Resistor_SMD:R_0805_2012Metric,C17513,Basic,SMT
R165,1,100,0805W8F1000T5E,UNI-ROYAL(Uniroyal Elec),Resistor_SMD:R_0805_2012Metric,C17408,Basic,SMT
R166,1,1K,0805W8F1001T5E,UNI-ROYAL(Uniroyal Elec),Resistor_SMD:R_0805_2012Metric,C17513,Basic,SMT
R167,1,100,0805W8F1000T5E,UNI-ROYAL(Uniroyal Elec),Resistor_SMD:R_0805_2012Metric,C17408,Basic,SMT
R168,1,1K,0805W8F1001T5E,UNI-ROYAL(Uniroyal Elec),Resistor_SMD:R_0805_2012Metric,C17513,Basic,SMT
R169,1,100,0805W8F1000T5E,UNI-ROYAL(Uniroyal Elec),Resistor_SMD:R_0805_2012Metric,C17408,Basic,SMT
R170,1,1K,0805W8F1001T5E,UNI-ROYAL(Uniroyal Elec),Resistor_SMD:R_0805_2012Metric,C17513,Basic,SMT
R171,1,100,0805W8F1000T5E,UNI-ROYAL(Uniroyal Elec),Resistor_SMD:R_0805_2012Metric,C17408,Basic,SMT
R172,1,0.22R,RL2512FK-070R22L,YAGEO,Resistor_SMD:R_2512_6332Metric,C705613,Extended,SMT
R173,1,0.22R,RL2512FK-070R22L,YAGEO,Resistor_SMD:R_2512_6332Metric,C705613,Extended,SMT
R174,1,0.22R,RL2512FK-070R22L,YAGEO,Resistor_SMD:R_2512_6332Metric,C705613,Extended,SMT
R175,1,0.22R,RL2512FK-070R22L,YAGEO,Resistor_SMD:R_2512_6332Metric,C705613,Extended,SMT
R176,1,1.5K,0805W8F1501T5E,UNI-ROYAL(Uniroyal Elec),Resistor_SMD:R_0805_2012Metric,C4310,Basic,SMT
R177,1,1K,0805W8F1001T5E,UNI-ROYAL(Uniroyal Elec),Resistor_SMD:R_0805_2012Metric,C17513,Basic,SMT
R178,1,1.5K,0805W8F1501T5E,UNI-ROYAL(Uniroyal Elec),Resistor_SMD:R_0805_2012Metric,C4310,Basic,SMT
R179,1,1K,0805W8F1001T5E,UNI-ROYAL(Uniroyal Elec),Resistor_SMD:R_0805_2012Metric,C17513,Basic,SMT
R180,1,1.5K,0805W8F1501T5E,UNI-ROYAL(Uniroyal Elec),Resistor_SMD:R_0805_2012Metric,C4310,Basic,SMT
R181,1,1K,0805W8F1001T5E,UNI-ROYAL(Uniroyal Elec),Resistor_SMD:R_0805_2012Metric,C17513,Basic,SMT
R182,1,1.5K,0805W8F1501T5E,UNI-ROYAL(Uniroyal Elec),Resistor_SMD:R_0805_2012Metric,C4310,Basic,SMT
R183,1,1K,0805W8F1001T5E,UNI-ROYAL(Uniroyal Elec),Resistor_SMD:R_0805_2012Metric,C17513,Basic,SMT
R184,1,1.5K,0805W8F1501T5E,UNI-ROYAL(Uniroyal Elec),Resistor_SMD:R_0805_2012Metric,C4310,Basic,SMT
R185,1,1K,0805W8F1001T5E,UNI-ROYAL(Uniroyal Elec),Resistor_SMD:R_0805_2012Metric,C17513,Basic,SMT
R186,1,1.5K,0805W8F1501T5E,UNI-ROYAL(Uniroyal Elec),Resistor_SMD:R_0805_2012Metric,C4310,Basic,SMT
R187,1,1K,0805W8F1001T5E,UNI-ROYAL(Uniroyal Elec),Resistor_SMD:R_0805_2012Metric,C17513,Basic,SMT
R188,1,1.5K,0805W8F1501T5E,UNI-ROYAL(Uniroyal Elec),Resistor_SMD:R_0805_2012Metric,C4310,Basic,SMT
R189,1,1K,0805W8F1001T5E,UNI-ROYAL(Uniroyal Elec),Resistor_SMD:R_0805_2012Metric,C17513,Basic,SMT
R190,1,1.5K,0805W8F1501T5E,UNI-ROYAL(Uniroyal Elec),Resistor_SMD:R_0805_2012Metric,C4310,Basic,SMT
R191,1,1K,0805W8F1001T5E,UNI-ROYAL(Uniroyal Elec),Resistor_SMD:R_0805_2012Metric,C17513,Basic,SMT
R192,1,470,0805W8F4700T5E,UNI-ROYAL(Uniroyal Elec),Resistor_SMD:R_0805_2012Metric,C17710,Basic,SMT
R193,1,1K,0805W8F1001T5E,UNI-ROYAL(Uniroyal Elec),Resistor_SMD:R_0805_2012Metric,C17513,Basic,SMT
R194,1,1.5K,0805W8F1501T5E,UNI-ROYAL(Uniroyal Elec),Resistor_SMD:R_0805_2012Metric,C4310,Basic,SMT
R196,1,1.5K,0805W8F1501T5E,UNI-ROYAL(Uniroyal Elec),Resistor_SMD:R_0805_2012Metric,C4310,Basic,SMT
R197,1,10K,0805W8F1002T5E,UNI-ROYAL(Uniroyal Elec),Resistor_SMD:R_0805_2012Metric,C17414,Basic,SMT
R206,1,27K,0805W8F2702T5E,UNI-ROYAL(Uniroyal Elec),Resistor_SMD:R_0805_2012Metric,C17593,Basic,SMT
R250,1,1.5K,0805W8F1501T5E,UNI-ROYAL(Uniroyal Elec),Resistor_SMD:R_0805_2012Metric,C4310,Basic,SMT
R251,1,1.5K,0805W8F1501T5E,UNI-ROYAL(Uniroyal Elec),Resistor_SMD:R_0805_2012Metric,C4310,Basic,SMT
R253,1,1.5K,0805W8F1501T5E,UNI-ROYAL(Uniroyal Elec),Resistor_SMD:R_0805_2012Metric,C4310,Basic,SMT
R254,1,1.5K,0805W8F1501T5E,UNI-ROYAL(Uniroyal Elec),Resistor_SMD:R_0805_2012Metric,C4310,Basic,SMT
R255,1,1.5K,0805W8F1501T5E,UNI-ROYAL(Uniroyal Elec),Resistor_SMD:R_0805_2012Metric,C4310,Basic,SMT
R256,1,1.5K,0805W8F1501T5E,UNI-ROYAL(Uniroyal Elec),Resistor_SMD:R_0805_2012Metric,C4310,Basic,SMT
R259,1,15K,RC2512JK-0715KL,YAGEO,Resistor_SMD:R_2512_6332Metric,C1882622,Extended,SMT
R260,1,15K,RC2512JK-0715KL,YAGEO,Resistor_SMD:R_2512_6332Metric,C1882622,Extended,SMT
R261,1,118K,RC0805FR-07118KL,YAGEO,Resistor_SMD:R_0805_2012Metric,C274001,Extended,SMT
R262,1,29.4K,RC0805FR-0729K4L,YAGEO,Resistor_SMD:R_0805_2012Metric,C273956,Extended,SMT
R263,1,49.9K,0805W8F4992T5E,UNI-ROYAL(Uniroyal Elec),Resistor_SMD:R_0805_2012Metric,C17719,Extended,SMT
R264,1,6.65K,RT0805BRD076K65L,YAGEO,Resistor_SMD:R_0805_2012Metric,C865625,Extended,SMT
R265,1,2.1K,RT0805BRD072K1L,YAGEO,Resistor_SMD:R_0805_2012Metric,C865367,Extended,SMT
R266,1,33.2K,0805W8F3322T5E,UNI-ROYAL(Uniroyal Elec),Resistor_SMD:R_0805_2012Metric,C37252,Extended,SMT
R267,1,130K,RC0805FR-07130KL,YAGEO,Resistor_SMD:R_0805_2012Metric,C483008,Extended,SMT
R268,1,20K,0805W8F2002T5E,UNI-ROYAL(Uniroyal Elec),Resistor_SMD:R_0805_2012Metric,C4328,Basic,SMT
R269,1,49.9K,0805W8F4992T5E,UNI-ROYAL(Uniroyal Elec),Resistor_SMD:R_0805_2012Metric,C17719,Extended,SMT
R270,1,18K,RT0805BRD0718KL,YAGEO,Resistor_SMD:R_0805_2012Metric,C706223,Extended,SMT
R271,1,2K,RT0805BRD072KL,YAGEO,Resistor_SMD:R_0805_2012Metric,C865384,Extended,SMT
R272,1,42.2K,0805W8F4222T5E,UNI-ROYAL(Uniroyal Elec),Resistor_SMD:R_0805_2012Metric,C17686,Extended,SMT
R301,1,10K,0805W8F1002T5E,UNI-ROYAL(Uniroyal Elec),Resistor_SMD:R_0805_2012Metric,C17414,Basic,SMT
R302,1,10K,0805W8F1002T5E,UNI-ROYAL(Uniroyal Elec),Resistor_SMD:R_0805_2012Metric,C17414,Basic,SMT
R303,1,10K,0805W8F1002T5E,UNI-ROYAL(Uniroyal Elec),Resistor_SMD:R_0805_2012Metric,C17414,Basic,SMT
R304,1,10K,0805W8F1002T5E,UNI-ROYAL(Uniroyal Elec),Resistor_SMD:R_0805_2012Metric,C17414,Basic,SMT
R305,1,10K,0805W8F1002T5E,UNI-ROYAL(Uniroyal Elec),Resistor_SMD:R_0805_2012Metric,C17414,Basic,SMT
R306,1,10K,0805W8F1002T5E,UNI-ROYAL(Uniroyal Elec),Resistor_SMD:R_0805_2012Metric,C17414,Basic,SMT
R307,1,10K,0805W8F1002T5E,UNI-ROYAL(Uniroyal Elec),Resistor_SMD:R_0805_2012Metric,C17414,Basic,SMT
R308,1,10K,0805W8F1002T5E,UNI-ROYAL(Uniroyal Elec),Resistor_SMD:R_0805_2012Metric,C17414,Basic,SMT
R310,1,4.7K,0805W8F4701T5E,UNI-ROYAL(Uniroyal Elec),Resistor_SMD:R_0805_2012Metric,C17673,Basic,SMT
R311,1,4.7K,0805W8F4701T5E,UNI-ROYAL(Uniroyal Elec),Resistor_SMD:R_0805_2012Metric,C17673,Basic,SMT
R312,1,4.7K,0805W8F4701T5E,UNI-ROYAL(Uniroyal Elec),Resistor_SMD:R_0805_2012Metric,C17673,Basic,SMT
R313,1,4.7K,0805W8F4701T5E,UNI-ROYAL(Uniroyal Elec),Resistor_SMD:R_0805_2012Metric,C17673,Basic,SMT
R314,1,4.7K,0805W8F4701T5E,UNI-ROYAL(Uniroyal Elec),Resistor_SMD:R_0805_2012Metric,C17673,Basic,SMT
R315,1,4.7K,0805W8F4701T5E,UNI-ROYAL(Uniroyal Elec),Resistor_SMD:R_0805_2012Metric,C17673,Basic,SMT
R316,1,4.7K,0805W8F4701T5E,UNI-ROYAL(Uniroyal Elec),Resistor_SMD:R_0805_2012Metric,C17673,Basic,SMT
R317,1,4.7K,0805W8F4701T5E,UNI-ROYAL(Uniroyal Elec),Resistor_SMD:R_0805_2012Metric,C17673,Basic,SMT
R318,1,4.7K,0805W8F4701T5E,UNI-ROYAL(Uniroyal Elec),Resistor_SMD:R_0805_2012Metric,C17673,Basic,SMT
R319,1,4.7K,0805W8F4701T5E,UNI-ROYAL(Uniroyal Elec),Resistor_SMD:R_0805_2012Metric,C17673,Basic,SMT
R320,1,4.7K,0805W8F4701T5E,UNI-ROYAL(Uniroyal Elec),Resistor_SMD:R_0805_2012Metric,C17673,Basic,SMT
R321,1,4.7K,0805W8F4701T5E,UNI-ROYAL(Uniroyal Elec),Resistor_SMD:R_0805_2012Metric,C17673,Basic,SMT
R322,1,4.7K,0805W8F4701T5E,UNI-ROYAL(Uniroyal Elec),Resistor_SMD:R_0805_2012Metric,C17673,Basic,SMT
R323,1,4.7K,0805W8F4701T5E,UNI-ROYAL(Uniroyal Elec),Resistor_SMD:R_0805_2012Metric,C17673,Basic,SMT
R324,1,4.7K,0805W8F4701T5E,UNI-ROYAL(Uniroyal Elec),Resistor_SMD:R_0805_2012Metric,C17673,Basic,SMT
R325,1,4.7K,0805W8F4701T5E,UNI-ROYAL(Uniroyal Elec),Resistor_SMD:R_0805_2012Metric,C17673,Basic,SMT
R326,1,13m,RL2512FK-070R013L,YAGEO,Resistor_SMD:R_2512_6332Metric,C705606,Extended,SMT
R327,1,33m,RL2512FK-070R033L,YAGEO,Resistor_SMD:R_2512_6332Metric,C705608,Extended,SMT
U1,1,74HCT574,SN74HCT574DWR,Texas Instruments,Package_SO:SOIC-20W_7.5x12.8mm_P1.27mm,C6788,Extended,SMT
U2,1,74HCT574,SN74HCT574DWR,Texas Instruments,Package_SO:SOIC-20W_7.5x12.8mm_P1.27mm,C6788,Extended,SMT
U3,1,74HCT574,SN74HCT574DWR,Texas Instruments,Package_SO:SOIC-20W_7.5x12.8mm_P1.27mm,C6788,Extended,SMT
U4,1,74HCT574,SN74HCT574DWR,Texas Instruments,Package_SO:SOIC-20W_7.5x12.8mm_P1.27mm,C6788,Extended,SMT
U5,1,74HCT574,SN74HCT574DWR,Texas Instruments,Package_SO:SOIC-20W_7.5x12.8mm_P1.27mm,C6788,Extended,SMT
U6,1,LM339DR,LM339DR,Texas Instruments,Package_SO:SOIC-14_3.9x8.7mm_P1.27mm,C7948,Extended,SMT
U9,1,74HCT240,SN74HCT240DWR,Texas Instruments,Package_SO:SOIC-20W_7.5x12.8mm_P1.27mm,C132264,Extended,SMT
U10,1,74HCT74,SN74HCT74DR,Texas Instruments,Package_SO:SOIC-14_3.9x8.7mm_P1.27mm,C352961,Extended,SMT
U11,1,74HCT74,SN74HCT74DR,Texas Instruments,Package_SO:SOIC-14_3.9x8.7mm_P1.27mm,C352961,Extended,SMT
U12,1,74HCT74,SN74HCT74DR,Texas Instruments,Package_SO:SOIC-14_3.9x8.7mm_P1.27mm,C352961,Extended,SMT
U13,1,74HCT74,SN74HCT74DR,Texas Instruments,Package_SO:SOIC-14_3.9x8.7mm_P1.27mm,C352961,Extended,SMT
U15,1,LM339DR,LM339DR,Texas Instruments,Package_SO:SOIC-14_3.9x8.7mm_P1.27mm,C7948,Extended,SMT
U16,1,LM339DR,LM339DR,Texas Instruments,Package_SO:SOIC-14_3.9x8.7mm_P1.27mm,C7948,Extended,SMT
U18,1,74HCT574,SN74HCT574DWR,Texas Instruments,Package_SO:SOIC-20W_7.5x12.8mm_P1.27mm,C6788,Extended,SMT
U19,1,TBD62083AFWG,"TBD62083AFWG,EL",TOSHIBA,Package_SO:SOIC-18W_7.5x11.6mm_P1.27mm,C165895,Extended,SMT
U20,1,TPS552892RYQR,TPS552892RYQR,Texas Instruments,wpc_cost:TI_RYQ0021B_5x3mm,C19272254,Extended,SMT
U21,1,TPS552892RYQR,TPS552892RYQR,Texas Instruments,wpc_cost:TI_RYQ0021B_5x3mm,C19272254,Extended,SMT
W1,1,0R,RC2512JK-070RL,YAGEO,Resistor_SMD:R_2512_6332Metric,C189505,Extended,SMT
