Refs,Qty,Value,Footprint,Manufacturer,MPN,Description,Link,DNP
BR3,1,GBPC3510,Diode_THT:Diode_Bridge_28.6x28.6x7.3mm_P18.0mm_P11.6mm,Vishay,GBPC3510W-E4/51,"Bridge rectifier 35 A 1000 V, GBPC-W (28.6 mm square block, wire leads, #10 centre hole, metal base up when PCB-mounted)",https://www.digikey.com/en/products/detail/vishay-semiconductor-diodes-division/GBPC3510W-E4-51/605926,
C2,1,330uF,Capacitor_THT:CP_Radial_D10.0mm_P5.00mm,Panasonic,EEU-FR1E331,Output capacitor 330 uF 25 V low ESR,https://www.digikey.com/en/products/detail/panasonic-electronic-components/EEU-FR1E331/2433549,
C4,1,330uF,Capacitor_THT:CP_Radial_D10.0mm_P5.00mm,Panasonic,EEU-FR1E331,Output capacitor 330 uF 25 V low ESR,https://www.digikey.com/en/products/detail/panasonic-electronic-components/EEU-FR1E331/2433549,
C5,1,10000uF 35V,Capacitor_THT:CP_Radial_D26.0mm_P10.00mm_SnapIn,TDK,B41252A7109M000,"Capacitor 10000 uF 35 V snap-in 25.4x45 mm, 10 mm pitch, 6.0 mm leads, PVC sleeve, 105C; permissible ripple 7.89 A at 60C / 120 Hz; local ambient <=60C design condition",https://product.tdk.com/en/search/capacitor/aluminum-electrolytic/snap_multi_large/info?part_no=B41252A7109M000,
C6,1,10000uF 35V,Capacitor_THT:CP_Radial_D26.0mm_P10.00mm_SnapIn,TDK,B41252A7109M000,"Capacitor 10000 uF 35 V snap-in 25.4x45 mm, 10 mm pitch, 6.0 mm leads, PVC sleeve, 105C; permissible ripple 7.89 A at 60C / 120 Hz; local ambient <=60C design condition",https://product.tdk.com/en/search/capacitor/aluminum-electrolytic/snap_multi_large/info?part_no=B41252A7109M000,
C7,1,10000uF 35V,Capacitor_THT:CP_Radial_D26.0mm_P10.00mm_SnapIn,TDK,B41252A7109M000,"Capacitor 10000 uF 35 V snap-in 25.4x45 mm, 10 mm pitch, 6.0 mm leads, PVC sleeve, 105C; permissible ripple 7.89 A at 60C / 120 Hz; local ambient <=60C design condition",https://product.tdk.com/en/search/capacitor/aluminum-electrolytic/snap_multi_large/info?part_no=B41252A7109M000,
C8,1,2200uF 100V,Capacitor_THT:CP_Radial_D25.0mm_P10.00mm_SnapIn,Nichicon,LLS2A222MELA,Capacitor 2200 uF 100 V snap-in 25x40 mm,https://www.digikey.com/en/products/detail/nichicon/LLS2A222MELA/2548962,
C9,1,330uF,Capacitor_THT:CP_Radial_D10.0mm_P5.00mm,Panasonic,EEU-FR1E331,Output capacitor 330 uF 25 V low ESR,https://www.digikey.com/en/products/detail/panasonic-electronic-components/EEU-FR1E331/2433549,
C11,1,10000uF 35V,Capacitor_THT:CP_Radial_D26.0mm_P10.00mm_SnapIn,TDK,B41252A7109M000,"Capacitor 10000 uF 35 V snap-in 25.4x45 mm, 10 mm pitch, 6.0 mm leads, PVC sleeve, 105C; permissible ripple 7.89 A at 60C / 120 Hz; local ambient <=60C design condition",https://product.tdk.com/en/search/capacitor/aluminum-electrolytic/snap_multi_large/info?part_no=B41252A7109M000,
C12,1,330uF,Capacitor_THT:CP_Radial_D10.0mm_P5.00mm,Panasonic,EEU-FR1E331,Output capacitor 330 uF 25 V low ESR,https://www.digikey.com/en/products/detail/panasonic-electronic-components/EEU-FR1E331/2433549,
C30,1,10000uF 35V,Capacitor_THT:CP_Radial_D26.0mm_P10.00mm_SnapIn,TDK,B41252A7109M000,"Capacitor 10000 uF 35 V snap-in 25.4x45 mm, 10 mm pitch, 6.0 mm leads, PVC sleeve, 105C; permissible ripple 7.89 A at 60C / 120 Hz; local ambient <=60C design condition",https://product.tdk.com/en/search/capacitor/aluminum-electrolytic/snap_multi_large/info?part_no=B41252A7109M000,
C32,1,2200uF 100V,Capacitor_THT:CP_Radial_D25.0mm_P10.00mm_SnapIn,Nichicon,LLS2A222MELA,Capacitor 2200 uF 100 V snap-in 25x40 mm,https://www.digikey.com/en/products/detail/nichicon/LLS2A222MELA/2548962,
C33,1,10uF,Capacitor_SMD:C_1210_3225Metric,Samsung,CL32B106KBJNNWE,Input capacitor 10 uF 50 V X7R 1210,https://www.digikey.com/en/products/detail/samsung-electro-mechanics/CL32B106KBJNNWE/3889046,
C34,1,10uF,Capacitor_SMD:C_1210_3225Metric,Samsung,CL32B106KBJNNWE,Input capacitor 10 uF 50 V X7R 1210,https://www.digikey.com/en/products/detail/samsung-electro-mechanics/CL32B106KBJNNWE/3889046,
C35,1,100nF,Capacitor_SMD:C_0805_2012Metric,Samsung,CL21B104KBCNNNC,Bootstrap 100 nF,https://www.digikey.com/en/products/detail/samsung-electro-mechanics/CL21B104KBCNNNC/3886661,
C36,1,33nF,Capacitor_SMD:C_0805_2012Metric,KEMET,C0805C333K5RACTU,"Compensation Cc 33nF (zero at the modulator pole, eq. 49)",https://search.kemet.com/download/specsheet/C0805C333K5RACTU,
C37,1,470pF,Capacitor_SMD:C_0805_2012Metric,KEMET,C0805C471J5GACTU,"Compensation Cp 470pF (ESR-zero cancellation, eq. 50)",https://search.kemet.com/download/specsheet/C0805C471J5GACTU,
C38,1,10uF,Capacitor_SMD:C_1210_3225Metric,Samsung,CL32B106KBJNNWE,Output capacitor 10 uF 50 V X7R 1210,https://www.digikey.com/en/products/detail/samsung-electro-mechanics/CL32B106KBJNNWE/3889046,
C39,1,10uF,Capacitor_SMD:C_1210_3225Metric,Samsung,CL32B106KBJNNWE,Input capacitor 10 uF 50 V X7R 1210,https://www.digikey.com/en/products/detail/samsung-electro-mechanics/CL32B106KBJNNWE/3889046,
C40,1,10uF,Capacitor_SMD:C_1210_3225Metric,Samsung,CL32B106KBJNNWE,Input capacitor 10 uF 50 V X7R 1210,https://www.digikey.com/en/products/detail/samsung-electro-mechanics/CL32B106KBJNNWE/3889046,
C41,1,100nF,Capacitor_SMD:C_0805_2012Metric,Samsung,CL21B104KBCNNNC,Bootstrap 100 nF,https://www.digikey.com/en/products/detail/samsung-electro-mechanics/CL21B104KBCNNNC/3886661,
C42,1,100nF,Capacitor_SMD:C_0805_2012Metric,Samsung,CL21B104KBCNNNC,"Compensation Cc 100nF (zero at the modulator pole, eq. 49)",https://www.digikey.com/en/products/detail/samsung-electro-mechanics/CL21B104KBCNNNC/3886661,
C43,1,390pF,Capacitor_SMD:C_0805_2012Metric,KEMET,C0805C391J5GACTU,"Compensation Cp 390pF (ESR-zero cancellation, eq. 50)",https://search.kemet.com/download/specsheet/C0805C391J5GACTU,
C44,1,10uF,Capacitor_SMD:C_1210_3225Metric,Samsung,CL32B106KBJNNWE,Output capacitor 10 uF 50 V X7R 1210,https://www.digikey.com/en/products/detail/samsung-electro-mechanics/CL32B106KBJNNWE/3889046,
D36,1,B560C,Diode_SMD:D_SMC,Diodes Inc,B560C-13-F,Catch diode B560C 5 A 60 V Schottky SMC,https://www.digikey.com/en/products/detail/diodes-incorporated/B560C-13-F/768773,
D37,1,B560C,Diode_SMD:D_SMC,Diodes Inc,B560C-13-F,Catch diode B560C 5 A 60 V Schottky SMC,https://www.digikey.com/en/products/detail/diodes-incorporated/B560C-13-F/768773,
D101,1,STPS20M100ST,wpc_cost:TO220_Schottky_AKA_5772,STMicroelectronics,STPS20M100ST,"Schottky rectifier 100 V 20 A TO-220AB, physical leads A-K-A; individual 577202B00000G heatsink required",https://www.digikey.com/en/products/detail/stmicroelectronics/STPS20M100ST/2122463,
D102,1,STPS20M100ST,wpc_cost:TO220_Schottky_AKA_5772,STMicroelectronics,STPS20M100ST,"Schottky rectifier 100 V 20 A TO-220AB, physical leads A-K-A; individual 577202B00000G heatsink required",https://www.digikey.com/en/products/detail/stmicroelectronics/STPS20M100ST/2122463,
D103,1,STPS20M100ST,wpc_cost:TO220_Schottky_AKA_5772,STMicroelectronics,STPS20M100ST,"Schottky rectifier 100 V 20 A TO-220AB, physical leads A-K-A; individual 577202B00000G heatsink required",https://www.digikey.com/en/products/detail/stmicroelectronics/STPS20M100ST/2122463,
D104,1,STPS20M100ST,wpc_cost:TO220_Schottky_AKA_5772,STMicroelectronics,STPS20M100ST,"Schottky rectifier 100 V 20 A TO-220AB, physical leads A-K-A; individual 577202B00000G heatsink required",https://www.digikey.com/en/products/detail/stmicroelectronics/STPS20M100ST/2122463,
D105,1,STPS20M100S,wpc_cost:D2PAK_Schottky_AKA,STMicroelectronics,STPS20M100SG-TR,"Schottky rectifier 100 V 20 A D2PAK - discrete bridge element +5V raw supply, AC_A -> +",https://www.digikey.com/en/products/detail/stmicroelectronics/STPS20M100SG-TR/2122461,
D106,1,STPS20M100S,wpc_cost:D2PAK_Schottky_AKA,STMicroelectronics,STPS20M100SG-TR,"Schottky rectifier 100 V 20 A D2PAK - discrete bridge element +5V raw supply, AC_B -> +",https://www.digikey.com/en/products/detail/stmicroelectronics/STPS20M100SG-TR/2122461,
D107,1,STPS20M100S,wpc_cost:D2PAK_Schottky_AKA,STMicroelectronics,STPS20M100SG-TR,"Schottky rectifier 100 V 20 A D2PAK - discrete bridge element +5V raw supply, GND -> AC_A",https://www.digikey.com/en/products/detail/stmicroelectronics/STPS20M100SG-TR/2122461,
D108,1,STPS20M100S,wpc_cost:D2PAK_Schottky_AKA,STMicroelectronics,STPS20M100SG-TR,"Schottky rectifier 100 V 20 A D2PAK - discrete bridge element +5V raw supply, GND -> AC_B",https://www.digikey.com/en/products/detail/stmicroelectronics/STPS20M100SG-TR/2122461,
D109,1,STPS20M100S,wpc_cost:D2PAK_Schottky_AKA,STMicroelectronics,STPS20M100SG-TR,"Schottky rectifier 100 V 20 A D2PAK - discrete bridge element +20V flashlamp supply, AC_A -> +",https://www.digikey.com/en/products/detail/stmicroelectronics/STPS20M100SG-TR/2122461,
D110,1,STPS20M100S,wpc_cost:D2PAK_Schottky_AKA,STMicroelectronics,STPS20M100SG-TR,"Schottky rectifier 100 V 20 A D2PAK - discrete bridge element +20V flashlamp supply, AC_B -> +",https://www.digikey.com/en/products/detail/stmicroelectronics/STPS20M100SG-TR/2122461,
D111,1,STPS20M100S,wpc_cost:D2PAK_Schottky_AKA,STMicroelectronics,STPS20M100SG-TR,"Schottky rectifier 100 V 20 A D2PAK - discrete bridge element +20V flashlamp supply, GND -> AC_A",https://www.digikey.com/en/products/detail/stmicroelectronics/STPS20M100SG-TR/2122461,
D112,1,STPS20M100S,wpc_cost:D2PAK_Schottky_AKA,STMicroelectronics,STPS20M100SG-TR,"Schottky rectifier 100 V 20 A D2PAK - discrete bridge element +20V flashlamp supply, GND -> AC_B",https://www.digikey.com/en/products/detail/stmicroelectronics/STPS20M100SG-TR/2122461,
D113,1,STPS20M100S,wpc_cost:D2PAK_Schottky_AKA,STMicroelectronics,STPS20M100SG-TR,"Schottky rectifier 100 V 20 A D2PAK - discrete bridge element +12V POWER, AC_A -> +",https://www.digikey.com/en/products/detail/stmicroelectronics/STPS20M100SG-TR/2122461,
D114,1,STPS20M100S,wpc_cost:D2PAK_Schottky_AKA,STMicroelectronics,STPS20M100SG-TR,"Schottky rectifier 100 V 20 A D2PAK - discrete bridge element +12V POWER, AC_B -> +",https://www.digikey.com/en/products/detail/stmicroelectronics/STPS20M100SG-TR/2122461,
D115,1,STPS20M100S,wpc_cost:D2PAK_Schottky_AKA,STMicroelectronics,STPS20M100SG-TR,"Schottky rectifier 100 V 20 A D2PAK - discrete bridge element +12V POWER, GND -> AC_A",https://www.digikey.com/en/products/detail/stmicroelectronics/STPS20M100SG-TR/2122461,
D116,1,STPS20M100S,wpc_cost:D2PAK_Schottky_AKA,STMicroelectronics,STPS20M100SG-TR,"Schottky rectifier 100 V 20 A D2PAK - discrete bridge element +12V POWER, GND -> AC_B",https://www.digikey.com/en/products/detail/stmicroelectronics/STPS20M100SG-TR/2122461,
F103,1,3A S.B.,Fuse:Fuseholder_Clip-5x20mm_Keystone_3517_Inline_P23.11x6.76mm_D1.70mm_Horizontal,Littelfuse,0239003.MXP,"Fuse 3 A Slo-Blo 5x20 mm (Keystone 3517 clips), +50V to J107-1 sol 25-28 / 8-driver",https://www.digikey.com/en/products/detail/littelfuse-inc/0239003-MXP/778224,
F104,1,3A S.B.,Fuse:Fuseholder_Clip-5x20mm_Keystone_3517_Inline_P23.11x6.76mm_D1.70mm_Horizontal,Littelfuse,0239003.MXP,"Fuse 3 A Slo-Blo 5x20 mm (Keystone 3517 clips), +50V to J107-2 sol 9-16",https://www.digikey.com/en/products/detail/littelfuse-inc/0239003-MXP/778224,
F105,1,3A S.B.,Fuse:Fuseholder_Clip-5x20mm_Keystone_3517_Inline_P23.11x6.76mm_D1.70mm_Horizontal,Littelfuse,0239003.MXP,"Fuse 3 A Slo-Blo 5x20 mm (Keystone 3517 clips), +50V to J107-3 sol 1-8",https://www.digikey.com/en/products/detail/littelfuse-inc/0239003-MXP/778224,
F111,1,5A S.B.,Fuse:Fuseholder_Clip-5x20mm_Keystone_3517_Inline_P23.11x6.76mm_D1.70mm_Horizontal,Littelfuse,0239005.MXP,"Fuse 5A S.B. 5x20 mm (Keystone 3517 clips), +20V flashlamp supply",https://www.digikey.com/en/products/detail/littelfuse-inc/0239005-MXP/778232,
F112,1,7A S.B.,Fuse:Fuseholder_Clip-5x20mm_Keystone_3517_Inline_P23.11x6.76mm_D1.70mm_Horizontal,Littelfuse,0239007.MXP,"Fuse 7A S.B. 5x20 mm (Keystone 3517 clips), +50V solenoid supply (51 VAC winding -> ~70 V DC, 78 V peak unloaded)",https://www.digikey.com/en/products/detail/littelfuse-inc/0239007.MXP/778234,
F113,1,5A S.B.,Fuse:Fuseholder_Clip-5x20mm_Keystone_3517_Inline_P23.11x6.76mm_D1.70mm_Horizontal,Littelfuse,0239005.MXP,"Fuse 5A S.B. 5x20 mm (Keystone 3517 clips), +5V raw supply (9VAC)",https://www.digikey.com/en/products/detail/littelfuse-inc/0239005-MXP/778232,
F114,1,8A,Fuse:Fuseholder_Clip-5x20mm_Keystone_3517_Inline_P23.11x6.76mm_D1.70mm_Horizontal,Littelfuse,0217008.MXP,"Fuse 8A 5x20 mm (Keystone 3517 clips), +18V lamp matrix supply (13.3 VAC); also feeds the +12V digital buck U21",https://www.digikey.com/en/products/detail/littelfuse-inc/0217008-MXP/777551,
F115,1,3/4A S.B.,Fuse:Fuseholder_Clip-5x20mm_Keystone_3517_Inline_P23.11x6.76mm_D1.70mm_Horizontal,Littelfuse,0239.750MXP,"Fuse 3/4 A Slo-Blo 5x20 mm (Keystone 3517 clips), +12V switch matrix",https://www.digikey.com/en/products/result?keywords=0239.750MXP,
F116,1,3A S.B.,Fuse:Fuseholder_Clip-5x20mm_Keystone_3517_Inline_P23.11x6.76mm_D1.70mm_Horizontal,Littelfuse,0239003.MXP,"Fuse 3A S.B. 5x20 mm (Keystone 3517 clips), +12V POWER (unregulated, 9.8VAC): motors, optos, coin door, DMD - J116/J117/J118",https://www.digikey.com/en/products/detail/littelfuse-inc/0239003-MXP/778224,
J101,1,J101 xformer 9VAC (Red) / 13VAC (Blu-Wht),Connector_Molex:Molex_KK-396_A-41791-0007_1x07_P3.96mm_Vertical,Molex,0026604070,J101 xformer 9VAC (Red) / 13VAC (Blu-Wht),https://www.digikey.com/en/products/result?keywords=0026604070,
J102,1,J102 xformer 16VAC (Wht-Red) / solenoid ~51VAC (Blk-Yel),Connector_Molex:Molex_KK-396_A-41791-0009_1x09_P3.96mm_Vertical,Molex,0026604090,J102 xformer 16VAC (Wht-Red) / solenoid ~51VAC (Blk-Yel),https://www.digikey.com/en/products/detail/molex/0026604090/79784,
J103,1,"J103 ground to 8-driver board (all four pins grounded as on A-12697 sheet 1, no key)",Connector_Molex:Molex_KK-396_A-41791-0004_1x04_P3.96mm_Vertical,Molex,0026604040,"J103 ground to 8-driver board (all four pins grounded as on A-12697 sheet 1, no key)",https://www.digikey.com/en/products/result?keywords=0026604040,
J104,1,"J104 fused 51VAC (F112, pins 1/2) to Fliptronic II J901 and fused 16VAC (F111, pins 4/5), as A-12697 sheet 1",Connector_Molex:Molex_KK-396_A-41791-0005_1x05_P3.96mm_Vertical,Molex,0026604050,"J104 fused 51VAC (F112, pins 1/2) to Fliptronic II J901 and fused 16VAC (F111, pins 4/5), as A-12697 sheet 1",https://www.digikey.com/en/products/result?keywords=0026604050,
J106,1,"J106 +20V to backbox flashlamps (pins 1-4 open, key 4)",Connector_Molex:Molex_KK-396_A-41791-0005_1x05_P3.96mm_Vertical,Molex,0026604050,"J106 +20V to backbox flashlamps (pins 1-4 open, key 4)",https://www.digikey.com/en/products/result?keywords=0026604050,
J107,1,"J107 +50V (F103/F104/F105) and +20V (pins 5,6) to playfield",Connector_Molex:Molex_KK-396_A-41791-0006_1x06_P3.96mm_Vertical,Molex,0026604060,"J107 +50V (F103/F104/F105) and +20V (pins 5,6) to playfield",https://www.digikey.com/en/products/result?keywords=0026604060,
J108,1,J108 +50V (F103/F104/F105) to cabinet (N/C on STTNG),Connector_Molex:Molex_KK-396_A-41791-0003_1x03_P3.96mm_Vertical,Molex,0026604030,J108 +50V (F103/F104/F105) to cabinet (N/C on STTNG),https://www.digikey.com/en/products/result?keywords=0026604030,
J109,1,J109 spare (N/C),Connector_Molex:Molex_KK-396_A-41791-0007_1x07_P3.96mm_Vertical,Molex,0026604070,J109 spare (N/C),https://www.digikey.com/en/products/result?keywords=0026604070,
J110,1,J110 spare (N/C),Connector_Molex:Molex_KK-396_A-41791-0009_1x09_P3.96mm_Vertical,Molex,0026604090,J110 spare (N/C),https://www.digikey.com/en/products/detail/molex/0026604090/79784,
J112,1,J112 xformer 9.8VAC (Wht-Grn),Connector_Molex:Molex_KK-396_A-41791-0005_1x05_P3.96mm_Vertical,Molex,0026604050,J112 xformer 9.8VAC (Wht-Grn),https://www.digikey.com/en/products/result?keywords=0026604050,
J114,1,"J114 +12V/+5V/GND to CPU J210, Fliptronic J904, 8-driver",Connector_Molex:Molex_KK-396_A-41791-0007_1x07_P3.96mm_Vertical,Molex,0026604070,"J114 +12V/+5V/GND to CPU J210, Fliptronic J904, 8-driver",https://www.digikey.com/en/products/result?keywords=0026604070,
J116,1,J116 +12V power (unregulated) / GND / +5V to coin door,Connector_Molex:Molex_KK-396_A-41791-0004_1x04_P3.96mm_Vertical,Molex,0026604040,J116 +12V power (unregulated) / GND / +5V to coin door,https://www.digikey.com/en/products/result?keywords=0026604040,
J117,1,J117 +12V power (unregulated) / GND / +5V to DMD controller,Connector_Molex:Molex_KK-396_A-41791-0004_1x04_P3.96mm_Vertical,Molex,0026604040,J117 +12V power (unregulated) / GND / +5V to DMD controller,https://www.digikey.com/en/products/result?keywords=0026604040,
J118,1,"J118 +12V power (unregulated) / GND / +5V to playfield boards (optos, gun motors)",Connector_Molex:Molex_KK-396_A-41791-0004_1x04_P3.96mm_Vertical,Molex,0026604040,"J118 +12V power (unregulated) / GND / +5V to playfield boards (optos, gun motors)",https://www.digikey.com/en/products/result?keywords=0026604040,
L1,1,10uH,Inductor_SMD:L_Bourns_SRP1245A,Bourns,SRP1265A-100M,Inductor 10 uH 10 A (SRP1265A-100M),https://www.digikey.com/en/products/detail/bourns-inc/SRP1265A-100M/4876620,
L2,1,10uH,Inductor_SMD:L_Bourns_SRP1245A,Bourns,SRP1265A-100M,Inductor 10 uH 10 A (SRP1265A-100M),https://www.digikey.com/en/products/detail/bourns-inc/SRP1265A-100M/4876620,
LED1,1,LED red,LED_SMD:LED_0805_2012Metric,Lite-On,LTST-C170KRKT,"LED red 0805, +12V indicator",https://www.digikey.com/en/products/detail/liteon/LTST-C170KRKT/386779,
LED2,1,LED red,LED_SMD:LED_0805_2012Metric,Lite-On,LTST-C170KRKT,"LED red 0805, +12V fused indicator",https://www.digikey.com/en/products/detail/liteon/LTST-C170KRKT/386779,
LED4,1,LED red,LED_SMD:LED_0805_2012Metric,Lite-On,LTST-C170KRKT,"LED red 0805, +5V indicator",https://www.digikey.com/en/products/detail/liteon/LTST-C170KRKT/386779,
LED5,1,LED red,LED_SMD:LED_0805_2012Metric,Lite-On,LTST-C170KRKT,"LED red 0805, +20V indicator",https://www.digikey.com/en/products/detail/liteon/LTST-C170KRKT/386779,
LED6,1,LED red,LED_SMD:LED_0805_2012Metric,Lite-On,LTST-C170KRKT,"LED red 0805, +18V indicator",https://www.digikey.com/en/products/detail/liteon/LTST-C170KRKT/386779,
LED7,1,LED red,LED_SMD:LED_0805_2012Metric,Lite-On,LTST-C170KRKT,"LED red 0805, +12VU indicator",https://www.digikey.com/en/products/detail/liteon/LTST-C170KRKT/386779,
R192,1,270,Resistor_SMD:R_0805_2012Metric,Yageo,RC0805FR-07270RL,LED series resistor 270,https://www.digikey.com/en/products/result?keywords=RC0805FR-07270RL,
R193,1,1K,Resistor_SMD:R_0805_2012Metric,Yageo,RC0805FR-071KL,LED series resistor 1K,https://www.digikey.com/en/products/result?keywords=RC0805FR-071KL,
R194,1,1.5K,Resistor_SMD:R_0805_2012Metric,Yageo,RC0805FR-071K5L,LED series resistor 1.5K,https://www.digikey.com/en/products/result?keywords=RC0805FR-071K5L,
R196,1,1.5K,Resistor_SMD:R_0805_2012Metric,Yageo,RC0805FR-071K5L,LED series resistor 1.5K,https://www.digikey.com/en/products/result?keywords=RC0805FR-071K5L,
R250,1,1.5K,Resistor_SMD:R_0805_2012Metric,Yageo,RC0805FR-071K5L,LED series resistor 1.5K,https://www.digikey.com/en/products/result?keywords=RC0805FR-071K5L,
R251,1,1.5K,Resistor_SMD:R_0805_2012Metric,Yageo,RC0805FR-071K5L,LED series resistor 1.5K,https://www.digikey.com/en/products/result?keywords=RC0805FR-071K5L,
R259,1,15K,Resistor_SMD:R_2512_6332Metric,Yageo,RC2512JK-0715KL,Resistor 15K 1 W 2512 bleeder (parallel to R260),https://www.digikey.com/en/products/result?keywords=RC2512JK-0715KL,
R260,1,15K,Resistor_SMD:R_2512_6332Metric,Yageo,RC2512JK-0715KL,Resistor 15K 1 W 2512 bleeder (R259 || R260 = 7.5 k on ~72 V),https://www.digikey.com/en/products/result?keywords=RC2512JK-0715KL,
R261,1,118K,Resistor_SMD:R_0805_2012Metric,Yageo,RC0805FR-07118KL,EN/UVLO divider top 118K (start 5.9 V / stop 5.5 V),https://www.digikey.com/en/products/result?keywords=RC0805FR-07118KL,
R262,1,29.4K,Resistor_SMD:R_0805_2012Metric,Yageo,RC0805FR-0729K4L,EN/UVLO divider bottom 29.4K,https://www.digikey.com/en/products/result?keywords=RC0805FR-0729K4L,
R263,1,240K,Resistor_SMD:R_0805_2012Metric,Yageo,RC0805FR-07240KL,RT/CLK 240K -> 405 kHz (Rt = 101756 x fsw^-1.008),https://www.digikey.com/en/products/result?keywords=RC0805FR-07240KL,
R264,1,11.3K,Resistor_SMD:R_0805_2012Metric,Yageo,RT0805BRD0711K3L,"Feedback top 11.3K (Vout = 0.8 V x (1 + Rtop/Rbot), 0.1 % thin film)",https://www.digikey.com/en/products/result?keywords=RT0805BRD0711K3L,
R265,1,2.1K,Resistor_SMD:R_0805_2012Metric,Yageo,RT0805BRD072K1L,"Feedback bottom 2.1K, 0.1 % thin film",https://www.digikey.com/en/products/result?keywords=RT0805BRD072K1L,
R266,1,33.2K,Resistor_SMD:R_0805_2012Metric,Yageo,RC0805FR-0733K2L,Compensation Rc 33.2K (TPS54360B eq. 48),https://www.digikey.com/en/products/result?keywords=RC0805FR-0733K2L,
R267,1,130K,Resistor_SMD:R_0805_2012Metric,Yageo,RC0805FR-07130KL,EN/UVLO divider top 130K (start 8.8 V / stop 8.4 V),https://www.digikey.com/en/products/result?keywords=RC0805FR-07130KL,
R268,1,20K,Resistor_SMD:R_0805_2012Metric,Yageo,RC0805FR-0720KL,EN/UVLO divider bottom 20K,https://www.digikey.com/en/products/result?keywords=RC0805FR-0720KL,
R269,1,240K,Resistor_SMD:R_0805_2012Metric,Yageo,RC0805FR-07240KL,RT/CLK 240K -> 405 kHz (Rt = 101756 x fsw^-1.008),https://www.digikey.com/en/products/result?keywords=RC0805FR-07240KL,
R270,1,28K,Resistor_SMD:R_0805_2012Metric,Yageo,RC0805FR-0728KL,Feedback top 28K (Vout = 0.8 V x (1 + Rtop/Rbot)),https://www.digikey.com/en/products/result?keywords=RC0805FR-0728KL,
R271,1,2K,Resistor_SMD:R_0805_2012Metric,Yageo,RC0805FR-072KL,Feedback bottom 2K,https://www.digikey.com/en/products/result?keywords=RC0805FR-072KL,
R272,1,42.2K,Resistor_SMD:R_0805_2012Metric,Yageo,RC0805FR-0742K2L,Compensation Rc 42.2K (TPS54360B eq. 48),https://www.digikey.com/en/products/result?keywords=RC0805FR-0742K2L,
TP1,1,TP1 +12VU,TestPoint:TestPoint_THTPad_D2.0mm_Drill1.0mm,,,Test point +12VU,,
TP2,1,TP2 +5V,TestPoint:TestPoint_THTPad_D2.0mm_Drill1.0mm,,,Test point +5V,,
TP3,1,TP3 +12V,TestPoint:TestPoint_THTPad_D2.0mm_Drill1.0mm,,,Test point +12V regulated,,
TP5,1,TP5 GND,TestPoint:TestPoint_THTPad_D2.0mm_Drill1.0mm,,,Test point GND,,
TP6,1,TP6 +50V,TestPoint:TestPoint_THTPad_D2.0mm_Drill1.0mm,,,Test point +50V,,
TP7,1,TP7 +20V,TestPoint:TestPoint_THTPad_D2.0mm_Drill1.0mm,,,Test point +20V,,
TP8,1,TP8 +18V,TestPoint:TestPoint_THTPad_D2.0mm_Drill1.0mm,,,Test point +18V,,
TP9,1,TP9 +5V_RAW,TestPoint:TestPoint_THTPad_D2.0mm_Drill1.0mm,,,Test point +5V raw (buck input),,
U20,1,TPS54360BDDAR,Package_SO:Texas_HSOP-8-1EP_3.9x4.9mm_P1.27mm,Texas Instruments,TPS54360BDDAR,+5.1 V 3 A buck converter,https://www.digikey.com/en/products/detail/texas-instruments/TPS54360BDDAR/10434703,
U21,1,TPS54360BDDAR,Package_SO:Texas_HSOP-8-1EP_3.9x4.9mm_P1.27mm,Texas Instruments,TPS54360BDDAR,+12.0 V 2 A buck converter,https://www.digikey.com/en/products/detail/texas-instruments/TPS54360BDDAR/10434703,
B6,1,100nF,Capacitor_SMD:C_0805_2012Metric,Samsung,CL21B104KBCNNNC,Bypass 100 nF 50 V X7R 0805,https://www.digikey.com/en/products/detail/samsung-electro-mechanics/CL21B104KBCNNNC/3886661,
B9,1,100nF,Capacitor_SMD:C_0805_2012Metric,Samsung,CL21B104KBCNNNC,Bypass 100 nF 50 V X7R 0805,https://www.digikey.com/en/products/detail/samsung-electro-mechanics/CL21B104KBCNNNC/3886661,
C21,1,10nF,Capacitor_SMD:C_0805_2012Metric,KEMET,C0805C103K5RACTU,Capacitor 10 nF (ZC filter),https://search.kemet.com/download/specsheet/C0805C103K5RACTU,
J111,1,"J111 G.I. latch spare bits T5-T7 (GPIO as on the original board, e.g. shot-clock drive; N/C on STTNG)",Connector_Molex:Molex_KK-254_AE-6410-05A_1x05_P2.54mm_Vertical,Molex,0022232051,"J111 G.I. latch spare bits T5-T7 (GPIO as on the original board, e.g. shot-clock drive; N/C on STTNG)",https://www.digikey.com/en/products/result?keywords=0022232051,
J113,1,34-pin ribbon to CPU J211,wpc_cost:3M_N2534_6002_RB,3M,N2534-6002-RB,J113 34-pin 2x17 box header (ribbon to CPU J211),https://www.digikey.com/en/products/detail/3m/N2534-6002-RB/755183,
LED3,1,LED red (ZC),LED_SMD:LED_0805_2012Metric,Lite-On,LTST-C170KRKT,"LED red 0805, zero-cross activity",https://www.digikey.com/en/products/detail/liteon/LTST-C170KRKT/386779,
R3,1,10K,Resistor_SMD:R_0805_2012Metric,Yageo,RC0805FR-0710KL,"Resistor 10K 1% 0.125 W, 0805",https://www.digikey.com/en/products/result?keywords=RC0805FR-0710KL,
R4,1,10K,Resistor_SMD:R_0805_2012Metric,Yageo,RC0805FR-0710KL,"Resistor 10K 1% 0.125 W, 0805",https://www.digikey.com/en/products/result?keywords=RC0805FR-0710KL,
R6,1,10K,Resistor_SMD:R_0805_2012Metric,Yageo,RC0805FR-0710KL,"Resistor 10K 1% 0.125 W, 0805",https://www.digikey.com/en/products/result?keywords=RC0805FR-0710KL,
R197,1,10K,Resistor_SMD:R_0805_2012Metric,Yageo,RC0805FR-0710KL,Resistor 10K 1% 0805 (ZC sample of the fused 9 VAC leg),https://www.digikey.com/en/products/result?keywords=RC0805FR-0710KL,
R198,1,10K,Resistor_SMD:R_0805_2012Metric,Yageo,RC0805FR-0710KL,Resistor 10K 0805 - DNP (the A-12697 waveform is a half-wave sample of one leg; populating R198 would make a 120 Hz full-wave sample),https://www.digikey.com/en/products/result?keywords=RC0805FR-0710KL,yes
R206,1,27K,Resistor_SMD:R_0805_2012Metric,Yageo,RC0805FR-0727KL,Resistor 27K 1% 0805 (ZC threshold ~0.26 V),https://www.digikey.com/en/products/result?keywords=RC0805FR-0727KL,
R253,1,1.5K,Resistor_SMD:R_0805_2012Metric,Yageo,RC0805FR-071K5L,"Resistor 1K5 1% 0.125 W, 0805",https://www.digikey.com/en/products/result?keywords=RC0805FR-071K5L,
R254,1,1.5K,Resistor_SMD:R_0805_2012Metric,Yageo,RC0805FR-071K5L,"Resistor 1K5 1% 0.125 W, 0805",https://www.digikey.com/en/products/result?keywords=RC0805FR-071K5L,
R255,1,1.5K,Resistor_SMD:R_0805_2012Metric,Yageo,RC0805FR-071K5L,"Resistor 1K5 1% 0.125 W, 0805",https://www.digikey.com/en/products/result?keywords=RC0805FR-071K5L,
R256,1,1.5K,Resistor_SMD:R_0805_2012Metric,Yageo,RC0805FR-071K5L,"Resistor 1K5 1% 0.125 W, 0805",https://www.digikey.com/en/products/result?keywords=RC0805FR-071K5L,
SR1,1,9x4.7K SIP,Resistor_THT:R_Array_SIP10,Bourns,4610X-101-472LF,Pull-ups for the seven latch strobes and BLANKING,https://www.digikey.com/en/products/result?keywords=4610X-101-472LF,
SR2,1,9x4.7K SIP,Resistor_THT:R_Array_SIP10,Bourns,4610X-101-472LF,Pull-ups for the ribbon data lines /D0-/D7 (driven by the CPU only during a write),https://www.digikey.com/en/products/result?keywords=4610X-101-472LF,
TP4,1,TP4 ZC,TestPoint:TestPoint_THTPad_D2.0mm_Drill1.0mm,,,Test point ZC,,
U6,1,LM339DR,Package_SO:SOIC-14_3.9x8.7mm_P1.27mm,Texas Instruments,LM339DR,"Quad comparator, SOIC-14",https://www.digikey.com/en/products/detail/texas-instruments/LM339DR/276657,
U9,1,74HCT240,Package_SO:SOIC-20W_7.5x12.8mm_P1.27mm,Nexperia,"74HCT240D,653",J113 data-bus inverter: the CPU board drives the ribbon data through a 74LS240 (active low),https://www.digikey.com/en/products/result?keywords=74HCT240D%2C653,
B5,1,100nF,Capacitor_SMD:C_0805_2012Metric,Samsung,CL21B104KBCNNNC,Bypass 100 nF 50 V X7R 0805,https://www.digikey.com/en/products/detail/samsung-electro-mechanics/CL21B104KBCNNNC/3886661,
D25,1,S3M-13-F,Diode_SMD:D_SMC,Diodes Inc,S3M-13-F,"Rectifier 3 A 1000 V, SMC (tie-back)",https://www.digikey.com/en/products/detail/diodes-incorporated/S3M-13-F/725029,
D26,1,S3M-13-F,Diode_SMD:D_SMC,Diodes Inc,S3M-13-F,"Rectifier 3 A 1000 V, SMC (tie-back)",https://www.digikey.com/en/products/detail/diodes-incorporated/S3M-13-F/725029,
D27,1,S3M-13-F,Diode_SMD:D_SMC,Diodes Inc,S3M-13-F,"Rectifier 3 A 1000 V, SMC (tie-back)",https://www.digikey.com/en/products/detail/diodes-incorporated/S3M-13-F/725029,
D28,1,S3M-13-F,Diode_SMD:D_SMC,Diodes Inc,S3M-13-F,"Rectifier 3 A 1000 V, SMC (tie-back)",https://www.digikey.com/en/products/detail/diodes-incorporated/S3M-13-F/725029,
D29,1,S3M-13-F,Diode_SMD:D_SMC,Diodes Inc,S3M-13-F,"Rectifier 3 A 1000 V, SMC (tie-back)",https://www.digikey.com/en/products/detail/diodes-incorporated/S3M-13-F/725029,
D30,1,S3M-13-F,Diode_SMD:D_SMC,Diodes Inc,S3M-13-F,"Rectifier 3 A 1000 V, SMC (tie-back)",https://www.digikey.com/en/products/detail/diodes-incorporated/S3M-13-F/725029,
D31,1,S3M-13-F,Diode_SMD:D_SMC,Diodes Inc,S3M-13-F,"Rectifier 3 A 1000 V, SMC (tie-back)",https://www.digikey.com/en/products/detail/diodes-incorporated/S3M-13-F/725029,
D32,1,S3M-13-F,Diode_SMD:D_SMC,Diodes Inc,S3M-13-F,"Rectifier 3 A 1000 V, SMC (tie-back)",https://www.digikey.com/en/products/detail/diodes-incorporated/S3M-13-F/725029,
J130,1,J130 Sol 1-8 drive (playfield),Connector_Molex:Molex_KK-396_A-41791-0009_1x09_P3.96mm_Vertical,Molex,0026604090,J130 Sol 1-8 drive (playfield),https://www.digikey.com/en/products/detail/molex/0026604090/79784,
J131,1,"J131 Sol 5-8 drive (cabinet, parallel to J130; N/C on STTNG)",Connector_Molex:Molex_KK-396_A-41791-0005_1x05_P3.96mm_Vertical,Molex,0026604050,"J131 Sol 5-8 drive (cabinet, parallel to J130; N/C on STTNG)",https://www.digikey.com/en/products/result?keywords=0026604050,
J132,1,"J132 Sol 1-4 drive (backbox, parallel to J130; N/C on STTNG)",Connector_Molex:Molex_KK-396_A-41791-0005_1x05_P3.96mm_Vertical,Molex,0026604050,"J132 Sol 1-4 drive (backbox, parallel to J130; N/C on STTNG)",https://www.digikey.com/en/products/result?keywords=0026604050,
Q64,1,IPD90N10S4L06ATMA1,Package_TO_SOT_SMD:TO-252-2,Infineon,IPD90N10S4L06ATMA1,"N-MOSFET 100 V, 8.1 mOhm max at 4.5 V, DPAK G-D-S, RthJA 62 C/W minimal footprint; upgraded solenoid driver",https://www.infineon.com/part/IPD90N10S4L-06,
Q66,1,IPD90N10S4L06ATMA1,Package_TO_SOT_SMD:TO-252-2,Infineon,IPD90N10S4L06ATMA1,"N-MOSFET 100 V, 8.1 mOhm max at 4.5 V, DPAK G-D-S, RthJA 62 C/W minimal footprint; upgraded solenoid driver",https://www.infineon.com/part/IPD90N10S4L-06,
Q68,1,IPD90N10S4L06ATMA1,Package_TO_SOT_SMD:TO-252-2,Infineon,IPD90N10S4L06ATMA1,"N-MOSFET 100 V, 8.1 mOhm max at 4.5 V, DPAK G-D-S, RthJA 62 C/W minimal footprint; upgraded solenoid driver",https://www.infineon.com/part/IPD90N10S4L-06,
Q70,1,IPD90N10S4L06ATMA1,Package_TO_SOT_SMD:TO-252-2,Infineon,IPD90N10S4L06ATMA1,"N-MOSFET 100 V, 8.1 mOhm max at 4.5 V, DPAK G-D-S, RthJA 62 C/W minimal footprint; upgraded solenoid driver",https://www.infineon.com/part/IPD90N10S4L-06,
Q76,1,IPD90N10S4L06ATMA1,Package_TO_SOT_SMD:TO-252-2,Infineon,IPD90N10S4L06ATMA1,"N-MOSFET 100 V, 8.1 mOhm max at 4.5 V, DPAK G-D-S, RthJA 62 C/W minimal footprint; upgraded solenoid driver",https://www.infineon.com/part/IPD90N10S4L-06,
Q78,1,IPD90N10S4L06ATMA1,Package_TO_SOT_SMD:TO-252-2,Infineon,IPD90N10S4L06ATMA1,"N-MOSFET 100 V, 8.1 mOhm max at 4.5 V, DPAK G-D-S, RthJA 62 C/W minimal footprint; upgraded solenoid driver",https://www.infineon.com/part/IPD90N10S4L-06,
Q80,1,IPD90N10S4L06ATMA1,Package_TO_SOT_SMD:TO-252-2,Infineon,IPD90N10S4L06ATMA1,"N-MOSFET 100 V, 8.1 mOhm max at 4.5 V, DPAK G-D-S, RthJA 62 C/W minimal footprint; upgraded solenoid driver",https://www.infineon.com/part/IPD90N10S4L-06,
Q82,1,IPD90N10S4L06ATMA1,Package_TO_SOT_SMD:TO-252-2,Infineon,IPD90N10S4L06ATMA1,"N-MOSFET 100 V, 8.1 mOhm max at 4.5 V, DPAK G-D-S, RthJA 62 C/W minimal footprint; upgraded solenoid driver",https://www.infineon.com/part/IPD90N10S4L-06,
R126,1,10K,Resistor_SMD:R_0805_2012Metric,Yageo,RC0805FR-0710KL,"Resistor 10K 1% 0.125 W, 0805",https://www.digikey.com/en/products/result?keywords=RC0805FR-0710KL,
R127,1,100,Resistor_SMD:R_0805_2012Metric,Yageo,RC0805FR-07100RL,"Resistor 100R 1% 0.125 W, 0805",https://www.digikey.com/en/products/result?keywords=RC0805FR-07100RL,
R128,1,10K,Resistor_SMD:R_0805_2012Metric,Yageo,RC0805FR-0710KL,"Resistor 10K 1% 0.125 W, 0805",https://www.digikey.com/en/products/result?keywords=RC0805FR-0710KL,
R129,1,100,Resistor_SMD:R_0805_2012Metric,Yageo,RC0805FR-07100RL,"Resistor 100R 1% 0.125 W, 0805",https://www.digikey.com/en/products/result?keywords=RC0805FR-07100RL,
R130,1,10K,Resistor_SMD:R_0805_2012Metric,Yageo,RC0805FR-0710KL,"Resistor 10K 1% 0.125 W, 0805",https://www.digikey.com/en/products/result?keywords=RC0805FR-0710KL,
R131,1,100,Resistor_SMD:R_0805_2012Metric,Yageo,RC0805FR-07100RL,"Resistor 100R 1% 0.125 W, 0805",https://www.digikey.com/en/products/result?keywords=RC0805FR-07100RL,
R132,1,10K,Resistor_SMD:R_0805_2012Metric,Yageo,RC0805FR-0710KL,"Resistor 10K 1% 0.125 W, 0805",https://www.digikey.com/en/products/result?keywords=RC0805FR-0710KL,
R133,1,100,Resistor_SMD:R_0805_2012Metric,Yageo,RC0805FR-07100RL,"Resistor 100R 1% 0.125 W, 0805",https://www.digikey.com/en/products/result?keywords=RC0805FR-07100RL,
R134,1,10K,Resistor_SMD:R_0805_2012Metric,Yageo,RC0805FR-0710KL,"Resistor 10K 1% 0.125 W, 0805",https://www.digikey.com/en/products/result?keywords=RC0805FR-0710KL,
R135,1,100,Resistor_SMD:R_0805_2012Metric,Yageo,RC0805FR-07100RL,"Resistor 100R 1% 0.125 W, 0805",https://www.digikey.com/en/products/result?keywords=RC0805FR-07100RL,
R136,1,10K,Resistor_SMD:R_0805_2012Metric,Yageo,RC0805FR-0710KL,"Resistor 10K 1% 0.125 W, 0805",https://www.digikey.com/en/products/result?keywords=RC0805FR-0710KL,
R137,1,100,Resistor_SMD:R_0805_2012Metric,Yageo,RC0805FR-07100RL,"Resistor 100R 1% 0.125 W, 0805",https://www.digikey.com/en/products/result?keywords=RC0805FR-07100RL,
R138,1,10K,Resistor_SMD:R_0805_2012Metric,Yageo,RC0805FR-0710KL,"Resistor 10K 1% 0.125 W, 0805",https://www.digikey.com/en/products/result?keywords=RC0805FR-0710KL,
R139,1,100,Resistor_SMD:R_0805_2012Metric,Yageo,RC0805FR-07100RL,"Resistor 100R 1% 0.125 W, 0805",https://www.digikey.com/en/products/result?keywords=RC0805FR-07100RL,
R140,1,10K,Resistor_SMD:R_0805_2012Metric,Yageo,RC0805FR-0710KL,"Resistor 10K 1% 0.125 W, 0805",https://www.digikey.com/en/products/result?keywords=RC0805FR-0710KL,
R141,1,100,Resistor_SMD:R_0805_2012Metric,Yageo,RC0805FR-07100RL,"Resistor 100R 1% 0.125 W, 0805",https://www.digikey.com/en/products/result?keywords=RC0805FR-07100RL,
U5,1,74HCT574,Package_SO:SOIC-20W_7.5x12.8mm_P1.27mm,Nexperia,"74HCT574D,653",Solenoid 1-8 latch,https://www.digikey.com/en/products/detail/nexperia-usa-inc/74HCT574D-653/763412,
B4,1,100nF,Capacitor_SMD:C_0805_2012Metric,Samsung,CL21B104KBCNNNC,Bypass 100 nF 50 V X7R 0805,https://www.digikey.com/en/products/detail/samsung-electro-mechanics/CL21B104KBCNNNC/3886661,
D17,1,S3M-13-F,Diode_SMD:D_SMC,Diodes Inc,S3M-13-F,"Rectifier 3 A 1000 V, SMC (tie-back)",https://www.digikey.com/en/products/detail/diodes-incorporated/S3M-13-F/725029,
D18,1,S3M-13-F,Diode_SMD:D_SMC,Diodes Inc,S3M-13-F,"Rectifier 3 A 1000 V, SMC (tie-back)",https://www.digikey.com/en/products/detail/diodes-incorporated/S3M-13-F/725029,
D19,1,S3M-13-F,Diode_SMD:D_SMC,Diodes Inc,S3M-13-F,"Rectifier 3 A 1000 V, SMC (tie-back)",https://www.digikey.com/en/products/detail/diodes-incorporated/S3M-13-F/725029,
D20,1,S3M-13-F,Diode_SMD:D_SMC,Diodes Inc,S3M-13-F,"Rectifier 3 A 1000 V, SMC (tie-back)",https://www.digikey.com/en/products/detail/diodes-incorporated/S3M-13-F/725029,
D21,1,S3M-13-F,Diode_SMD:D_SMC,Diodes Inc,S3M-13-F,"Rectifier 3 A 1000 V, SMC (tie-back)",https://www.digikey.com/en/products/detail/diodes-incorporated/S3M-13-F/725029,
D22,1,S3M-13-F,Diode_SMD:D_SMC,Diodes Inc,S3M-13-F,"Rectifier 3 A 1000 V, SMC (tie-back)",https://www.digikey.com/en/products/detail/diodes-incorporated/S3M-13-F/725029,
D23,1,S3M-13-F,Diode_SMD:D_SMC,Diodes Inc,S3M-13-F,"Rectifier 3 A 1000 V, SMC (tie-back)",https://www.digikey.com/en/products/detail/diodes-incorporated/S3M-13-F/725029,
D24,1,S3M-13-F,Diode_SMD:D_SMC,Diodes Inc,S3M-13-F,"Rectifier 3 A 1000 V, SMC (tie-back)",https://www.digikey.com/en/products/detail/diodes-incorporated/S3M-13-F/725029,
J127,1,J127 Sol 9-16 drive (playfield),Connector_Molex:Molex_KK-396_A-41791-0009_1x09_P3.96mm_Vertical,Molex,0026604090,J127 Sol 9-16 drive (playfield),https://www.digikey.com/en/products/detail/molex/0026604090/79784,
J128,1,"J128 Sol 13-16 drive (cabinet, parallel to J127; N/C on STTNG)",Connector_Molex:Molex_KK-396_A-41791-0005_1x05_P3.96mm_Vertical,Molex,0026604050,"J128 Sol 13-16 drive (cabinet, parallel to J127; N/C on STTNG)",https://www.digikey.com/en/products/result?keywords=0026604050,
J129,1,"J129 Sol 9-12 drive (backbox, parallel to J127; N/C on STTNG)",Connector_Molex:Molex_KK-396_A-41791-0005_1x05_P3.96mm_Vertical,Molex,0026604050,"J129 Sol 9-12 drive (backbox, parallel to J127; N/C on STTNG)",https://www.digikey.com/en/products/result?keywords=0026604050,
Q44,1,IPD90N10S4L06ATMA1,Package_TO_SOT_SMD:TO-252-2,Infineon,IPD90N10S4L06ATMA1,"N-MOSFET 100 V, 8.1 mOhm max at 4.5 V, DPAK G-D-S, RthJA 62 C/W minimal footprint; upgraded solenoid driver",https://www.infineon.com/part/IPD90N10S4L-06,
Q46,1,IPD90N10S4L06ATMA1,Package_TO_SOT_SMD:TO-252-2,Infineon,IPD90N10S4L06ATMA1,"N-MOSFET 100 V, 8.1 mOhm max at 4.5 V, DPAK G-D-S, RthJA 62 C/W minimal footprint; upgraded solenoid driver",https://www.infineon.com/part/IPD90N10S4L-06,
Q48,1,IPD90N10S4L06ATMA1,Package_TO_SOT_SMD:TO-252-2,Infineon,IPD90N10S4L06ATMA1,"N-MOSFET 100 V, 8.1 mOhm max at 4.5 V, DPAK G-D-S, RthJA 62 C/W minimal footprint; upgraded solenoid driver",https://www.infineon.com/part/IPD90N10S4L-06,
Q50,1,IPD90N10S4L06ATMA1,Package_TO_SOT_SMD:TO-252-2,Infineon,IPD90N10S4L06ATMA1,"N-MOSFET 100 V, 8.1 mOhm max at 4.5 V, DPAK G-D-S, RthJA 62 C/W minimal footprint; upgraded solenoid driver",https://www.infineon.com/part/IPD90N10S4L-06,
Q52,1,IPD90N10S4L06ATMA1,Package_TO_SOT_SMD:TO-252-2,Infineon,IPD90N10S4L06ATMA1,"N-MOSFET 100 V, 8.1 mOhm max at 4.5 V, DPAK G-D-S, RthJA 62 C/W minimal footprint; upgraded solenoid driver",https://www.infineon.com/part/IPD90N10S4L-06,
Q54,1,IPD90N10S4L06ATMA1,Package_TO_SOT_SMD:TO-252-2,Infineon,IPD90N10S4L06ATMA1,"N-MOSFET 100 V, 8.1 mOhm max at 4.5 V, DPAK G-D-S, RthJA 62 C/W minimal footprint; upgraded solenoid driver",https://www.infineon.com/part/IPD90N10S4L-06,
Q56,1,IPD90N10S4L06ATMA1,Package_TO_SOT_SMD:TO-252-2,Infineon,IPD90N10S4L06ATMA1,"N-MOSFET 100 V, 8.1 mOhm max at 4.5 V, DPAK G-D-S, RthJA 62 C/W minimal footprint; upgraded solenoid driver",https://www.infineon.com/part/IPD90N10S4L-06,
Q58,1,IPD90N10S4L06ATMA1,Package_TO_SOT_SMD:TO-252-2,Infineon,IPD90N10S4L06ATMA1,"N-MOSFET 100 V, 8.1 mOhm max at 4.5 V, DPAK G-D-S, RthJA 62 C/W minimal footprint; upgraded solenoid driver",https://www.infineon.com/part/IPD90N10S4L-06,
R70,1,100,Resistor_SMD:R_0805_2012Metric,Yageo,RC0805FR-07100RL,"Resistor 100R 1% 0.125 W, 0805",https://www.digikey.com/en/products/result?keywords=RC0805FR-07100RL,
R71,1,10K,Resistor_SMD:R_0805_2012Metric,Yageo,RC0805FR-0710KL,"Resistor 10K 1% 0.125 W, 0805",https://www.digikey.com/en/products/result?keywords=RC0805FR-0710KL,
R74,1,100,Resistor_SMD:R_0805_2012Metric,Yageo,RC0805FR-07100RL,"Resistor 100R 1% 0.125 W, 0805",https://www.digikey.com/en/products/result?keywords=RC0805FR-07100RL,
R75,1,10K,Resistor_SMD:R_0805_2012Metric,Yageo,RC0805FR-0710KL,"Resistor 10K 1% 0.125 W, 0805",https://www.digikey.com/en/products/result?keywords=RC0805FR-0710KL,
R78,1,100,Resistor_SMD:R_0805_2012Metric,Yageo,RC0805FR-07100RL,"Resistor 100R 1% 0.125 W, 0805",https://www.digikey.com/en/products/result?keywords=RC0805FR-07100RL,
R79,1,10K,Resistor_SMD:R_0805_2012Metric,Yageo,RC0805FR-0710KL,"Resistor 10K 1% 0.125 W, 0805",https://www.digikey.com/en/products/result?keywords=RC0805FR-0710KL,
R82,1,100,Resistor_SMD:R_0805_2012Metric,Yageo,RC0805FR-07100RL,"Resistor 100R 1% 0.125 W, 0805",https://www.digikey.com/en/products/result?keywords=RC0805FR-07100RL,
R83,1,10K,Resistor_SMD:R_0805_2012Metric,Yageo,RC0805FR-0710KL,"Resistor 10K 1% 0.125 W, 0805",https://www.digikey.com/en/products/result?keywords=RC0805FR-0710KL,
R86,1,100,Resistor_SMD:R_0805_2012Metric,Yageo,RC0805FR-07100RL,"Resistor 100R 1% 0.125 W, 0805",https://www.digikey.com/en/products/result?keywords=RC0805FR-07100RL,
R87,1,10K,Resistor_SMD:R_0805_2012Metric,Yageo,RC0805FR-0710KL,"Resistor 10K 1% 0.125 W, 0805",https://www.digikey.com/en/products/result?keywords=RC0805FR-0710KL,
R90,1,100,Resistor_SMD:R_0805_2012Metric,Yageo,RC0805FR-07100RL,"Resistor 100R 1% 0.125 W, 0805",https://www.digikey.com/en/products/result?keywords=RC0805FR-07100RL,
R91,1,10K,Resistor_SMD:R_0805_2012Metric,Yageo,RC0805FR-0710KL,"Resistor 10K 1% 0.125 W, 0805",https://www.digikey.com/en/products/result?keywords=RC0805FR-0710KL,
R94,1,100,Resistor_SMD:R_0805_2012Metric,Yageo,RC0805FR-07100RL,"Resistor 100R 1% 0.125 W, 0805",https://www.digikey.com/en/products/result?keywords=RC0805FR-07100RL,
R95,1,10K,Resistor_SMD:R_0805_2012Metric,Yageo,RC0805FR-0710KL,"Resistor 10K 1% 0.125 W, 0805",https://www.digikey.com/en/products/result?keywords=RC0805FR-0710KL,
R98,1,100,Resistor_SMD:R_0805_2012Metric,Yageo,RC0805FR-07100RL,"Resistor 100R 1% 0.125 W, 0805",https://www.digikey.com/en/products/result?keywords=RC0805FR-07100RL,
R99,1,10K,Resistor_SMD:R_0805_2012Metric,Yageo,RC0805FR-0710KL,"Resistor 10K 1% 0.125 W, 0805",https://www.digikey.com/en/products/result?keywords=RC0805FR-0710KL,
U4,1,74HCT574,Package_SO:SOIC-20W_7.5x12.8mm_P1.27mm,Nexperia,"74HCT574D,653",Solenoid 9-16 latch,https://www.digikey.com/en/products/detail/nexperia-usa-inc/74HCT574D-653/763412,
B3,1,100nF,Capacitor_SMD:C_0805_2012Metric,Samsung,CL21B104KBCNNNC,Bypass 100 nF 50 V X7R 0805,https://www.digikey.com/en/products/detail/samsung-electro-mechanics/CL21B104KBCNNNC/3886661,
D1,1,S1M-13-F,Diode_SMD:D_SMA,Diodes Inc,S1M-13-F,"Rectifier 1 A 1000 V, SMA (tie-back)",https://www.digikey.com/en/products/detail/diodes-incorporated/S1M-13-F/804909,
D2,1,S1M-13-F,Diode_SMD:D_SMA,Diodes Inc,S1M-13-F,"Rectifier 1 A 1000 V, SMA (tie-back)",https://www.digikey.com/en/products/detail/diodes-incorporated/S1M-13-F/804909,
D3,1,S1M-13-F,Diode_SMD:D_SMA,Diodes Inc,S1M-13-F,"Rectifier 1 A 1000 V, SMA (tie-back)",https://www.digikey.com/en/products/detail/diodes-incorporated/S1M-13-F/804909,
D9,1,S1M-13-F,Diode_SMD:D_SMA,Diodes Inc,S1M-13-F,"Rectifier 1 A 1000 V, SMA (tie-back)",https://www.digikey.com/en/products/detail/diodes-incorporated/S1M-13-F/804909,
D10,1,S1M-13-F,Diode_SMD:D_SMA,Diodes Inc,S1M-13-F,"Rectifier 1 A 1000 V, SMA (tie-back)",https://www.digikey.com/en/products/detail/diodes-incorporated/S1M-13-F/804909,
D11,1,S1M-13-F,Diode_SMD:D_SMA,Diodes Inc,S1M-13-F,"Rectifier 1 A 1000 V, SMA (tie-back)",https://www.digikey.com/en/products/detail/diodes-incorporated/S1M-13-F/804909,
D12,1,S1M-13-F,Diode_SMD:D_SMA,Diodes Inc,S1M-13-F,"Rectifier 1 A 1000 V, SMA (tie-back)",https://www.digikey.com/en/products/detail/diodes-incorporated/S1M-13-F/804909,
D38,1,S1M-13-F,Diode_SMD:D_SMA,Diodes Inc,S1M-13-F,"Rectifier 1 A 1000 V, SMA (tie-back)",https://www.digikey.com/en/products/detail/diodes-incorporated/S1M-13-F/804909,
J125,1,J125 Sol 17-24 drive (backbox flashers),Connector_Molex:Molex_KK-396_A-41791-0009_1x09_P3.96mm_Vertical,Molex,0026604090,J125 Sol 17-24 drive (backbox flashers),https://www.digikey.com/en/products/detail/molex/0026604090/79784,
J126,1,J126 Sol 17-24 drive (playfield flashers) + tie-back cathodes of sol 21-24 on pins 10-13 (A-12697 D9-D12; N/C on STTNG),Connector_Molex:Molex_KK-396_A-41791-0013_1x13_P3.96mm_Vertical,Molex,0026604130,J126 Sol 17-24 drive (playfield flashers) + tie-back cathodes of sol 21-24 on pins 10-13 (A-12697 D9-D12; N/C on STTNG),https://www.digikey.com/en/products/result?keywords=0026604130,
Q28,1,IPD90N10S4L06ATMA1,Package_TO_SOT_SMD:TO-252-2,Infineon,IPD90N10S4L06ATMA1,"N-MOSFET 100 V, 8.1 mOhm max at 4.5 V, DPAK G-D-S, RthJA 62 C/W minimal footprint; upgraded solenoid driver",https://www.infineon.com/part/IPD90N10S4L-06,
Q30,1,IPD90N10S4L06ATMA1,Package_TO_SOT_SMD:TO-252-2,Infineon,IPD90N10S4L06ATMA1,"N-MOSFET 100 V, 8.1 mOhm max at 4.5 V, DPAK G-D-S, RthJA 62 C/W minimal footprint; upgraded solenoid driver",https://www.infineon.com/part/IPD90N10S4L-06,
Q32,1,IPD90N10S4L06ATMA1,Package_TO_SOT_SMD:TO-252-2,Infineon,IPD90N10S4L06ATMA1,"N-MOSFET 100 V, 8.1 mOhm max at 4.5 V, DPAK G-D-S, RthJA 62 C/W minimal footprint; upgraded solenoid driver",https://www.infineon.com/part/IPD90N10S4L-06,
Q34,1,IPD90N10S4L06ATMA1,Package_TO_SOT_SMD:TO-252-2,Infineon,IPD90N10S4L06ATMA1,"N-MOSFET 100 V, 8.1 mOhm max at 4.5 V, DPAK G-D-S, RthJA 62 C/W minimal footprint; upgraded solenoid driver",https://www.infineon.com/part/IPD90N10S4L-06,
Q36,1,IPD90N10S4L06ATMA1,Package_TO_SOT_SMD:TO-252-2,Infineon,IPD90N10S4L06ATMA1,"N-MOSFET 100 V, 8.1 mOhm max at 4.5 V, DPAK G-D-S, RthJA 62 C/W minimal footprint; upgraded solenoid driver",https://www.infineon.com/part/IPD90N10S4L-06,
Q38,1,IPD90N10S4L06ATMA1,Package_TO_SOT_SMD:TO-252-2,Infineon,IPD90N10S4L06ATMA1,"N-MOSFET 100 V, 8.1 mOhm max at 4.5 V, DPAK G-D-S, RthJA 62 C/W minimal footprint; upgraded solenoid driver",https://www.infineon.com/part/IPD90N10S4L-06,
Q40,1,IPD90N10S4L06ATMA1,Package_TO_SOT_SMD:TO-252-2,Infineon,IPD90N10S4L06ATMA1,"N-MOSFET 100 V, 8.1 mOhm max at 4.5 V, DPAK G-D-S, RthJA 62 C/W minimal footprint; upgraded solenoid driver",https://www.infineon.com/part/IPD90N10S4L-06,
Q42,1,IPD90N10S4L06ATMA1,Package_TO_SOT_SMD:TO-252-2,Infineon,IPD90N10S4L06ATMA1,"N-MOSFET 100 V, 8.1 mOhm max at 4.5 V, DPAK G-D-S, RthJA 62 C/W minimal footprint; upgraded solenoid driver",https://www.infineon.com/part/IPD90N10S4L-06,
R38,1,100,Resistor_SMD:R_0805_2012Metric,Yageo,RC0805FR-07100RL,"Resistor 100R 1% 0.125 W, 0805",https://www.digikey.com/en/products/result?keywords=RC0805FR-07100RL,
R39,1,10K,Resistor_SMD:R_0805_2012Metric,Yageo,RC0805FR-0710KL,"Resistor 10K 1% 0.125 W, 0805",https://www.digikey.com/en/products/result?keywords=RC0805FR-0710KL,
R42,1,100,Resistor_SMD:R_0805_2012Metric,Yageo,RC0805FR-07100RL,"Resistor 100R 1% 0.125 W, 0805",https://www.digikey.com/en/products/result?keywords=RC0805FR-07100RL,
R43,1,10K,Resistor_SMD:R_0805_2012Metric,Yageo,RC0805FR-0710KL,"Resistor 10K 1% 0.125 W, 0805",https://www.digikey.com/en/products/result?keywords=RC0805FR-0710KL,
R46,1,100,Resistor_SMD:R_0805_2012Metric,Yageo,RC0805FR-07100RL,"Resistor 100R 1% 0.125 W, 0805",https://www.digikey.com/en/products/result?keywords=RC0805FR-07100RL,
R47,1,10K,Resistor_SMD:R_0805_2012Metric,Yageo,RC0805FR-0710KL,"Resistor 10K 1% 0.125 W, 0805",https://www.digikey.com/en/products/result?keywords=RC0805FR-0710KL,
R50,1,100,Resistor_SMD:R_0805_2012Metric,Yageo,RC0805FR-07100RL,"Resistor 100R 1% 0.125 W, 0805",https://www.digikey.com/en/products/result?keywords=RC0805FR-07100RL,
R51,1,10K,Resistor_SMD:R_0805_2012Metric,Yageo,RC0805FR-0710KL,"Resistor 10K 1% 0.125 W, 0805",https://www.digikey.com/en/products/result?keywords=RC0805FR-0710KL,
R54,1,100,Resistor_SMD:R_0805_2012Metric,Yageo,RC0805FR-07100RL,"Resistor 100R 1% 0.125 W, 0805",https://www.digikey.com/en/products/result?keywords=RC0805FR-07100RL,
R55,1,10K,Resistor_SMD:R_0805_2012Metric,Yageo,RC0805FR-0710KL,"Resistor 10K 1% 0.125 W, 0805",https://www.digikey.com/en/products/result?keywords=RC0805FR-0710KL,
R58,1,100,Resistor_SMD:R_0805_2012Metric,Yageo,RC0805FR-07100RL,"Resistor 100R 1% 0.125 W, 0805",https://www.digikey.com/en/products/result?keywords=RC0805FR-07100RL,
R59,1,10K,Resistor_SMD:R_0805_2012Metric,Yageo,RC0805FR-0710KL,"Resistor 10K 1% 0.125 W, 0805",https://www.digikey.com/en/products/result?keywords=RC0805FR-0710KL,
R62,1,100,Resistor_SMD:R_0805_2012Metric,Yageo,RC0805FR-07100RL,"Resistor 100R 1% 0.125 W, 0805",https://www.digikey.com/en/products/result?keywords=RC0805FR-07100RL,
R63,1,10K,Resistor_SMD:R_0805_2012Metric,Yageo,RC0805FR-0710KL,"Resistor 10K 1% 0.125 W, 0805",https://www.digikey.com/en/products/result?keywords=RC0805FR-0710KL,
R66,1,100,Resistor_SMD:R_0805_2012Metric,Yageo,RC0805FR-07100RL,"Resistor 100R 1% 0.125 W, 0805",https://www.digikey.com/en/products/result?keywords=RC0805FR-07100RL,
R67,1,10K,Resistor_SMD:R_0805_2012Metric,Yageo,RC0805FR-0710KL,"Resistor 10K 1% 0.125 W, 0805",https://www.digikey.com/en/products/result?keywords=RC0805FR-0710KL,
U3,1,74HCT574,Package_SO:SOIC-20W_7.5x12.8mm_P1.27mm,Nexperia,"74HCT574D,653",Solenoid 17-24 latch,https://www.digikey.com/en/products/detail/nexperia-usa-inc/74HCT574D-653/763412,
B2,1,100nF,Capacitor_SMD:C_0805_2012Metric,Samsung,CL21B104KBCNNNC,Bypass 100 nF 50 V X7R 0805,https://www.digikey.com/en/products/detail/samsung-electro-mechanics/CL21B104KBCNNNC/3886661,
D5,1,S3M-13-F,Diode_SMD:D_SMC,Diodes Inc,S3M-13-F,"Rectifier 3 A 1000 V, SMC (tie-back)",https://www.digikey.com/en/products/detail/diodes-incorporated/S3M-13-F/725029,
D6,1,S3M-13-F,Diode_SMD:D_SMC,Diodes Inc,S3M-13-F,"Rectifier 3 A 1000 V, SMC (tie-back)",https://www.digikey.com/en/products/detail/diodes-incorporated/S3M-13-F/725029,
D7,1,S3M-13-F,Diode_SMD:D_SMC,Diodes Inc,S3M-13-F,"Rectifier 3 A 1000 V, SMC (tie-back)",https://www.digikey.com/en/products/detail/diodes-incorporated/S3M-13-F/725029,
D8,1,S3M-13-F,Diode_SMD:D_SMC,Diodes Inc,S3M-13-F,"Rectifier 3 A 1000 V, SMC (tie-back)",https://www.digikey.com/en/products/detail/diodes-incorporated/S3M-13-F/725029,
J122,1,J122 Sol 25-28 drive + tie-back (playfield),Connector_Molex:Molex_KK-396_A-41791-0009_1x09_P3.96mm_Vertical,Molex,0026604090,J122 Sol 25-28 drive + tie-back (playfield),https://www.digikey.com/en/products/detail/molex/0026604090/79784,
J123,1,"J123 Sol 25-28 drive (backbox, parallel to J122/J124; N/C on STTNG)",Connector_Molex:Molex_KK-396_A-41791-0005_1x05_P3.96mm_Vertical,Molex,0026604050,"J123 Sol 25-28 drive (backbox, parallel to J122/J124; N/C on STTNG)",https://www.digikey.com/en/products/result?keywords=0026604050,
J124,1,J124 Sol 25-28 drive (backbox),Connector_Molex:Molex_KK-396_A-41791-0005_1x05_P3.96mm_Vertical,Molex,0026604050,J124 Sol 25-28 drive (backbox),https://www.digikey.com/en/products/result?keywords=0026604050,
Q20,1,IPD90N10S4L06ATMA1,Package_TO_SOT_SMD:TO-252-2,Infineon,IPD90N10S4L06ATMA1,"N-MOSFET 100 V, 8.1 mOhm max at 4.5 V, DPAK G-D-S, RthJA 62 C/W minimal footprint; upgraded solenoid driver",https://www.infineon.com/part/IPD90N10S4L-06,
Q22,1,IPD90N10S4L06ATMA1,Package_TO_SOT_SMD:TO-252-2,Infineon,IPD90N10S4L06ATMA1,"N-MOSFET 100 V, 8.1 mOhm max at 4.5 V, DPAK G-D-S, RthJA 62 C/W minimal footprint; upgraded solenoid driver",https://www.infineon.com/part/IPD90N10S4L-06,
Q24,1,IPD90N10S4L06ATMA1,Package_TO_SOT_SMD:TO-252-2,Infineon,IPD90N10S4L06ATMA1,"N-MOSFET 100 V, 8.1 mOhm max at 4.5 V, DPAK G-D-S, RthJA 62 C/W minimal footprint; upgraded solenoid driver",https://www.infineon.com/part/IPD90N10S4L-06,
Q26,1,IPD90N10S4L06ATMA1,Package_TO_SOT_SMD:TO-252-2,Infineon,IPD90N10S4L06ATMA1,"N-MOSFET 100 V, 8.1 mOhm max at 4.5 V, DPAK G-D-S, RthJA 62 C/W minimal footprint; upgraded solenoid driver",https://www.infineon.com/part/IPD90N10S4L-06,
R22,1,100,Resistor_SMD:R_0805_2012Metric,Yageo,RC0805FR-07100RL,"Resistor 100R 1% 0.125 W, 0805",https://www.digikey.com/en/products/result?keywords=RC0805FR-07100RL,
R23,1,10K,Resistor_SMD:R_0805_2012Metric,Yageo,RC0805FR-0710KL,"Resistor 10K 1% 0.125 W, 0805",https://www.digikey.com/en/products/result?keywords=RC0805FR-0710KL,
R26,1,100,Resistor_SMD:R_0805_2012Metric,Yageo,RC0805FR-07100RL,"Resistor 100R 1% 0.125 W, 0805",https://www.digikey.com/en/products/result?keywords=RC0805FR-07100RL,
R27,1,10K,Resistor_SMD:R_0805_2012Metric,Yageo,RC0805FR-0710KL,"Resistor 10K 1% 0.125 W, 0805",https://www.digikey.com/en/products/result?keywords=RC0805FR-0710KL,
R30,1,100,Resistor_SMD:R_0805_2012Metric,Yageo,RC0805FR-07100RL,"Resistor 100R 1% 0.125 W, 0805",https://www.digikey.com/en/products/result?keywords=RC0805FR-07100RL,
R31,1,10K,Resistor_SMD:R_0805_2012Metric,Yageo,RC0805FR-0710KL,"Resistor 10K 1% 0.125 W, 0805",https://www.digikey.com/en/products/result?keywords=RC0805FR-0710KL,
R34,1,100,Resistor_SMD:R_0805_2012Metric,Yageo,RC0805FR-07100RL,"Resistor 100R 1% 0.125 W, 0805",https://www.digikey.com/en/products/result?keywords=RC0805FR-07100RL,
R35,1,10K,Resistor_SMD:R_0805_2012Metric,Yageo,RC0805FR-0710KL,"Resistor 10K 1% 0.125 W, 0805",https://www.digikey.com/en/products/result?keywords=RC0805FR-0710KL,
U2,1,74HCT574,Package_SO:SOIC-20W_7.5x12.8mm_P1.27mm,Nexperia,"74HCT574D,653",Solenoid 25-28 latch,https://www.digikey.com/en/products/detail/nexperia-usa-inc/74HCT574D-653/763412,
B18,1,100nF,Capacitor_SMD:C_0805_2012Metric,Samsung,CL21B104KBCNNNC,Bypass 100 nF 50 V X7R 0805,https://www.digikey.com/en/products/detail/samsung-electro-mechanics/CL21B104KBCNNNC/3886661,
B19,1,100nF,Capacitor_SMD:C_0805_2012Metric,Samsung,CL21B104KBCNNNC,Bypass 100 nF 50 V X7R 0805,https://www.digikey.com/en/products/detail/samsung-electro-mechanics/CL21B104KBCNNNC/3886661,
J136,1,J136 lamp column 8 (cabinet),Connector_Molex:Molex_KK-396_A-41791-0003_1x03_P3.96mm_Vertical,Molex,0026604030,J136 lamp column 8 (cabinet),https://www.digikey.com/en/products/result?keywords=0026604030,
J137,1,J137 lamp columns (playfield),Connector_Molex:Molex_KK-396_A-41791-0009_1x09_P3.96mm_Vertical,Molex,0026604090,J137 lamp columns (playfield),https://www.digikey.com/en/products/detail/molex/0026604090/79784,
J138,1,J138 lamp columns (backbox),Connector_Molex:Molex_KK-396_A-41791-0009_1x09_P3.96mm_Vertical,Molex,0026604090,J138 lamp columns (backbox),https://www.digikey.com/en/products/detail/molex/0026604090/79784,
Q91,1,IRFR5305TRPBF,Package_TO_SOT_SMD:TO-252-2,Infineon,IRFR5305TRPBF,"P-MOSFET -55 V -31 A 65 mOhm @-10 V, DPAK (TO-252)",https://www.digikey.com/en/products/detail/infineon-technologies/IRFR5305TRPBF/811407,
Q92,1,IRFR5305TRPBF,Package_TO_SOT_SMD:TO-252-2,Infineon,IRFR5305TRPBF,"P-MOSFET -55 V -31 A 65 mOhm @-10 V, DPAK (TO-252)",https://www.digikey.com/en/products/detail/infineon-technologies/IRFR5305TRPBF/811407,
Q93,1,IRFR5305TRPBF,Package_TO_SOT_SMD:TO-252-2,Infineon,IRFR5305TRPBF,"P-MOSFET -55 V -31 A 65 mOhm @-10 V, DPAK (TO-252)",https://www.digikey.com/en/products/detail/infineon-technologies/IRFR5305TRPBF/811407,
Q94,1,IRFR5305TRPBF,Package_TO_SOT_SMD:TO-252-2,Infineon,IRFR5305TRPBF,"P-MOSFET -55 V -31 A 65 mOhm @-10 V, DPAK (TO-252)",https://www.digikey.com/en/products/detail/infineon-technologies/IRFR5305TRPBF/811407,
Q95,1,IRFR5305TRPBF,Package_TO_SOT_SMD:TO-252-2,Infineon,IRFR5305TRPBF,"P-MOSFET -55 V -31 A 65 mOhm @-10 V, DPAK (TO-252)",https://www.digikey.com/en/products/detail/infineon-technologies/IRFR5305TRPBF/811407,
Q96,1,IRFR5305TRPBF,Package_TO_SOT_SMD:TO-252-2,Infineon,IRFR5305TRPBF,"P-MOSFET -55 V -31 A 65 mOhm @-10 V, DPAK (TO-252)",https://www.digikey.com/en/products/detail/infineon-technologies/IRFR5305TRPBF/811407,
Q97,1,IRFR5305TRPBF,Package_TO_SOT_SMD:TO-252-2,Infineon,IRFR5305TRPBF,"P-MOSFET -55 V -31 A 65 mOhm @-10 V, DPAK (TO-252)",https://www.digikey.com/en/products/detail/infineon-technologies/IRFR5305TRPBF/811407,
Q98,1,IRFR5305TRPBF,Package_TO_SOT_SMD:TO-252-2,Infineon,IRFR5305TRPBF,"P-MOSFET -55 V -31 A 65 mOhm @-10 V, DPAK (TO-252)",https://www.digikey.com/en/products/detail/infineon-technologies/IRFR5305TRPBF/811407,
R176,1,1.5K,Resistor_SMD:R_0805_2012Metric,Yageo,RC0805FR-071K5L,"Resistor 1K5 1% 0.125 W, 0805",https://www.digikey.com/en/products/result?keywords=RC0805FR-071K5L,
R177,1,1K,Resistor_SMD:R_0805_2012Metric,Yageo,RC0805FR-071KL,"Resistor 1K 1% 0.125 W, 0805",https://www.digikey.com/en/products/result?keywords=RC0805FR-071KL,
R178,1,1.5K,Resistor_SMD:R_0805_2012Metric,Yageo,RC0805FR-071K5L,"Resistor 1K5 1% 0.125 W, 0805",https://www.digikey.com/en/products/result?keywords=RC0805FR-071K5L,
R179,1,1K,Resistor_SMD:R_0805_2012Metric,Yageo,RC0805FR-071KL,"Resistor 1K 1% 0.125 W, 0805",https://www.digikey.com/en/products/result?keywords=RC0805FR-071KL,
R180,1,1.5K,Resistor_SMD:R_0805_2012Metric,Yageo,RC0805FR-071K5L,"Resistor 1K5 1% 0.125 W, 0805",https://www.digikey.com/en/products/result?keywords=RC0805FR-071K5L,
R181,1,1K,Resistor_SMD:R_0805_2012Metric,Yageo,RC0805FR-071KL,"Resistor 1K 1% 0.125 W, 0805",https://www.digikey.com/en/products/result?keywords=RC0805FR-071KL,
R182,1,1.5K,Resistor_SMD:R_0805_2012Metric,Yageo,RC0805FR-071K5L,"Resistor 1K5 1% 0.125 W, 0805",https://www.digikey.com/en/products/result?keywords=RC0805FR-071K5L,
R183,1,1K,Resistor_SMD:R_0805_2012Metric,Yageo,RC0805FR-071KL,"Resistor 1K 1% 0.125 W, 0805",https://www.digikey.com/en/products/result?keywords=RC0805FR-071KL,
R184,1,1.5K,Resistor_SMD:R_0805_2012Metric,Yageo,RC0805FR-071K5L,"Resistor 1K5 1% 0.125 W, 0805",https://www.digikey.com/en/products/result?keywords=RC0805FR-071K5L,
R185,1,1K,Resistor_SMD:R_0805_2012Metric,Yageo,RC0805FR-071KL,"Resistor 1K 1% 0.125 W, 0805",https://www.digikey.com/en/products/result?keywords=RC0805FR-071KL,
R186,1,1.5K,Resistor_SMD:R_0805_2012Metric,Yageo,RC0805FR-071K5L,"Resistor 1K5 1% 0.125 W, 0805",https://www.digikey.com/en/products/result?keywords=RC0805FR-071K5L,
R187,1,1K,Resistor_SMD:R_0805_2012Metric,Yageo,RC0805FR-071KL,"Resistor 1K 1% 0.125 W, 0805",https://www.digikey.com/en/products/result?keywords=RC0805FR-071KL,
R188,1,1.5K,Resistor_SMD:R_0805_2012Metric,Yageo,RC0805FR-071K5L,"Resistor 1K5 1% 0.125 W, 0805",https://www.digikey.com/en/products/result?keywords=RC0805FR-071K5L,
R189,1,1K,Resistor_SMD:R_0805_2012Metric,Yageo,RC0805FR-071KL,"Resistor 1K 1% 0.125 W, 0805",https://www.digikey.com/en/products/result?keywords=RC0805FR-071KL,
R190,1,1.5K,Resistor_SMD:R_0805_2012Metric,Yageo,RC0805FR-071K5L,"Resistor 1K5 1% 0.125 W, 0805",https://www.digikey.com/en/products/result?keywords=RC0805FR-071K5L,
R191,1,1K,Resistor_SMD:R_0805_2012Metric,Yageo,RC0805FR-071KL,"Resistor 1K 1% 0.125 W, 0805",https://www.digikey.com/en/products/result?keywords=RC0805FR-071KL,
U18,1,74HCT574,Package_SO:SOIC-20W_7.5x12.8mm_P1.27mm,Nexperia,"74HCT574D,653",Lamp column latch,https://www.digikey.com/en/products/detail/nexperia-usa-inc/74HCT574D-653/763412,
U19,1,TBD62083AFWG,Package_SO:SOIC-18W_7.5x11.6mm_P1.27mm,Toshiba,"TBD62083AFWG,EL","8-ch DMOS sink driver (ULN2803 pin-compatible), SOIC-18W",https://www.digikey.com/en/products/detail/toshiba-semiconductor-and-storage/TBD62083AFWG-EL/5514124,
B10,1,100nF,Capacitor_SMD:C_0805_2012Metric,Samsung,CL21B104KBCNNNC,Bypass 100 nF 50 V X7R 0805,https://www.digikey.com/en/products/detail/samsung-electro-mechanics/CL21B104KBCNNNC/3886661,
B11,1,100nF,Capacitor_SMD:C_0805_2012Metric,Samsung,CL21B104KBCNNNC,Bypass 100 nF 50 V X7R 0805,https://www.digikey.com/en/products/detail/samsung-electro-mechanics/CL21B104KBCNNNC/3886661,
B12,1,100nF,Capacitor_SMD:C_0805_2012Metric,Samsung,CL21B104KBCNNNC,Bypass 100 nF 50 V X7R 0805,https://www.digikey.com/en/products/detail/samsung-electro-mechanics/CL21B104KBCNNNC/3886661,
B13,1,100nF,Capacitor_SMD:C_0805_2012Metric,Samsung,CL21B104KBCNNNC,Bypass 100 nF 50 V X7R 0805,https://www.digikey.com/en/products/detail/samsung-electro-mechanics/CL21B104KBCNNNC/3886661,
B15,1,100nF,Capacitor_SMD:C_0805_2012Metric,Samsung,CL21B104KBCNNNC,Bypass 100 nF 50 V X7R 0805,https://www.digikey.com/en/products/detail/samsung-electro-mechanics/CL21B104KBCNNNC/3886661,
B16,1,100nF,Capacitor_SMD:C_0805_2012Metric,Samsung,CL21B104KBCNNNC,Bypass 100 nF 50 V X7R 0805,https://www.digikey.com/en/products/detail/samsung-electro-mechanics/CL21B104KBCNNNC/3886661,
C13,1,100nF,Capacitor_SMD:C_0805_2012Metric,Samsung,CL21B104KBCNNNC,"Capacitor 100 nF 50 V X7R, 0805",https://www.digikey.com/en/products/detail/samsung-electro-mechanics/CL21B104KBCNNNC/3886661,
C14,1,100nF,Capacitor_SMD:C_0805_2012Metric,Samsung,CL21B104KBCNNNC,"Capacitor 100 nF 50 V X7R, 0805",https://www.digikey.com/en/products/detail/samsung-electro-mechanics/CL21B104KBCNNNC/3886661,
C15,1,100nF,Capacitor_SMD:C_0805_2012Metric,Samsung,CL21B104KBCNNNC,"Capacitor 100 nF 50 V X7R, 0805",https://www.digikey.com/en/products/detail/samsung-electro-mechanics/CL21B104KBCNNNC/3886661,
C16,1,100nF,Capacitor_SMD:C_0805_2012Metric,Samsung,CL21B104KBCNNNC,"Capacitor 100 nF 50 V X7R, 0805",https://www.digikey.com/en/products/detail/samsung-electro-mechanics/CL21B104KBCNNNC/3886661,
C17,1,100nF,Capacitor_SMD:C_0805_2012Metric,Samsung,CL21B104KBCNNNC,"Capacitor 100 nF 50 V X7R, 0805",https://www.digikey.com/en/products/detail/samsung-electro-mechanics/CL21B104KBCNNNC/3886661,
C18,1,100nF,Capacitor_SMD:C_0805_2012Metric,Samsung,CL21B104KBCNNNC,"Capacitor 100 nF 50 V X7R, 0805",https://www.digikey.com/en/products/detail/samsung-electro-mechanics/CL21B104KBCNNNC/3886661,
C19,1,100nF,Capacitor_SMD:C_0805_2012Metric,Samsung,CL21B104KBCNNNC,"Capacitor 100 nF 50 V X7R, 0805",https://www.digikey.com/en/products/detail/samsung-electro-mechanics/CL21B104KBCNNNC/3886661,
C20,1,100nF,Capacitor_SMD:C_0805_2012Metric,Samsung,CL21B104KBCNNNC,"Capacitor 100 nF 50 V X7R, 0805",https://www.digikey.com/en/products/detail/samsung-electro-mechanics/CL21B104KBCNNNC/3886661,
C31,1,100nF,Capacitor_SMD:C_0805_2012Metric,Samsung,CL21B104KBCNNNC,"Capacitor 100 nF 50 V X7R, 0805",https://www.digikey.com/en/products/detail/samsung-electro-mechanics/CL21B104KBCNNNC/3886661,
D33,1,1N4148W,Diode_SMD:D_SOD-123,Diodes Inc,1N4148W-7-F,"Small-signal diode 75 V 150 mA, SOD-123",https://www.digikey.com/en/products/result?keywords=1N4148W-7-F,
D34,1,1N4148W,Diode_SMD:D_SOD-123,Diodes Inc,1N4148W-7-F,"Small-signal diode 75 V 150 mA, SOD-123",https://www.digikey.com/en/products/result?keywords=1N4148W-7-F,
J133,1,J133 lamp rows (cabinet),Connector_Molex:Molex_KK-254_AE-6410-09A_1x09_P2.54mm_Vertical,Molex,0022232091,J133 lamp rows (cabinet),https://www.digikey.com/en/products/result?keywords=0022232091,
J134,1,J134 lamp rows (spare),Connector_Molex:Molex_KK-254_AE-6410-09A_1x09_P2.54mm_Vertical,Molex,0022232091,J134 lamp rows (spare),https://www.digikey.com/en/products/result?keywords=0022232091,
J135,1,J135 lamp rows (playfield),Connector_Molex:Molex_KK-254_AE-6410-09A_1x09_P2.54mm_Vertical,Molex,0022232091,J135 lamp rows (playfield),https://www.digikey.com/en/products/result?keywords=0022232091,
Q83,1,IRLR024NTRPBF,Package_TO_SOT_SMD:TO-252-2,Infineon,IRLR024NTRPBF,"N-MOSFET 55 V 17 A 65 mOhm @10 V / 40 mOhm @4.5 V logic-level, DPAK (TO-252)",https://www.digikey.com/en/products/detail/infineon-technologies/IRLR024NTRPBF/812549,
Q84,1,IRLR024NTRPBF,Package_TO_SOT_SMD:TO-252-2,Infineon,IRLR024NTRPBF,"N-MOSFET 55 V 17 A 65 mOhm @10 V / 40 mOhm @4.5 V logic-level, DPAK (TO-252)",https://www.digikey.com/en/products/detail/infineon-technologies/IRLR024NTRPBF/812549,
Q85,1,IRLR024NTRPBF,Package_TO_SOT_SMD:TO-252-2,Infineon,IRLR024NTRPBF,"N-MOSFET 55 V 17 A 65 mOhm @10 V / 40 mOhm @4.5 V logic-level, DPAK (TO-252)",https://www.digikey.com/en/products/detail/infineon-technologies/IRLR024NTRPBF/812549,
Q86,1,IRLR024NTRPBF,Package_TO_SOT_SMD:TO-252-2,Infineon,IRLR024NTRPBF,"N-MOSFET 55 V 17 A 65 mOhm @10 V / 40 mOhm @4.5 V logic-level, DPAK (TO-252)",https://www.digikey.com/en/products/detail/infineon-technologies/IRLR024NTRPBF/812549,
Q87,1,IRLR024NTRPBF,Package_TO_SOT_SMD:TO-252-2,Infineon,IRLR024NTRPBF,"N-MOSFET 55 V 17 A 65 mOhm @10 V / 40 mOhm @4.5 V logic-level, DPAK (TO-252)",https://www.digikey.com/en/products/detail/infineon-technologies/IRLR024NTRPBF/812549,
Q88,1,IRLR024NTRPBF,Package_TO_SOT_SMD:TO-252-2,Infineon,IRLR024NTRPBF,"N-MOSFET 55 V 17 A 65 mOhm @10 V / 40 mOhm @4.5 V logic-level, DPAK (TO-252)",https://www.digikey.com/en/products/detail/infineon-technologies/IRLR024NTRPBF/812549,
Q89,1,IRLR024NTRPBF,Package_TO_SOT_SMD:TO-252-2,Infineon,IRLR024NTRPBF,"N-MOSFET 55 V 17 A 65 mOhm @10 V / 40 mOhm @4.5 V logic-level, DPAK (TO-252)",https://www.digikey.com/en/products/detail/infineon-technologies/IRLR024NTRPBF/812549,
Q90,1,IRLR024NTRPBF,Package_TO_SOT_SMD:TO-252-2,Infineon,IRLR024NTRPBF,"N-MOSFET 55 V 17 A 65 mOhm @10 V / 40 mOhm @4.5 V logic-level, DPAK (TO-252)",https://www.digikey.com/en/products/detail/infineon-technologies/IRLR024NTRPBF/812549,
R142,1,10K,Resistor_SMD:R_0805_2012Metric,Yageo,RC0805FR-0710KL,"Resistor 10K 1% 0.125 W, 0805",https://www.digikey.com/en/products/result?keywords=RC0805FR-0710KL,
R143,1,10K,Resistor_SMD:R_0805_2012Metric,Yageo,RC0805FR-0710KL,"Resistor 10K 1% 0.125 W, 0805",https://www.digikey.com/en/products/result?keywords=RC0805FR-0710KL,
R144,1,10K,Resistor_SMD:R_0805_2012Metric,Yageo,RC0805FR-0710KL,"Resistor 10K 1% 0.125 W, 0805",https://www.digikey.com/en/products/result?keywords=RC0805FR-0710KL,
R145,1,10K,Resistor_SMD:R_0805_2012Metric,Yageo,RC0805FR-0710KL,"Resistor 10K 1% 0.125 W, 0805",https://www.digikey.com/en/products/result?keywords=RC0805FR-0710KL,
R146,1,10K,Resistor_SMD:R_0805_2012Metric,Yageo,RC0805FR-0710KL,"Resistor 10K 1% 0.125 W, 0805",https://www.digikey.com/en/products/result?keywords=RC0805FR-0710KL,
R147,1,10K,Resistor_SMD:R_0805_2012Metric,Yageo,RC0805FR-0710KL,"Resistor 10K 1% 0.125 W, 0805",https://www.digikey.com/en/products/result?keywords=RC0805FR-0710KL,
R148,1,10K,Resistor_SMD:R_0805_2012Metric,Yageo,RC0805FR-0710KL,"Resistor 10K 1% 0.125 W, 0805",https://www.digikey.com/en/products/result?keywords=RC0805FR-0710KL,
R149,1,10K,Resistor_SMD:R_0805_2012Metric,Yageo,RC0805FR-0710KL,"Resistor 10K 1% 0.125 W, 0805",https://www.digikey.com/en/products/result?keywords=RC0805FR-0710KL,
R150,1,0.22R,Resistor_SMD:R_2512_6332Metric,Yageo,RL2512FK-070R22L,"Resistor 0.22 R 1% 1 W current sense, 2512",https://www.digikey.com/en/products/detail/yageo/RL2512FK-070R22L/2827691,
R151,1,0.22R,Resistor_SMD:R_2512_6332Metric,Yageo,RL2512FK-070R22L,"Resistor 0.22 R 1% 1 W current sense, 2512",https://www.digikey.com/en/products/detail/yageo/RL2512FK-070R22L/2827691,
R152,1,0.22R,Resistor_SMD:R_2512_6332Metric,Yageo,RL2512FK-070R22L,"Resistor 0.22 R 1% 1 W current sense, 2512",https://www.digikey.com/en/products/detail/yageo/RL2512FK-070R22L/2827691,
R153,1,0.22R,Resistor_SMD:R_2512_6332Metric,Yageo,RL2512FK-070R22L,"Resistor 0.22 R 1% 1 W current sense, 2512",https://www.digikey.com/en/products/detail/yageo/RL2512FK-070R22L/2827691,
R154,1,1K,Resistor_SMD:R_0805_2012Metric,Yageo,RC0805FR-071KL,"Resistor 1K 1% 0.125 W, 0805",https://www.digikey.com/en/products/result?keywords=RC0805FR-071KL,
R155,1,100,Resistor_SMD:R_0805_2012Metric,Yageo,RC0805FR-07100RL,"Resistor 100R 1% 0.125 W, 0805",https://www.digikey.com/en/products/result?keywords=RC0805FR-07100RL,
R156,1,1K,Resistor_SMD:R_0805_2012Metric,Yageo,RC0805FR-071KL,"Resistor 1K 1% 0.125 W, 0805",https://www.digikey.com/en/products/result?keywords=RC0805FR-071KL,
R157,1,100,Resistor_SMD:R_0805_2012Metric,Yageo,RC0805FR-07100RL,"Resistor 100R 1% 0.125 W, 0805",https://www.digikey.com/en/products/result?keywords=RC0805FR-07100RL,
R158,1,1K,Resistor_SMD:R_0805_2012Metric,Yageo,RC0805FR-071KL,"Resistor 1K 1% 0.125 W, 0805",https://www.digikey.com/en/products/result?keywords=RC0805FR-071KL,
R159,1,100,Resistor_SMD:R_0805_2012Metric,Yageo,RC0805FR-07100RL,"Resistor 100R 1% 0.125 W, 0805",https://www.digikey.com/en/products/result?keywords=RC0805FR-07100RL,
R160,1,1K,Resistor_SMD:R_0805_2012Metric,Yageo,RC0805FR-071KL,"Resistor 1K 1% 0.125 W, 0805",https://www.digikey.com/en/products/result?keywords=RC0805FR-071KL,
R161,1,100,Resistor_SMD:R_0805_2012Metric,Yageo,RC0805FR-07100RL,"Resistor 100R 1% 0.125 W, 0805",https://www.digikey.com/en/products/result?keywords=RC0805FR-07100RL,
R162,1,1K,Resistor_SMD:R_0805_2012Metric,Yageo,RC0805FR-071KL,"Resistor 1K 1% 0.125 W, 0805",https://www.digikey.com/en/products/result?keywords=RC0805FR-071KL,
R164,1,1K,Resistor_SMD:R_0805_2012Metric,Yageo,RC0805FR-071KL,"Resistor 1K 1% 0.125 W, 0805",https://www.digikey.com/en/products/result?keywords=RC0805FR-071KL,
R165,1,100,Resistor_SMD:R_0805_2012Metric,Yageo,RC0805FR-07100RL,"Resistor 100R 1% 0.125 W, 0805",https://www.digikey.com/en/products/result?keywords=RC0805FR-07100RL,
R166,1,1K,Resistor_SMD:R_0805_2012Metric,Yageo,RC0805FR-071KL,"Resistor 1K 1% 0.125 W, 0805",https://www.digikey.com/en/products/result?keywords=RC0805FR-071KL,
R167,1,100,Resistor_SMD:R_0805_2012Metric,Yageo,RC0805FR-07100RL,"Resistor 100R 1% 0.125 W, 0805",https://www.digikey.com/en/products/result?keywords=RC0805FR-07100RL,
R168,1,1K,Resistor_SMD:R_0805_2012Metric,Yageo,RC0805FR-071KL,"Resistor 1K 1% 0.125 W, 0805",https://www.digikey.com/en/products/result?keywords=RC0805FR-071KL,
R169,1,100,Resistor_SMD:R_0805_2012Metric,Yageo,RC0805FR-07100RL,"Resistor 100R 1% 0.125 W, 0805",https://www.digikey.com/en/products/result?keywords=RC0805FR-07100RL,
R170,1,1K,Resistor_SMD:R_0805_2012Metric,Yageo,RC0805FR-071KL,"Resistor 1K 1% 0.125 W, 0805",https://www.digikey.com/en/products/result?keywords=RC0805FR-071KL,
R171,1,100,Resistor_SMD:R_0805_2012Metric,Yageo,RC0805FR-07100RL,"Resistor 100R 1% 0.125 W, 0805",https://www.digikey.com/en/products/result?keywords=RC0805FR-07100RL,
R172,1,0.22R,Resistor_SMD:R_2512_6332Metric,Yageo,RL2512FK-070R22L,"Resistor 0.22 R 1% 1 W current sense, 2512",https://www.digikey.com/en/products/detail/yageo/RL2512FK-070R22L/2827691,
R173,1,0.22R,Resistor_SMD:R_2512_6332Metric,Yageo,RL2512FK-070R22L,"Resistor 0.22 R 1% 1 W current sense, 2512",https://www.digikey.com/en/products/detail/yageo/RL2512FK-070R22L/2827691,
R174,1,0.22R,Resistor_SMD:R_2512_6332Metric,Yageo,RL2512FK-070R22L,"Resistor 0.22 R 1% 1 W current sense, 2512",https://www.digikey.com/en/products/detail/yageo/RL2512FK-070R22L/2827691,
R175,1,0.22R,Resistor_SMD:R_2512_6332Metric,Yageo,RL2512FK-070R22L,"Resistor 0.22 R 1% 1 W current sense, 2512",https://www.digikey.com/en/products/detail/yageo/RL2512FK-070R22L/2827691,
R301,1,10K,Resistor_SMD:R_0805_2012Metric,Yageo,RC0805FR-0710KL,"Resistor 10K 1% 0.125 W, 0805",https://www.digikey.com/en/products/result?keywords=RC0805FR-0710KL,
R302,1,10K,Resistor_SMD:R_0805_2012Metric,Yageo,RC0805FR-0710KL,"Resistor 10K 1% 0.125 W, 0805",https://www.digikey.com/en/products/result?keywords=RC0805FR-0710KL,
R303,1,10K,Resistor_SMD:R_0805_2012Metric,Yageo,RC0805FR-0710KL,"Resistor 10K 1% 0.125 W, 0805",https://www.digikey.com/en/products/result?keywords=RC0805FR-0710KL,
R304,1,10K,Resistor_SMD:R_0805_2012Metric,Yageo,RC0805FR-0710KL,"Resistor 10K 1% 0.125 W, 0805",https://www.digikey.com/en/products/result?keywords=RC0805FR-0710KL,
R305,1,10K,Resistor_SMD:R_0805_2012Metric,Yageo,RC0805FR-0710KL,"Resistor 10K 1% 0.125 W, 0805",https://www.digikey.com/en/products/result?keywords=RC0805FR-0710KL,
R306,1,10K,Resistor_SMD:R_0805_2012Metric,Yageo,RC0805FR-0710KL,"Resistor 10K 1% 0.125 W, 0805",https://www.digikey.com/en/products/result?keywords=RC0805FR-0710KL,
R307,1,10K,Resistor_SMD:R_0805_2012Metric,Yageo,RC0805FR-0710KL,"Resistor 10K 1% 0.125 W, 0805",https://www.digikey.com/en/products/result?keywords=RC0805FR-0710KL,
R308,1,10K,Resistor_SMD:R_0805_2012Metric,Yageo,RC0805FR-0710KL,"Resistor 10K 1% 0.125 W, 0805",https://www.digikey.com/en/products/result?keywords=RC0805FR-0710KL,
U10,1,74HCT74,Package_SO:SOIC-14_3.9x8.7mm_P1.27mm,Texas Instruments,SN74HCT74DR,"Dual D flip-flop with preset/clear, SOIC-14",https://www.digikey.com/en/products/detail/texas-instruments/SN74HCT74DR/276479,
U11,1,74HCT74,Package_SO:SOIC-14_3.9x8.7mm_P1.27mm,Texas Instruments,SN74HCT74DR,"Dual D flip-flop with preset/clear, SOIC-14",https://www.digikey.com/en/products/detail/texas-instruments/SN74HCT74DR/276479,
U12,1,74HCT74,Package_SO:SOIC-14_3.9x8.7mm_P1.27mm,Texas Instruments,SN74HCT74DR,"Dual D flip-flop with preset/clear, SOIC-14",https://www.digikey.com/en/products/detail/texas-instruments/SN74HCT74DR/276479,
U13,1,74HCT74,Package_SO:SOIC-14_3.9x8.7mm_P1.27mm,Texas Instruments,SN74HCT74DR,"Dual D flip-flop with preset/clear, SOIC-14",https://www.digikey.com/en/products/detail/texas-instruments/SN74HCT74DR/276479,
U15,1,LM339DR,Package_SO:SOIC-14_3.9x8.7mm_P1.27mm,Texas Instruments,LM339DR,"Quad comparator, SOIC-14",https://www.digikey.com/en/products/detail/texas-instruments/LM339DR/276657,
U16,1,LM339DR,Package_SO:SOIC-14_3.9x8.7mm_P1.27mm,Texas Instruments,LM339DR,"Quad comparator, SOIC-14",https://www.digikey.com/en/products/detail/texas-instruments/LM339DR/276657,
B1,1,100nF,Capacitor_SMD:C_0805_2012Metric,Samsung,CL21B104KBCNNNC,Bypass 100 nF 50 V X7R 0805,https://www.digikey.com/en/products/detail/samsung-electro-mechanics/CL21B104KBCNNNC/3886661,
D35,1,S1M (DNP),Diode_SMD:D_SMA,Diodes Inc,S1M-13-F,Relay coil diode (DNP),https://www.digikey.com/en/products/detail/diodes-incorporated/S1M-13-F/804909,yes
F101,2,no fuse (clips only),Fuse:Fuseholder_Clip-5x20mm_Keystone_3517_Inline_P23.11x6.76mm_D1.70mm_Horizontal,Keystone,3517,"Fuse clips only (left flipper fuse, not used on Fliptronic games)",https://www.digikey.com/en/products/detail/keystone-electronics/3517/316010,
F102,2,no fuse (clips only),Fuse:Fuseholder_Clip-5x20mm_Keystone_3517_Inline_P23.11x6.76mm_D1.70mm_Horizontal,Keystone,3517,"Fuse clips only (right flipper fuse, not used on Fliptronic games)",https://www.digikey.com/en/products/detail/keystone-electronics/3517/316010,
F106,1,5A S.B.,Fuse:Fuseholder_Clip-5x20mm_Keystone_3517_Inline_P23.11x6.76mm_D1.70mm_Horizontal,Littelfuse,0239005.MXP,"Fuse 5 A Slo-Blo 5x20 mm (Keystone 3517 clips), G.I. string #5",https://www.digikey.com/en/products/detail/littelfuse-inc/0239005-MXP/778232,
F107,1,5A S.B.,Fuse:Fuseholder_Clip-5x20mm_Keystone_3517_Inline_P23.11x6.76mm_D1.70mm_Horizontal,Littelfuse,0239005.MXP,"Fuse 5 A Slo-Blo 5x20 mm (Keystone 3517 clips), G.I. string #4",https://www.digikey.com/en/products/detail/littelfuse-inc/0239005-MXP/778232,
F108,1,5A S.B.,Fuse:Fuseholder_Clip-5x20mm_Keystone_3517_Inline_P23.11x6.76mm_D1.70mm_Horizontal,Littelfuse,0239005.MXP,"Fuse 5 A Slo-Blo 5x20 mm (Keystone 3517 clips), G.I. string #3",https://www.digikey.com/en/products/detail/littelfuse-inc/0239005-MXP/778232,
F109,1,5A S.B.,Fuse:Fuseholder_Clip-5x20mm_Keystone_3517_Inline_P23.11x6.76mm_D1.70mm_Horizontal,Littelfuse,0239005.MXP,"Fuse 5 A Slo-Blo 5x20 mm (Keystone 3517 clips), G.I. string #2",https://www.digikey.com/en/products/detail/littelfuse-inc/0239005-MXP/778232,
F110,1,5A S.B.,Fuse:Fuseholder_Clip-5x20mm_Keystone_3517_Inline_P23.11x6.76mm_D1.70mm_Horizontal,Littelfuse,0239005.MXP,"Fuse 5 A Slo-Blo 5x20 mm (Keystone 3517 clips), G.I. string #1",https://www.digikey.com/en/products/detail/littelfuse-inc/0239005-MXP/778232,
J105,1,"J105 fused 51VAC (F112, pins 1/2) and fused 16VAC (F111, pins 4/5) to the playfield - parallel to J104 as on A-12697 sheet 1 (N/C on STTNG)",Connector_Molex:Molex_KK-396_A-41791-0005_1x05_P3.96mm_Vertical,Molex,0026604050,"J105 fused 51VAC (F112, pins 1/2) and fused 16VAC (F111, pins 4/5) to the playfield - parallel to J104 as on A-12697 sheet 1 (N/C on STTNG)",https://www.digikey.com/en/products/result?keywords=0026604050,
J115,1,"J115 G.I. 6.3VAC from transformer: 2-6 string hot ends (one fuse each), 7/8/10/11/12 winding return ends (triac MT1), 1 = GND REF",Connector_Molex:Molex_KK-396_A-41791-0012_1x12_P3.96mm_Vertical,Molex,0026604120,"J115 G.I. 6.3VAC from transformer: 2-6 string hot ends (one fuse each), 7/8/10/11/12 winding return ends (triac MT1), 1 = GND REF",https://www.digikey.com/en/products/result?keywords=0026604120,
J119,1,J119 G.I. coin door (string 5),Connector_Molex:Molex_KK-396_A-41791-0003_1x03_P3.96mm_Vertical,Molex,0026604030,J119 G.I. coin door (string 5),https://www.digikey.com/en/products/result?keywords=0026604030,
J120,1,"J120 G.I. strings 1-5 (backbox harness uses strings 2,3)",Connector_Molex:Molex_KK-396_A-41791-0011_1x11_P3.96mm_Vertical,Molex,0026604110,"J120 G.I. strings 1-5 (backbox harness uses strings 2,3)",https://www.digikey.com/en/products/result?keywords=0026604110,
J121,1,"J121 G.I. strings 1-5 (playfield harness uses strings 1,4,5)",Connector_Molex:Molex_KK-396_A-41791-0011_1x11_P3.96mm_Vertical,Molex,0026604110,"J121 G.I. strings 1-5 (playfield harness uses strings 1,4,5)",https://www.digikey.com/en/products/result?keywords=0026604110,
Q3,1,IPD90N10S4L06ATMA1,Package_TO_SOT_SMD:TO-252-2,Infineon,IPD90N10S4L06ATMA1,"N-MOSFET 100 V, 8.1 mOhm max at 4.5 V, DPAK G-D-S, RthJA 62 C/W minimal footprint; upgraded solenoid driver",https://www.infineon.com/part/IPD90N10S4L-06,yes
Q9,1,MMBT4401,Package_TO_SOT_SMD:SOT-23,Diodes Inc,MMBT4401-7-F,NPN emitter follower (triac gate drive),https://www.digikey.com/en/products/detail/diodes-incorporated/MMBT4401-7-F/775841,
Q10,1,BTA16-600CRG,Package_TO_SOT_THT:TO-220-3_Vertical,STMicroelectronics,BTA16-600CRG,"Triac 16 A 600 V, 4-quadrant (Igt 25/50 mA), insulated TO-220AB",https://www.digikey.com/en/products/detail/stmicroelectronics/BTA16-600CRG/669145,
Q11,1,MMBT4401,Package_TO_SOT_SMD:SOT-23,Diodes Inc,MMBT4401-7-F,NPN emitter follower (triac gate drive),https://www.digikey.com/en/products/detail/diodes-incorporated/MMBT4401-7-F/775841,
Q12,1,BTA16-600CRG,Package_TO_SOT_THT:TO-220-3_Vertical,STMicroelectronics,BTA16-600CRG,"Triac 16 A 600 V, 4-quadrant (Igt 25/50 mA), insulated TO-220AB",https://www.digikey.com/en/products/detail/stmicroelectronics/BTA16-600CRG/669145,
Q13,1,MMBT4401,Package_TO_SOT_SMD:SOT-23,Diodes Inc,MMBT4401-7-F,NPN emitter follower (triac gate drive),https://www.digikey.com/en/products/detail/diodes-incorporated/MMBT4401-7-F/775841,
Q14,1,BTA16-600CRG,Package_TO_SOT_THT:TO-220-3_Vertical,STMicroelectronics,BTA16-600CRG,"Triac 16 A 600 V, 4-quadrant (Igt 25/50 mA), insulated TO-220AB",https://www.digikey.com/en/products/detail/stmicroelectronics/BTA16-600CRG/669145,
Q15,1,MMBT4401,Package_TO_SOT_SMD:SOT-23,Diodes Inc,MMBT4401-7-F,NPN emitter follower (triac gate drive),https://www.digikey.com/en/products/detail/diodes-incorporated/MMBT4401-7-F/775841,
Q16,1,BTA16-600CRG,Package_TO_SOT_THT:TO-220-3_Vertical,STMicroelectronics,BTA16-600CRG,"Triac 16 A 600 V, 4-quadrant (Igt 25/50 mA), insulated TO-220AB",https://www.digikey.com/en/products/detail/stmicroelectronics/BTA16-600CRG/669145,
Q17,1,MMBT4401,Package_TO_SOT_SMD:SOT-23,Diodes Inc,MMBT4401-7-F,NPN emitter follower (triac gate drive),https://www.digikey.com/en/products/detail/diodes-incorporated/MMBT4401-7-F/775841,
Q18,1,BTA16-600CRG,Package_TO_SOT_THT:TO-220-3_Vertical,STMicroelectronics,BTA16-600CRG,"Triac 16 A 600 V, 4-quadrant (Igt 25/50 mA), insulated TO-220AB",https://www.digikey.com/en/products/detail/stmicroelectronics/BTA16-600CRG/669145,
R7,1,27,Resistor_SMD:R_2512_6332Metric,Yageo,RC2512JK-0727RL,Resistor 27 R 5% 1 W 2512 (triac gate),https://www.digikey.com/en/products/result?keywords=RC2512JK-0727RL,
R8,1,470,Resistor_SMD:R_0805_2012Metric,Yageo,RC0805FR-07470RL,"Resistor 470R 1% 0.125 W, 0805",https://www.digikey.com/en/products/result?keywords=RC0805FR-07470RL,
R9,1,10K,Resistor_SMD:R_0805_2012Metric,Yageo,RC0805FR-0710KL,"Resistor 10K 1% 0.125 W, 0805",https://www.digikey.com/en/products/result?keywords=RC0805FR-0710KL,
R10,1,27,Resistor_SMD:R_2512_6332Metric,Yageo,RC2512JK-0727RL,Resistor 27 R 5% 1 W 2512 (triac gate),https://www.digikey.com/en/products/result?keywords=RC2512JK-0727RL,
R11,1,470,Resistor_SMD:R_0805_2012Metric,Yageo,RC0805FR-07470RL,"Resistor 470R 1% 0.125 W, 0805",https://www.digikey.com/en/products/result?keywords=RC0805FR-07470RL,
R12,1,10K,Resistor_SMD:R_0805_2012Metric,Yageo,RC0805FR-0710KL,"Resistor 10K 1% 0.125 W, 0805",https://www.digikey.com/en/products/result?keywords=RC0805FR-0710KL,
R13,1,27,Resistor_SMD:R_2512_6332Metric,Yageo,RC2512JK-0727RL,Resistor 27 R 5% 1 W 2512 (triac gate),https://www.digikey.com/en/products/result?keywords=RC2512JK-0727RL,
R14,1,470,Resistor_SMD:R_0805_2012Metric,Yageo,RC0805FR-07470RL,"Resistor 470R 1% 0.125 W, 0805",https://www.digikey.com/en/products/result?keywords=RC0805FR-07470RL,
R15,1,10K,Resistor_SMD:R_0805_2012Metric,Yageo,RC0805FR-0710KL,"Resistor 10K 1% 0.125 W, 0805",https://www.digikey.com/en/products/result?keywords=RC0805FR-0710KL,
R16,1,27,Resistor_SMD:R_2512_6332Metric,Yageo,RC2512JK-0727RL,Resistor 27 R 5% 1 W 2512 (triac gate),https://www.digikey.com/en/products/result?keywords=RC2512JK-0727RL,
R17,1,470,Resistor_SMD:R_0805_2012Metric,Yageo,RC0805FR-07470RL,"Resistor 470R 1% 0.125 W, 0805",https://www.digikey.com/en/products/result?keywords=RC0805FR-07470RL,
R18,1,10K,Resistor_SMD:R_0805_2012Metric,Yageo,RC0805FR-0710KL,"Resistor 10K 1% 0.125 W, 0805",https://www.digikey.com/en/products/result?keywords=RC0805FR-0710KL,
R19,1,27,Resistor_SMD:R_2512_6332Metric,Yageo,RC2512JK-0727RL,Resistor 27 R 5% 1 W 2512 (triac gate),https://www.digikey.com/en/products/result?keywords=RC2512JK-0727RL,
R20,1,470,Resistor_SMD:R_0805_2012Metric,Yageo,RC0805FR-07470RL,"Resistor 470R 1% 0.125 W, 0805",https://www.digikey.com/en/products/result?keywords=RC0805FR-07470RL,
R21,1,10K,Resistor_SMD:R_0805_2012Metric,Yageo,RC0805FR-0710KL,"Resistor 10K 1% 0.125 W, 0805",https://www.digikey.com/en/products/result?keywords=RC0805FR-0710KL,
R202,1,100 (DNP),Resistor_SMD:R_0805_2012Metric,Yageo,RC0805FR-07100RL,"Resistor 100R 1% 0.125 W, 0805",https://www.digikey.com/en/products/result?keywords=RC0805FR-07100RL,yes
R209,1,10K (DNP),Resistor_SMD:R_0805_2012Metric,Yageo,RC0805FR-0710KL,"Resistor 10K 1% 0.125 W, 0805",https://www.digikey.com/en/products/result?keywords=RC0805FR-0710KL,yes
RLY1,1,G2RL-2 12V (DNP),Relay_THT:Relay_DPDT_Omron_G2RL-2,Omron,G2RL-2 DC12,Relay DPDT 12 V coil (DNP - Fliptronic games),https://www.digikey.com/en/products/result?keywords=G2RL-2 DC12,yes
U1,1,74HCT574,Package_SO:SOIC-20W_7.5x12.8mm_P1.27mm,Nexperia,"74HCT574D,653",G.I. / relay latch,https://www.digikey.com/en/products/detail/nexperia-usa-inc/74HCT574D-653/763412,
W1,1,0R,Resistor_SMD:R_2512_6332Metric,Yageo,RC2512JK-070RL,0 R link 2512: G.I. return bus (triac MT1 / J115 returns) to the logic ground reference (OEM: J115-1 GND REF at the transformer),https://www.digikey.com/en/products/result?keywords=RC2512JK-070RL,
F103-F116 clips,28,FUSECLIP,Mechanical,Keystone,3517,"Fuse clip 5 x 20 mm PCB mount, 15 A, tin (2 per fuse)",https://www.digikey.com/en/products/detail/keystone-electronics/3517/316010,
Heatsinks Q10 Q12 Q14 Q16 Q18,5,HS7020,Mechanical,Boyd (Aavid),7020BG,"Heatsink TO-220 bolt-on narrow channel with folded-back fins, 8.7 C/W, 33.0 x 11.9 x 36.8 mm, no PCB tabs (device screw only; #6 / M3 hole of the GBJ / GBU bridges)",https://www.digikey.com/en/products/detail/aavid-thermal-division-of-boyd-corporation/7020BG/1625705,
Heatsink BR3,1,HS6224,Mechanical,Boyd (Aavid),6223BG,"Heatsink square basket for bridge rectifiers, 9.4 C/W, 26.92 mm sq x 31.75 mm, 4.14 mm hole (M4 close clearance), sits on the metal base of the GBPC block",https://www.digikey.com/en/products/detail/boyd-laconia-llc/6223BG/1625608,
Heatsinks D101 D102 D103 D104,4,HS5772,Mechanical,Boyd (Aavid),577202B00000G,"TO-220 channel heatsink 13.21 x 12.70 x 19.05 mm, 24.4 C/W natural convection, direct tab mount; electrically live",https://www.digikey.com/en/products/detail/boyd-laconia-llc/577202B00000G/108322,
BR1 hardware,4,M3X8,Mechanical,BFirst Industrial,MPMS 003 0008 PH,"Screw M3 x 8 mm pan head Phillips, zinc; BR1 rectifier heatsinks",https://www.digikey.com/en/products/detail/bfirst-industrial/MPMS-003-0008-PH/274954,
BR1 hardware,4,M3NUT,Mechanical,B&F Fastener Supply,MHNZ 003,"Hex nut M3, zinc",https://www.digikey.com/en/products/result?keywords=MHNZ 003,
Assembly consumable; one syringe per build batch,1,THERMALPASTE,Mechanical,MG Chemicals,8616-3ML,"Silicone-free thermal paste, 3 mL syringe; thin bond line at all rectifier/triac heatsink interfaces, consumable per build batch",https://www.digikey.com/en/products/detail/mg-chemicals/8616-3ML/4899944,
Triac hardware,5,M3X12,Mechanical,B&F Fastener Supply,MPMS 003 0012 PH,"Screw M3 x 12 mm pan head Phillips, zinc (heatsink to TO-220 / GBJ / GBU)",https://www.digikey.com/en/products/result?keywords=MPMS 003 0012 PH,
Triac hardware,5,M3NUT,Mechanical,B&F Fastener Supply,MHNZ 003,"Hex nut M3, zinc",https://www.digikey.com/en/products/result?keywords=MHNZ 003,
BR3/H9 hardware,1,M4X16,Mechanical,Kanebridge,MJ416MPP,"M4 x 16 mm JIS-B1111 Phillips pan screw, zinc steel; 6.75 mm head diameter, 2.60 mm head height; BR3 / 6223BG hardware; distributor carton MOQ may exceed one-board quantity",https://legacy.kanebridge.com/kaneprls.asp?SellCode=MJ-MPP,
BR3 hardware,1,M4NUT,Mechanical,B&F Fastener Supply,MHNZ 004,"Hex nut M4, zinc",https://www.digikey.com/en/products/result?keywords=MHNZ 004,
